key,text,tag,file,type
VBE_PirateChef.title,Pirate chef,title,BackstoryDef/Vanilla_Expanded_Backstories.xml,def
VBE_PirateChef.titleShort,Chef,titleShort,BackstoryDef/Vanilla_Expanded_Backstories.xml,def
VBE_PirateChef.baseDesc,"[PAWN_nameDef] was the Chef on a pirate ship. Between meals, [PAWN_pronoun] told tall tales that kept the crew's morale high. The crew's loyalty to their chef was great, possibly even greater than to their captain...",baseDesc,BackstoryDef/Vanilla_Expanded_Backstories.xml,def
VBE_GeneModdedBeauty.title,Gene-modded beauty,title,BackstoryDef/Vanilla_Expanded_Backstories.xml,def
VBE_GeneModdedBeauty.titleShort,Beauty,titleShort,BackstoryDef/Vanilla_Expanded_Backstories.xml,def
VBE_GeneModdedBeauty.baseDesc,"[PAWN_nameDef] is the result of some of [PAWN_possessive] home glitterworld's most advanced cosmetic surgery. During [PAWN_possessive] life, [PAWN_pronoun] spent an untold fortune on [PAWN_possessive] looks and didn't have much time for to practice any more practical of skills.",baseDesc,BackstoryDef/Vanilla_Expanded_Backstories.xml,def
VBE_HumanFarm.title,Human farm,title,BackstoryDef/Vanilla_Expanded_Backstories.xml,def
VBE_HumanFarm.titleShort,Meat,titleShort,BackstoryDef/Vanilla_Expanded_Backstories.xml,def
VBE_HumanFarm.baseDesc,"[PAWN_nameDef] was made only for one purpose, consumption. Grown out of a spindly set of hormone and development injectors connected to a solution-filled tube, many years of [PAWN_possessive] life was spent peering out into the lab, where butchers and scientists went on with their daily lives. During a freak accident which collapsed the farm, [PAWN_nameDef] escaped.
This gave a basic understanding of human anatomy to [PAWN_nameDef], but scarred [PAWN_objective] for life.",baseDesc,BackstoryDef/Vanilla_Expanded_Backstories.xml,def
VBE_Housecarl.title,Housecarl,title,BackstoryDef/Vanilla_Expanded_Backstories.xml,def
VBE_Housecarl.titleShort,Housecarl,titleShort,BackstoryDef/Vanilla_Expanded_Backstories.xml,def
VBE_Housecarl.baseDesc,"[PAWN_nameDef] was a housecarl to a powerful chieftain. [PAWN_pronoun] was trained in a variety of weapons, and was always armed both on and off the field of battle. After a conflict with a more powerful clan left [PAWN_possessive] chieftain and many clan members dead, [PAWN_pronoun] left to find a new house to lend [PAWN_possessive] blade, or simply do something new entirely.",baseDesc,BackstoryDef/Vanilla_Expanded_Backstories.xml,def
VBE_FanaticInventor.title,Fanatic inventor,title,BackstoryDef/Vanilla_Expanded_Backstories.xml,def
VBE_FanaticInventor.titleShort,Inventor,titleShort,BackstoryDef/Vanilla_Expanded_Backstories.xml,def
VBE_FanaticInventor.baseDesc,"[PAWN_nameDef]'s love for machinery and engineering is downright fanatic. In [PAWN_possessive] Urbworld home, [PAWN_pronoun] made illegal drones, guns and machines, often being chased by the police. [PAWN_nameDef] doesn't see nature as anything other than a source of materials to be refined into something useful.",baseDesc,BackstoryDef/Vanilla_Expanded_Backstories.xml,def
VBE_CaveinSurvivor.title,Cave-in survivor,title,BackstoryDef/Vanilla_Expanded_Backstories.xml,def
VBE_CaveinSurvivor.titleShort,Survivor,titleShort,BackstoryDef/Vanilla_Expanded_Backstories.xml,def
VBE_CaveinSurvivor.baseDesc,"Forced into thralldom after [PAWN_possessive] clan was destroyed, [PAWN_nameDef] was quickly thrown into the mines, digging for precious metals. Due to a lack of safety and care for [PAWN_objective] life from [PAWN_objective] captors, the mine collapsed, leaving [PAWN_nameDef] as the only survivor. To ensure [PAWN_pronoun] never needs to return, [PAWN_pronoun] became an adept artisan, and would at times become violent when pressed towards the mines.",baseDesc,BackstoryDef/Vanilla_Expanded_Backstories.xml,def
VBE_IndustrialGunsmith.title,Industrial gunsmith,title,BackstoryDef/Vanilla_Expanded_Backstories.xml,def
VBE_IndustrialGunsmith.titleShort,Gunsmith,titleShort,BackstoryDef/Vanilla_Expanded_Backstories.xml,def
VBE_IndustrialGunsmith.baseDesc,"[PAWN_nameDef] spent most of [PAWN_possessive] days meticulously working at [PAWN_possessive] machining table to create firearms. [PAWN_pronoun] spent several hours at the gun range to test out [PAWN_possessive] new designs. However, spending so much time working with firearms has left [PAWN_objective] rather deficient in close range combat.",baseDesc,BackstoryDef/Vanilla_Expanded_Backstories.xml,def
VBE_SlaveTrader.title,Slave trader,title,BackstoryDef/Vanilla_Expanded_Backstories.xml,def
VBE_SlaveTrader.titleShort,Slaver,titleShort,BackstoryDef/Vanilla_Expanded_Backstories.xml,def
VBE_SlaveTrader.baseDesc,"Realizing the profit bodies bring when warm instead of cold, [PAWN_nameDef] would insist [PAWN_possessive] clan take as many prisoners as possible during a raid, employing nets, bolas, and other items that could be thrown towards those fleeing. When the fighting was over, [PAWN_pronoun] would travel, peddling [PAWN_possessive] wares in various kingdoms. Always having thralls around has made [PAWN_nameDef] adverse to so-called ""slave work,"" and generally less compassionate.",baseDesc,BackstoryDef/Vanilla_Expanded_Backstories.xml,def
VBE_ModelCitizen.title,Model citizen,title,BackstoryDef/Vanilla_Expanded_Backstories.xml,def
VBE_ModelCitizen.titleShort,Citizen,titleShort,BackstoryDef/Vanilla_Expanded_Backstories.xml,def
VBE_ModelCitizen.baseDesc,"[PAWN_nameDef] lived a criminal life, a very violent one, but was caught. Instead of being executed or sent to prison, [PAWN_pronoun] was sent to try an experimental psychological treatment that would make [PAWN_possessive] a good member of society again. While the nature and morality of the program was questionable, the results were definitive, [PAWN_pronoun] is now a model citizen.",baseDesc,BackstoryDef/Vanilla_Expanded_Backstories.xml,def
VBE_MidworldNomad.title,Midworld nomad,title,BackstoryDef/Vanilla_Expanded_Backstories.xml,def
VBE_MidworldNomad.titleShort,Nomad child,titleShort,BackstoryDef/Vanilla_Expanded_Backstories.xml,def
VBE_MidworldNomad.baseDesc,"[PAWN_nameDef] spent [PAWN_possessive] younger years on a midworld studying variety of both modern and historical subjects including agriculture, engineering and politics. After [PAWN_possessive] transport pod crashed on a Medieval world, [PAWN_nameDef] was heralded as a summoned champion sent by the Gods. In the next few years, [PAWN_pronoun] started to introduce several cultural, technological, and societal reforms that would drastically improve the quality of life on this world.",baseDesc,BackstoryDef/Vanilla_Expanded_Backstories.xml,def
VBE_DogWalker.title,Dog walker,title,BackstoryDef/Vanilla_Expanded_Backstories.xml,def
VBE_DogWalker.titleShort,Walker,titleShort,BackstoryDef/Vanilla_Expanded_Backstories.xml,def
VBE_DogWalker.baseDesc,"[PAWN_nameDef] enjoys being around animals so much, [PAWN_pronoun] volunteered at their local shelter to help walk the dogs and give them some exercise. That lasted until [PAWN_pronoun] realized how lucrative of a business it could be and [PAWN_nameDef] scaled up operations to become a full time dog walker with dozens of clients.",baseDesc,BackstoryDef/Vanilla_Expanded_Backstories.xml,def
VBE_StarfighterMaintainer.title,Starfighter maintainer,title,BackstoryDef/Vanilla_Expanded_Backstories.xml,def
VBE_StarfighterMaintainer.titleShort,Mechanic,titleShort,BackstoryDef/Vanilla_Expanded_Backstories.xml,def
VBE_StarfighterMaintainer.baseDesc,"[PAWN_nameDef] served on carrier ships in campaigns across [PAWN_possessive] home system, working to keep the starfighters and transports in fighting shape. While [PAWN_pronoun] knows just about everything there is to know about spacecraft maintenance, [PAWN_possessive] reliance on following repair manuals to the letter has had a negative impact on [PAWN_possessive] lateral thinking.",baseDesc,BackstoryDef/Vanilla_Expanded_Backstories.xml,def
VBE_Watchman.title,Watchman,title,BackstoryDef/Vanilla_Expanded_Backstories.xml,def
VBE_Watchman.titleShort,Watchman,titleShort,BackstoryDef/Vanilla_Expanded_Backstories.xml,def
VBE_Watchman.baseDesc,"Not the strongest fighter, [PAWN_nameDef] was placed on watchtower duty. Watching the comings and goings of those passing through the town's gate made for a very boring life, causing [PAWN_objective] to start cooking in [PAWN_possessive] wooden tower. One day [PAWN_pronoun] accidentally knocked over the cauldron, sending coals everywhere. The tower quickly caught ablaze and burned to ash. [PAWN_pronoun] survived, but was never the same around fire.",baseDesc,BackstoryDef/Vanilla_Expanded_Backstories.xml,def
VBE_FashionDesigner.title,Fashion designer,title,BackstoryDef/Vanilla_Expanded_Backstories.xml,def
VBE_FashionDesigner.titleShort,Seamstress,titleShort,BackstoryDef/Vanilla_Expanded_Backstories.xml,def
VBE_FashionDesigner.baseDesc,"[PAWN_nameDef] always said the world was never ready for [PAWN_possessive] creations, but [PAWN_pronoun] was going to be fabulous anyway. With [PAWN_possessive] trusty sewing machine, [PAWN_nameDef] went from runway to runway trying to make a name for [PAWN_objective]self.",baseDesc,BackstoryDef/Vanilla_Expanded_Backstories.xml,def
VBE_AimlessDilettante.title,Aimless dilettante,title,BackstoryDef/Vanilla_Expanded_Backstories.xml,def
VBE_AimlessDilettante.titleShort,Dilettante,titleShort,BackstoryDef/Vanilla_Expanded_Backstories.xml,def
VBE_AimlessDilettante.baseDesc,"[PAWN_nameDef] was born into privilege but never quite knew what to do with [PAWN_possessive] life. Despite skilled tutors for everything from fencing to horticulture, [PAWN_pronoun] never really excelled at anything.",baseDesc,BackstoryDef/Vanilla_Expanded_Backstories.xml,def
VBE_CannibalisticSurgeon.title,Cannibalistic surgeon,title,BackstoryDef/Vanilla_Expanded_Backstories.xml,def
VBE_CannibalisticSurgeon.titleShort,Surgeon,titleShort,BackstoryDef/Vanilla_Expanded_Backstories.xml,def
VBE_CannibalisticSurgeon.baseDesc,"[PAWN_nameDef] was a surgeon at a prestigious institution until [PAWN_possessive] tendency to take 'culinary liberties' with the deceased was revealed. Rather than damage [PAWN_possessive] reputation by going public, [PAWN_pronoun] was offered a one way trip to a distant rimworld as a 'retirement package'.",baseDesc,BackstoryDef/Vanilla_Expanded_Backstories.xml,def
VBE_LoneTraveller.title,Lone traveller,title,BackstoryDef/Vanilla_Expanded_Backstories.xml,def
VBE_LoneTraveller.titleShort,Traveller,titleShort,BackstoryDef/Vanilla_Expanded_Backstories.xml,def
VBE_LoneTraveller.baseDesc,"[PAWN_nameDef] dedicated [PAWN_possessive] life to travelling all across the world, with no specific destiny or reason. Many joined and leaved [PAWN_nameDef]'s travels throughout the time, and during which [PAWN_pronoun] learned many different skills. Given the nature of [PAWN_possessive] life, [PAWN_nameDef] learned to live life with no great comforts.",baseDesc,BackstoryDef/Vanilla_Expanded_Backstories.xml,def
VBE_TroupeChild.title,Troupe child,title,BackstoryDef/Vanilla_Expanded_Backstories.xml,def
VBE_TroupeChild.titleShort,Troupe Child,titleShort,BackstoryDef/Vanilla_Expanded_Backstories.xml,def
VBE_TroupeChild.baseDesc,"[PAWN_nameDef] was born into a traveling troupe family, but never fell into the craft. As such, [PAWN_pronoun] relegated [PAWN_objective]self to odd jobs and keeping [PAWN_possessive] head down, which [PAWN_pronoun] thrived at. The nomadic nature of [PAWN_possessive] family, however, made it so [PAWN_pronoun] did not make many friends.",baseDesc,BackstoryDef/Vanilla_Expanded_Backstories.xml,def
VBE_LivingCure.title,Living cure,title,BackstoryDef/Vanilla_Expanded_Backstories.xml,def
VBE_LivingCure.titleShort,Living Cure,titleShort,BackstoryDef/Vanilla_Expanded_Backstories.xml,def
VBE_LivingCure.baseDesc,"When [PAWN_nameDef] was going through a checkup after [PAWN_pronoun] was born, doctors found out [PAWN_pronoun] was immune to a variety of diseases due to an extremely rare mutation, and that [PAWN_possessive] blood could be used to treat many illnesses first thought to be terminal. This led to [PAWN_nameDef] having to stay in the hospital to work as a living cure, and [PAWN_pronoun] was not allowed to leave.",baseDesc,BackstoryDef/Vanilla_Expanded_Backstories.xml,def
VBE_Cannonfodder.title,Cannonfodder,title,BackstoryDef/Vanilla_Expanded_Backstories.xml,def
VBE_Cannonfodder.titleShort,Cannonfodder,titleShort,BackstoryDef/Vanilla_Expanded_Backstories.xml,def
VBE_Cannonfodder.baseDesc,"[PAWN_nameDef] didn't have any opportunities or connections with influential individuals after reaching adulthood. Knowing [PAWN_possessive] only opportunity was to join the military, [PAWN_pronoun] enlisted into the lowest ranks of the army.",baseDesc,BackstoryDef/Vanilla_Expanded_Backstories.xml,def
VBE_CyberDilettante.title,Cyber dilettante,title,BackstoryDef/Vanilla_Expanded_Backstories.xml,def
VBE_CyberDilettante.titleShort,Techie,titleShort,BackstoryDef/Vanilla_Expanded_Backstories.xml,def
VBE_CyberDilettante.baseDesc,"[PAWN_nameDef] is in love with software and cyberspace, with the potential to connect people across vast distances and enhance their abilities with the speedy precision of mechanized computation. [PAWN_pronoun] has always wanted to be a coder and is full of ideas [PAWN_pronoun]'d love to implement... if [PAWN_pronoun] was any good at coding. Unfortunately, [PAWN_possessive] talents lie elsewhere.",baseDesc,BackstoryDef/Vanilla_Expanded_Backstories.xml,def
VBE_TombMaker.title,Tomb maker,title,BackstoryDef/Vanilla_Expanded_Backstories.xml,def
VBE_TombMaker.titleShort,Sepulcherist,titleShort,BackstoryDef/Vanilla_Expanded_Backstories.xml,def
VBE_TombMaker.baseDesc,"When [PAWN_nameDef] was young, a lethal pox swept through [PAWN_possessive] settlement, killing four out of every five people. Old enough to use a shovel, [PAWN_pronoun] dug graves for many people [PAWN_pronoun] knew and loved, but burial wasn't enough to honor them. [PAWN_pronoun] would routinely return over the years and gradually erect ornamented tombs for the fallen.",baseDesc,BackstoryDef/Vanilla_Expanded_Backstories.xml,def
VBE_GeneticReincarnation.title,Genetic reincarnation,title,BackstoryDef/Vanilla_Expanded_Backstories.xml,def
VBE_GeneticReincarnation.titleShort,Reincarnation,titleShort,BackstoryDef/Vanilla_Expanded_Backstories.xml,def
VBE_GeneticReincarnation.baseDesc,"[PAWN_nameDef] was vat-grown as a genetic clone of an ancient philosopher-tyrant. Beheld as a celebrity of cultural revitalization from infanthood, [PAWN_pronoun] was simultaneously doted upon and stifled, everyone demanding [PAWN_objective] to act exactly as [PAWN_pronoun] did in [PAWN_possessive] previous life.",baseDesc,BackstoryDef/Vanilla_Expanded_Backstories.xml,def
VBE_DrillOperator.title,Drill operator,title,BackstoryDef/Vanilla_Expanded_Backstories.xml,def
VBE_DrillOperator.titleShort,Driller,titleShort,BackstoryDef/Vanilla_Expanded_Backstories.xml,def
VBE_DrillOperator.baseDesc,"[PAWN_nameDef] was employed in a crust-penetrating mining operation gone wrong. [PAWN_nameDef] was one of the few survivors, and with the others, [PAWN_pronoun] brought a legal case against the mining company on the basis that they'd covered up the discovery of insectoid infestation to secure more profits. When the company started silencing the survivors, [PAWN_pronoun] stowed away on a starship for safety's sake.",baseDesc,BackstoryDef/Vanilla_Expanded_Backstories.xml,def
VBE_WalkerEngineer.title,Walker engineer,title,BackstoryDef/Vanilla_Expanded_Backstories.xml,def
VBE_WalkerEngineer.titleShort,Engineer,titleShort,BackstoryDef/Vanilla_Expanded_Backstories.xml,def
VBE_WalkerEngineer.baseDesc,"Always eager for a challenge, [PAWN_nameDef] worked on various military vehicles, including the frightening Warwalkers. A tough and sweaty job with high risk of limb injury, [PAWN_nameDef] adapted quickly to strenuous work cycles. This cost [PAWN_objective] [PAWN_possessive] creativity, however, and left little time for other hobbies.",baseDesc,BackstoryDef/Vanilla_Expanded_Backstories.xml,def
VBE_Freak.title,Freak,title,BackstoryDef/Vanilla_Expanded_Backstories.xml,def
VBE_Freak.titleShort,Freak,titleShort,BackstoryDef/Vanilla_Expanded_Backstories.xml,def
VBE_Freak.baseDesc,"[PAWN_nameDef] was born heavily deformed. [PAWN_pronoun] was sold a space circus and travelled between worlds. There, people paid to watch [PAWN_objective] perform various shows. One day, as the company was travelling to a nearby space station, [PAWN_nameDef] managed to escape.",baseDesc,BackstoryDef/Vanilla_Expanded_Backstories.xml,def
VBE_Propagandist.title,Propagandist,title,BackstoryDef/Vanilla_Expanded_Backstories.xml,def
VBE_Propagandist.titleShort,Propagandist,titleShort,BackstoryDef/Vanilla_Expanded_Backstories.xml,def
VBE_Propagandist.baseDesc,"[PAWN_nameDef] got a job as a reporter, but eventually noticed that [PAWN_possessive] work was often edited before release, with many aspects being omitted or rewritten entirely. When [PAWN_pronoun] brought it up with upper management and was told the choice was truth or success... [PAWN_pronoun] chose the latter. It used to keep [PAWN_objective] up at night, but money is money and fame is fame.",baseDesc,BackstoryDef/Vanilla_Expanded_Backstories.xml,def
VBE_LighthouseKeeper.title,Lighthouse keeper,title,BackstoryDef/Vanilla_Expanded_Backstories.xml,def
VBE_LighthouseKeeper.titleShort,Keeper,titleShort,BackstoryDef/Vanilla_Expanded_Backstories.xml,def
VBE_LighthouseKeeper.baseDesc,"A solitary individual, [PAWN_nameDef] has spent a large portion of [PAWN_possessive] life tending to the (mostly) automated lighthouse space stations. Feeding navigational information to ships of many eras, these quiet postings were often considered punishments by those who worked them. [PAWN_nameDef] disagrees, however, and the quiet was wonderful for [PAWN_objective] and [PAWN_possessive] art.",baseDesc,BackstoryDef/Vanilla_Expanded_Backstories.xml,def
VBE_AtomicBombardier.title,Atomic bombardier,title,BackstoryDef/Vanilla_Expanded_Backstories.xml,def
VBE_AtomicBombardier.titleShort,Bombardier,titleShort,BackstoryDef/Vanilla_Expanded_Backstories.xml,def
VBE_AtomicBombardier.baseDesc,"[PAWN_nameDef] was responsible for lining up and releasing nuclear bombs over enemy territory. During [PAWN_possessive] years of service, [PAWN_possessive] aim became very accurate, and [PAWN_possessive]  mind desensitized to death.",baseDesc,BackstoryDef/Vanilla_Expanded_Backstories.xml,def
VBE_BureaucraticProgrammer.title,Bureaucratic programmer,title,BackstoryDef/Vanilla_Expanded_Backstories.xml,def
VBE_BureaucraticProgrammer.titleShort,bureaucrat,titleShort,BackstoryDef/Vanilla_Expanded_Backstories.xml,def
VBE_BureaucraticProgrammer.baseDesc,"[PAWN_nameDef] spent [PAWN_possessive] adult life coding programs to extract data from bureaucratic forms so they could automatically fill out other forms. Of course, since other bureaucrats legally had to double-check [PAWN_possessive] program's results, the actual work savings were marginal at best. [PAWN_pronoun] has spent too much time behind a desk to be much use at manual labor.",baseDesc,BackstoryDef/Vanilla_Expanded_Backstories.xml,def
VBE_Barber.title,Barber,title,BackstoryDef/Vanilla_Expanded_Backstories.xml,def
VBE_Barber.titleShort,Barber,titleShort,BackstoryDef/Vanilla_Expanded_Backstories.xml,def
VBE_Barber.baseDesc,"[PAWN_nameDef] worked as a barber, cutting and styling hair. [PAWN_pronoun] knows [PAWN_possessive] way around a pair of scissors and can keep conversations going with [PAWN_possessive] clients.",baseDesc,BackstoryDef/Vanilla_Expanded_Backstories.xml,def
VBE_AddictedGamer.title,Addicted gamer,title,BackstoryDef/Vanilla_Expanded_Backstories.xml,def
VBE_AddictedGamer.titleShort,Gamer,titleShort,BackstoryDef/Vanilla_Expanded_Backstories.xml,def
VBE_AddictedGamer.baseDesc,"[PAWN_nameDef] has an addiction to video games and can often be found gaming late into the morning. [PAWN_pronoun] fits all the negative stereotypes from the messy room to the social awkwardness, but at least [PAWN_pronoun]'s learned a few things about crafting and mining.",baseDesc,BackstoryDef/Vanilla_Expanded_Backstories.xml,def
VBE_VatgrownColonist.title,Vatgrown colonist,title,BackstoryDef/Vanilla_Expanded_Backstories.xml,def
VBE_VatgrownColonist.titleShort,Colonist,titleShort,BackstoryDef/Vanilla_Expanded_Backstories.xml,def
VBE_VatgrownColonist.baseDesc,[PAWN_nameDef] was grown in a lab as an expendable body on [PAWN_possessive] Glitterworld. [PAWN_pronoun] was raised along with the other standard template children who only knew life under their scientist guides.,baseDesc,BackstoryDef/Vanilla_Expanded_Backstories.xml,def
VBE_StructuralEngineer.title,Structural engineer,title,BackstoryDef/Vanilla_Expanded_Backstories.xml,def
VBE_StructuralEngineer.titleShort,Engineer,titleShort,BackstoryDef/Vanilla_Expanded_Backstories.xml,def
VBE_StructuralEngineer.baseDesc,"After studying engineering for a few years, [PAWN_nameDef] now designs buildings, bridges, and other structures. [PAWN_pronoun] has a great understanding of how to construct every part of a project. Much of [PAWN_possessive] time goes to coordinating with the architect, contractor, and other engineers.",baseDesc,BackstoryDef/Vanilla_Expanded_Backstories.xml,def
VBE_WretchedChild.title,Wretched child,title,BackstoryDef/Vanilla_Expanded_Backstories.xml,def
VBE_WretchedChild.titleShort,Wretch,titleShort,BackstoryDef/Vanilla_Expanded_Backstories.xml,def
VBE_WretchedChild.baseDesc,"As a child, [PAWN_nameDef] was cast out by [PAWN_possessive] peers. [PAWN_pronoun] grew uncaring of others and focused on surviving with what [PAWN_pronoun] had near [PAWN_possessive] home.",baseDesc,BackstoryDef/Vanilla_Expanded_Backstories.xml,def
VBE_ForcedPrimitivist.title,Forced primitivist,title,BackstoryDef/Vanilla_Expanded_Backstories.xml,def
VBE_ForcedPrimitivist.titleShort,Primitivist,titleShort,BackstoryDef/Vanilla_Expanded_Backstories.xml,def
VBE_ForcedPrimitivist.baseDesc,"[PAWN_nameDef] wasn't always part of the tribes. After getting exiled from [PAWN_possessive] local outlander union due to ruining an entire crop harvest, [PAWN_nameDef] had to live out in the open for years, with only crude tools to aid [PAWN_objective]. This made [PAWN_objective] a jack-of-all-trades, but completely broke [PAWN_possessive] trust of people.",baseDesc,BackstoryDef/Vanilla_Expanded_Backstories.xml,def
VBE_GiftedBurnout.title,Gifted burnout,title,BackstoryDef/Vanilla_Expanded_Backstories.xml,def
VBE_GiftedBurnout.titleShort,Gifted,titleShort,BackstoryDef/Vanilla_Expanded_Backstories.xml,def
VBE_GiftedBurnout.baseDesc,"From a young age, [PAWN_nameDef] was heralded as a genius. The constant testing, training, and praise from surrounding adults was good, but the constant pressure, expectation, and eventual failure exacerbated a long list of mental disorders lying dormant within [PAWN_nameDef]'s mind. [PAWN_pronoun] still retains [PAWN_possessive] training, but making use of it will be difficult for the rest of [PAWN_possessive] life.",baseDesc,BackstoryDef/Vanilla_Expanded_Backstories.xml,def
VBE_ForgottenChild.title,Forgotten child,title,BackstoryDef/Vanilla_Expanded_Backstories.xml,def
VBE_ForgottenChild.titleShort,Disappeared,titleShort,BackstoryDef/Vanilla_Expanded_Backstories.xml,def
VBE_ForgottenChild.baseDesc,"When [PAWN_nameDef] was young, [PAWN_pronoun] came across a secret door in [PAWN_possessive] grandfather's antique shop. Curious of what may lie beyond it, [PAWN_pronoun] wandered in and tells of a land of endless adventure. There's no way of knowing if that were true, but seeing as [PAWN_nameDef] was found as child, forgotten in cryptosleep nearly a hundred years later, nothing seems impossible.",baseDesc,BackstoryDef/Vanilla_Expanded_Backstories.xml,def
VBE_Demoscener.title,Demoscener,title,BackstoryDef/Vanilla_Expanded_Backstories.xml,def
VBE_Demoscener.titleShort,Demoscener,titleShort,BackstoryDef/Vanilla_Expanded_Backstories.xml,def
VBE_Demoscener.baseDesc,"[PAWN_nameDef] has always been interested in computers and programming. Specifically the computers which are so old that the line between programming and engineering is blurred. [PAWN_nameDef] has fallen in with a culture that uses these ancient machines to create art, using the full extent of the primitive programming available.",baseDesc,BackstoryDef/Vanilla_Expanded_Backstories.xml,def
VBE_IndustrialTinkerer.title,Industrial tinkerer,title,BackstoryDef/Vanilla_Expanded_Backstories.xml,def
VBE_IndustrialTinkerer.titleShort,Tinkerer,titleShort,BackstoryDef/Vanilla_Expanded_Backstories.xml,def
VBE_IndustrialTinkerer.baseDesc,"Once finding [PAWN_possessive] passion in the way things work, [PAWN_nameDef] became enthralled with tinkering, building and coding. Taking inspiration from nature and the machines [PAWN_pronoun] disassembled, [PAWN_nameDef] built many useful mechanical and electrical contraptions to improve [PAWN_possessive] everyday life. While exploring and studying nature, [PAWN_pronoun] also learned about basic survival needs, and some basic healing. Due to always being in [PAWN_possessive] mind, [PAWN_nameDef] is not very sociable, and is always high strung.",baseDesc,BackstoryDef/Vanilla_Expanded_Backstories.xml,def
VBE_InformationSponge.title,Information sponge,title,BackstoryDef/Vanilla_Expanded_Backstories.xml,def
VBE_InformationSponge.titleShort,Sponge,titleShort,BackstoryDef/Vanilla_Expanded_Backstories.xml,def
VBE_InformationSponge.baseDesc,"[PAWN_nameDef] grew up with a thirst for knowledge, be it for science, history, or philosophy. Running off into the wilderness, [PAWN_pronoun] would spend as much time learning from nature and the ruins that [PAWN_pronoun] would find. When younger, many would listen to [PAWN_objective] just to see what [PAWN_pronoun] would say, but over time others stopped listening as [PAWN_possessive] knowledge grew in depth, leaving them behind. Over time, [PAWN_pronoun] became more reclusive, and mainly found solace in [PAWN_possessive] work.",baseDesc,BackstoryDef/Vanilla_Expanded_Backstories.xml,def
VBE_ReincarnatedSoul.title,Reincarnated soul,title,BackstoryDef/Vanilla_Expanded_Backstories.xml,def
VBE_ReincarnatedSoul.titleShort,Reincarnated,titleShort,BackstoryDef/Vanilla_Expanded_Backstories.xml,def
VBE_ReincarnatedSoul.baseDesc,"[PAWN_nameDef] believes [PAWN_pronoun] was once a pious steward of some long, lost religion. Reborn again to live life as [PAWN_pronoun] choose, [PAWN_nameDef] seems to have an unnatural proficiency with cooking and art of craft despite [PAWN_possessive] young age.",baseDesc,BackstoryDef/Vanilla_Expanded_Backstories.xml,def
VBE_LightingAssistant.title,Lighting assistant,title,BackstoryDef/Vanilla_Expanded_Backstories.xml,def
VBE_LightingAssistant.titleShort,Lighter,titleShort,BackstoryDef/Vanilla_Expanded_Backstories.xml,def
VBE_LightingAssistant.baseDesc,"[PAWN_nameDef] helped make the background lighting in films and shows. Working behind the scenes completely undetected, [PAWN_pronoun] was never acknowledged by higher-ups, and just opted to work harder until somebody noticed [PAWN_possessive] talent. All the tinkering with electrical equipment gave [PAWN_nameDef] a distinct knowledge of manufacturing.",baseDesc,BackstoryDef/Vanilla_Expanded_Backstories.xml,def
VBE_SiloManager.title,Silo manager,title,BackstoryDef/Vanilla_Expanded_Backstories.xml,def
VBE_SiloManager.titleShort,Manager,titleShort,BackstoryDef/Vanilla_Expanded_Backstories.xml,def
VBE_SiloManager.baseDesc,"Urbworlds are filled with massive resource silos, half a kilometer high and several kilometers across, with thousands of barely-paid workers carrying materials like little ants across the vast complex. [PAWN_nameDef] worked as a manager to one of the silos, and didn't even have to stand up from [PAWN_possessive] desk.",baseDesc,BackstoryDef/Vanilla_Expanded_Backstories.xml,def
VBE_Pushover.title,Pushover,title,BackstoryDef/Vanilla_Expanded_Backstories.xml,def
VBE_Pushover.titleShort,Pushover,titleShort,BackstoryDef/Vanilla_Expanded_Backstories.xml,def
VBE_Pushover.baseDesc,"[PAWN_nameDef] was a pushover and a severe social outcast. Being constantly bullied, [PAWN_pronoun] gained a distaste towards other people. All the nights being forced to do other people's homework made for great test results, though.",baseDesc,BackstoryDef/Vanilla_Expanded_Backstories.xml,def
VBE_Commenter.title,Commenter,title,BackstoryDef/Vanilla_Expanded_Backstories.xml,def
VBE_Commenter.titleShort,Commenter,titleShort,BackstoryDef/Vanilla_Expanded_Backstories.xml,def
VBE_Commenter.baseDesc,"[PAWN_nameDef] did absolutely nothing with [PAWN_possessive] life other than shamelessly mock more successful people's work. Through internet forums, [PAWN_pronoun] found more of [PAWN_possessive] kind, and collectively bickered, contributing absolutely nothing to glitterworld society. [PAWN_nameDef] knew quite well how to use a thesaurus, though.",baseDesc,BackstoryDef/Vanilla_Expanded_Backstories.xml,def
VBE_ResearchScientist.title,Research scientist,title,BackstoryDef/Vanilla_Expanded_Backstories.xml,def
VBE_ResearchScientist.titleShort,Researcher,titleShort,BackstoryDef/Vanilla_Expanded_Backstories.xml,def
VBE_ResearchScientist.baseDesc,"[PAWN_nameDef] is a scientist and analyst from a prominent Glitterworld research institute. [PAWN_possessive] studies and experimentation may have got [PAWN_objective] no great acclaim, but [PAWN_pronoun] contributed in [PAWN_possessive] own way to the companies larger breakthroughs. [PAWN_possessive] work often took the majority of [PAWN_possessive] free time, so [PAWN_pronoun] does lack some of the emotional intelligence of average citizens.",baseDesc,BackstoryDef/Vanilla_Expanded_Backstories.xml,def
VBE_UrbworldWarStudent.title,Urbworld war student,title,BackstoryDef/Vanilla_Expanded_Backstories.xml,def
VBE_UrbworldWarStudent.titleShort,Student,titleShort,BackstoryDef/Vanilla_Expanded_Backstories.xml,def
VBE_UrbworldWarStudent.baseDesc,"[PAWN_nameDef] grew up in fairly plush conditions on a turbulent Urbworld. [PAWN_pronoun] dedicated much of [PAWN_possessive] childhood to formal studies on a planet constantly engulfed in conflict. As a result, [PAWN_nameDef] grew up with an intricate understanding about the machines of war and developed a passion for them.",baseDesc,BackstoryDef/Vanilla_Expanded_Backstories.xml,def
VBE_AnomalousCreatureResearcher.title,Anomalous creature researcher,title,BackstoryDef/Vanilla_Expanded_Backstories.xml,def
VBE_AnomalousCreatureResearcher.titleShort,Researcher,titleShort,BackstoryDef/Vanilla_Expanded_Backstories.xml,def
VBE_AnomalousCreatureResearcher.baseDesc,"Part of a secret organization dedicated to the capture and study of phenomena deemed ""anomalous"", [PAWN_nameDef] was part of a department dedicated to the capture and  study of anomalous creatures. After one too many containment breaches, [PAWN_nameDef] was left traumatized, and left the organization.",baseDesc,BackstoryDef/Vanilla_Expanded_Backstories.xml,def
VBE_FringeShitposter.title,Fringe shitposter,title,BackstoryDef/Vanilla_Expanded_Backstories.xml,def
VBE_FringeShitposter.titleShort,Shitposter,titleShort,BackstoryDef/Vanilla_Expanded_Backstories.xml,def
VBE_FringeShitposter.baseDesc,"As a young adult, [PAWN_nameDef] became interested in niche, fringe internet forums. Obsessed with the deep culture and intricate in-jokes, [PAWN_nameDef] allowed this to consume [PAWN_possessive] life. Now, on the Rim, [PAWN_nameDef] finds [PAWN_objective]self unprepared for survival, and experiences difficulty communicating without bringing up some ancient, forgotten slang or deeply-layered meme. At least [PAWN_pronoun] picked up some vague, outdated military jargon...",baseDesc,BackstoryDef/Vanilla_Expanded_Backstories.xml,def
VBE_Rudie.title,Rudie,title,BackstoryDef/Vanilla_Expanded_Backstories.xml,def
VBE_Rudie.titleShort,Rudie,titleShort,BackstoryDef/Vanilla_Expanded_Backstories.xml,def
VBE_Rudie.baseDesc,"Growing up on an industrial world, [PAWN_nameDef] found the world around [PAWN_objective] rapidly being corporatized and gentrified. When [PAWN_possessive] town came under threat, [PAWN_pronoun] joined a local gang of youths who would sabotage corporate efforts and spread culture back onto the streets. After the suspicious, accidental death of the corporation's CEO, [PAWN_nameDef] hung up [PAWN_possessive] skates and spraycan, and left for a safer life.",baseDesc,BackstoryDef/Vanilla_Expanded_Backstories.xml,def
VBE_ShipSalvager.title,Ship salvager,title,BackstoryDef/Vanilla_Expanded_Backstories.xml,def
VBE_ShipSalvager.titleShort,Salvager,titleShort,BackstoryDef/Vanilla_Expanded_Backstories.xml,def
VBE_ShipSalvager.baseDesc,"Quick, crafty, and dirty. That's how [PAWN_nameDef] lives. [PAWN_pronoun] embraced the perilous trade of ship breaking as a means of survival. [PAWN_possessive] expertise grew, as [PAWN_pronoun] excelled at taking apart vessels, but the risk remained high, with near-death experiences on nearly every job.",baseDesc,BackstoryDef/Vanilla_Expanded_Backstories.xml,def
VBE_CivilRightsActivist.title,Civil rights activist,title,BackstoryDef/Vanilla_Expanded_Backstories.xml,def
VBE_CivilRightsActivist.titleShort,Activist,titleShort,BackstoryDef/Vanilla_Expanded_Backstories.xml,def
VBE_CivilRightsActivist.baseDesc,"[PAWN_nameDef] became aware of various societal injustices not long after leaving [PAWN_possessive] family home for higher education, and sought to become a force for positive change. [PAWN_pronoun] organized rallies in front of administrative buildings during semester breaks, designing signs and slogans.",baseDesc,BackstoryDef/Vanilla_Expanded_Backstories.xml,def
VBE_UrbworldRioter.title,Urbworld rioter,title,BackstoryDef/Vanilla_Expanded_Backstories.xml,def
VBE_UrbworldRioter.titleShort,Rioter,titleShort,BackstoryDef/Vanilla_Expanded_Backstories.xml,def
VBE_UrbworldRioter.baseDesc,"When peaceful protest was not enough to incite social change, [PAWN_nameDef] would don [PAWN_possessive] makeshift gear and take the fight against authority to the city streets. At a severe disadvantage against those in power, [PAWN_nameDef] had to fashion [PAWN_possessive] own weapons and protection, and tend to [PAWN_possessive] own wounds.",baseDesc,BackstoryDef/Vanilla_Expanded_Backstories.xml,def
VBE_Mariner.title,Mariner,title,BackstoryDef/Vanilla_Expanded_Backstories.xml,def
VBE_Mariner.titleShort,Mariner,titleShort,BackstoryDef/Vanilla_Expanded_Backstories.xml,def
VBE_Mariner.baseDesc,"[PAWN_nameDef] spent most of [PAWN_possessive] life on a ship at sea, securing cargo from port to port. [PAWN_pronoun] was well-versed in keeping the ship intact, but rarely spent much time off a ship or outside of a port.",baseDesc,BackstoryDef/Vanilla_Expanded_Backstories.xml,def
VBE_HumanSupremacist.title,Human supremacist,title,BackstoryDef/Vanilla_Expanded_Backstories.xml,def
VBE_HumanSupremacist.titleShort,Supremacist,titleShort,BackstoryDef/Vanilla_Expanded_Backstories.xml,def
VBE_HumanSupremacist.baseDesc,"[PAWN_nameDef] is fervently against gene-modification and the creation of xenohumans. [PAWN_pronoun] believes that baseline, unmodified humans have superior minds and spirits in comparison. Though prejudiced, [PAWN_possessive] arguments were well-rehearsed and spoken with authority.",baseDesc,BackstoryDef/Vanilla_Expanded_Backstories.xml,def
VBE_FoodCritic.title,Food critic,title,BackstoryDef/Vanilla_Expanded_Backstories.xml,def
VBE_FoodCritic.titleShort,Critic,titleShort,BackstoryDef/Vanilla_Expanded_Backstories.xml,def
VBE_FoodCritic.baseDesc,"The child of an esteemed culinary genius, [PAWN_nameDef] used the influence of [PAWN_possessive] parent's name to launch a career in critiquing the cuisine of [PAWN_possessive] home system. While many restaurants and chefs feared [PAWN_objective], some sought after [PAWN_nameDef]'s mark of approval.",baseDesc,BackstoryDef/Vanilla_Expanded_Backstories.xml,def
VBE_PreservationistRuler.title,Preservationist ruler,title,BackstoryDef/Vanilla_Expanded_Backstories.xml,def
VBE_PreservationistRuler.titleShort,Preserver,titleShort,BackstoryDef/Vanilla_Expanded_Backstories.xml,def
VBE_PreservationistRuler.baseDesc,"[PAWN_nameDef] ruled over a once prospering civilization that stood as a testament to the arts and human creativity. Unfortunately, [PAWN_pronoun] inherited [PAWN_possessive] family's feud with a rival dynasty which resulted in the glassing of [PAWN_possessive] home world. Rather than move-on, [PAWN_pronoun] oversaw the construction of a vast network of orbital habitats and defense networks to preserve the culture and history of [PAWN_possessive] now-glassworld.",baseDesc,BackstoryDef/Vanilla_Expanded_Backstories.xml,def
VBE_MarineworldResearcher.title,Marineworld researcher,title,BackstoryDef/Vanilla_Expanded_Backstories.xml,def
VBE_MarineworldResearcher.titleShort,Marineworlder,titleShort,BackstoryDef/Vanilla_Expanded_Backstories.xml,def
VBE_MarineworldResearcher.baseDesc,"Seeing untapped potential in the oceans for feeding colonies and cities alike, [PAWN_nameDef] established [PAWN_objective]self on a world which was almost entirely covered in ocean. While [PAWN_nameDef] was adept in the study of algae and aquatic life, [PAWN_pronoun] rarely took time from work to interact with fellow researchers or hone other skills.",baseDesc,BackstoryDef/Vanilla_Expanded_Backstories.xml,def
VBE_Informant.title,Informant,title,BackstoryDef/Vanilla_Expanded_Backstories.xml,def
VBE_Informant.titleShort,Informant,titleShort,BackstoryDef/Vanilla_Expanded_Backstories.xml,def
VBE_Informant.baseDesc,"[PAWN_nameDef] was once in a major criminal organization, but after being caught, [PAWN_pronoun] became an informant for Glitterworld Law Enforcement. As part of the deal, [PAWN_pronoun] would be given a new name and identity and be shipped off to an outer world.",baseDesc,BackstoryDef/Vanilla_Expanded_Backstories.xml,def
VBE_EldestCaretaker.title,Eldest caretaker,title,BackstoryDef/Vanilla_Expanded_Backstories.xml,def
VBE_EldestCaretaker.titleShort,Caretaker,titleShort,BackstoryDef/Vanilla_Expanded_Backstories.xml,def
VBE_EldestCaretaker.baseDesc,"As the eldest child, it was the job of [PAWN_nameDef] to look after [PAWN_possessive] younger siblings. While the adults were away working, [PAWN_pronoun] got used to being in charge, but didn't have much chance to explore on [PAWN_possessive] own as a child.",baseDesc,BackstoryDef/Vanilla_Expanded_Backstories.xml,def
VBE_Oracle.title,Oracle,title,BackstoryDef/Vanilla_Expanded_Backstories.xml,def
VBE_Oracle.titleShort,Oracle,titleShort,BackstoryDef/Vanilla_Expanded_Backstories.xml,def
VBE_Oracle.baseDesc,"[PAWN_nameDef] wasn't like everyone else, and they all knew it. The strange visions, outbursts and eccentric behavior always kept [PAWN_nameDef] at arm's length from others. [PAWN_pronoun] would have been outcast long before, were it not for [PAWN_possessive] visions so often true.",baseDesc,BackstoryDef/Vanilla_Expanded_Backstories.xml,def
VBE_Apprentice.title,Apprentice,title,BackstoryDef/Vanilla_Expanded_Backstories.xml,def
VBE_Apprentice.titleShort,Apprentice,titleShort,BackstoryDef/Vanilla_Expanded_Backstories.xml,def
VBE_Apprentice.baseDesc,"Once of age, a young [PAWN_nameDef] took to study under the great masters, learning from the bottom up. [PAWN_pronoun] left family and home to pursue a passion and trade. The work was grueling, but it was all worth to carve out [PAWN_possessive] own path.",baseDesc,BackstoryDef/Vanilla_Expanded_Backstories.xml,def
VBE_MedievalPage.title,Medieval page,title,BackstoryDef/Vanilla_Expanded_Backstories.xml,def
VBE_MedievalPage.titleShort,Page,titleShort,BackstoryDef/Vanilla_Expanded_Backstories.xml,def
VBE_MedievalPage.baseDesc,"Serving under a great lord or lady, [PAWN_nameDef] was sworn to their liege. This mostly amounted to a whole lot of hauling, cleaning and busywork, but there was much to be learned in studying under the 'care' of nobility.",baseDesc,BackstoryDef/Vanilla_Expanded_Backstories.xml,def
VBE_Translator.title,Translator,title,BackstoryDef/Vanilla_Expanded_Backstories.xml,def
VBE_Translator.titleShort,Translator,titleShort,BackstoryDef/Vanilla_Expanded_Backstories.xml,def
VBE_Translator.baseDesc,"[PAWN_nameDef] always loved foreign languages. [PAWN_pronoun] worked from home as a freelance translator. This gave [PAWN_objective] enough time to broaden [PAWN_possessive] knowledge in various areas and to tend to [PAWN_possessive] garden. However, [PAWN_pronoun] would spend weeks without human contact and is still unseasy around strangers to this day.",baseDesc,BackstoryDef/Vanilla_Expanded_Backstories.xml,def
VBE_Maid.title,Maid,title,BackstoryDef/Vanilla_Expanded_Backstories.xml,def
VBE_Maid.titleShort,Maid,titleShort,BackstoryDef/Vanilla_Expanded_Backstories.xml,def
VBE_Maid.baseDesc,"Trim and tidy, this is [PAWN_nameDef]'s moto. [PAWN_pronoun] sees a lot more the seedy side of the world, cleaning up after it in one way or another. But [PAWN_pronoun] knows best when to apply [PAWN_possessive] trade, for there's more to [PAWN_possessive] skill than merely cleaning.",baseDesc,BackstoryDef/Vanilla_Expanded_Backstories.xml,def
VBE_AbandonedColonist.title,Abandoned colonist,title,BackstoryDef/Vanilla_Expanded_Backstories.xml,def
VBE_AbandonedColonist.titleShort,Colonist,titleShort,BackstoryDef/Vanilla_Expanded_Backstories.xml,def
VBE_AbandonedColonist.baseDesc,"[PAWN_nameDef] was selected for a colonization program on a distant rimworld. When [PAWN_possessive] ship was torn apart, [PAWN_nameDef] was not among the select few granted the privilege of an escape pod. But, by some sheer miracle, [PAWN_pronoun] survived, and vowed to find those who had left [PAWN_objective] behind.",baseDesc,BackstoryDef/Vanilla_Expanded_Backstories.xml,def
VBE_CorporateSpy.title,Corporate spy,title,BackstoryDef/Vanilla_Expanded_Backstories.xml,def
VBE_CorporateSpy.titleShort,Spy,titleShort,BackstoryDef/Vanilla_Expanded_Backstories.xml,def
VBE_CorporateSpy.baseDesc,[PAWN_nameDef] used to conduct industrial espionage for a big corporation. One of [PAWN_possessive] missions required [PAWN_objective] to undergo gender reassignment to seduce the CEO of a rival corporation. [PAWN_nameDef] only managed to accomplish [PAWN_possessive] mission because [PAWN_pronoun] felt more in tune with [PAWN_possessive] new gender than the previous one. This gave [PAWN_objective] a unique perspective and [PAWN_pronoun] began to offer counseling to people feeling overwhelmed by the expectations of others.,baseDesc,BackstoryDef/Vanilla_Expanded_Backstories.xml,def
VBE_Bullleaper.title,Bull leaper,title,BackstoryDef/Vanilla_Expanded_Backstories.xml,def
VBE_Bullleaper.titleShort,Acrobat,titleShort,BackstoryDef/Vanilla_Expanded_Backstories.xml,def
VBE_Bullleaper.baseDesc,"[PAWN_nameDef] is a dancer and an acrobat. [PAWN_pronoun] used to dance around and leap over the back of a charging bull to entertain the crowd. All bull leapers have to be very agile, but what made [PAWN_objective] especially good was [PAWN_possessive] deep understanding of the animal's behavior. As bull leaping is a very dangerous activity, [PAWN_nameDef] often had to provide first aid to wounded colleagues.",baseDesc,BackstoryDef/Vanilla_Expanded_Backstories.xml,def
VBE_DroneOperator.title,Drone operator,title,BackstoryDef/Vanilla_Expanded_Backstories.xml,def
VBE_DroneOperator.titleShort,Controller,titleShort,BackstoryDef/Vanilla_Expanded_Backstories.xml,def
VBE_DroneOperator.baseDesc,"[PAWN_nameDef] was hired to oversee the defensive drones for a large intra-system freighter ship. Intended to help provide a set of human eyes to stop craftier pirates from slipping past the automated systems, [PAWN_possessive] job frequently entailed long stretches of nothing but maintenance and watching empty screens between docks. When the ship was enlisted to transfer to a system, [PAWN_pronoun] thought nothing of it, and continued [PAWN_possessive] routine. [PAWN_pronoun] was dozing soundly when the first breaching pod hit.",baseDesc,BackstoryDef/Vanilla_Expanded_Backstories.xml,def
VBE_CultLeader.title,Cult leader,title,BackstoryDef/Vanilla_Expanded_Backstories.xml,def
VBE_CultLeader.titleShort,Cultist,titleShort,BackstoryDef/Vanilla_Expanded_Backstories.xml,def
VBE_CultLeader.baseDesc,"[PAWN_nameDef] held the reigns of a dreaded cult, where [PAWN_pronoun] presided over heinous rituals. [PAWN_pronoun] reveled in the torture and sacrifice of victims, offering them up to appease their merciless deity. All members were made to conceal their identities with frightening masks and ceremonial robes. No one dared leave the cult alive, until now.",baseDesc,BackstoryDef/Vanilla_Expanded_Backstories.xml,def
VBE_AdventurousDreamer.title,Adventurous dreamer,title,BackstoryDef/Vanilla_Expanded_Backstories.xml,def
VBE_AdventurousDreamer.titleShort,Dreamer,titleShort,BackstoryDef/Vanilla_Expanded_Backstories.xml,def
VBE_AdventurousDreamer.baseDesc,"[PAWN_nameDef] spent [PAWN_possessive] childhood consuming outlandish fiction in all its forms, dreaming of exploring fantastic worlds and finding treasures of every variety. Though [PAWN_pronoun] settled more into the mundanity of [PAWN_possessive] life as time passed, [PAWN_pronoun] never lost that spark of hope for something more exciting.",baseDesc,BackstoryDef/Vanilla_Expanded_Backstories.xml,def
VBE_Standardbearer.title,Standard-bearer,title,BackstoryDef/Vanilla_Expanded_Backstories.xml,def
VBE_Standardbearer.titleShort,Banneret,titleShort,BackstoryDef/Vanilla_Expanded_Backstories.xml,def
VBE_Standardbearer.baseDesc,"[PAWN_nameDef] was a fearless standard-bearer, entrusted to carry the symbol of [PAWN_possessive] people into conflict. [PAWN_pronoun] was known for [PAWN_possessive] strategic thinking and combat proficiency, able to lead the charge or retreat with the emblem as needed. [PAWN_possessive] contributions earned [PAWN_objective] a privileged position, freeing [PAWN_objective] from tasks like cooking and digging.",baseDesc,BackstoryDef/Vanilla_Expanded_Backstories.xml,def
VBE_MidworldProgrammer.title,Midworld programmer,title,BackstoryDef/Vanilla_Expanded_Backstories.xml,def
VBE_MidworldProgrammer.titleShort,Programmer,titleShort,BackstoryDef/Vanilla_Expanded_Backstories.xml,def
VBE_MidworldProgrammer.baseDesc,"[PAWN_nameDef]'s dream was to become a programmer and create software that saves lives and enhances people's well-being. Yet, as life often takes unexpected turns, [PAWN_pronoun] found [PAWN_objective]self developing cutting-edge software for the military. The work gave [PAWN_objective] ample opportunity to expand [PAWN_possessive] programming expertise and gain an in-depth understanding of the intricacies of advanced weaponry. Despite the deviation from [PAWN_possessive] original plans, [PAWN_nameDef] embraced the challenge and continued to hone [PAWN_possessive] skills.",baseDesc,BackstoryDef/Vanilla_Expanded_Backstories.xml,def
VBE_Landsknecht.title,Landsknecht,title,BackstoryDef/Vanilla_Expanded_Backstories.xml,def
VBE_Landsknecht.titleShort,Landsknecht,titleShort,BackstoryDef/Vanilla_Expanded_Backstories.xml,def
VBE_Landsknecht.baseDesc,"[PAWN_nameDef] was barely scrapping by in [PAWN_possessive] village when the recruiter came. The man told [PAWN_objective] that [PAWN_pronoun] would get [PAWN_possessive] first payment in advance, so [PAWN_nameDef] sold [PAWN_possessive] tools and enlisted. At the beginning, [PAWN_pronoun] only had a pike, but after some time [PAWN_pronoun] was able to buy the extravagant clothing marking [PAWN_objective] as a successful soldier. He never betrayed [PAWN_possessive] principles: don't question the orders of whoever is keeping you fed.",baseDesc,BackstoryDef/Vanilla_Expanded_Backstories.xml,def
VBE_CriminalPriest.title,Criminal priest,title,BackstoryDef/Vanilla_Expanded_Backstories.xml,def
VBE_CriminalPriest.titleShort,Priest,titleShort,BackstoryDef/Vanilla_Expanded_Backstories.xml,def
VBE_CriminalPriest.baseDesc,"[PAWN_nameDef] somehow wormed [PAWN_possessive] way into a comfortable position among the clergy in a small outlander town on a rimworld. [PAWN_pronoun] would often exploit this position for personal gain whether it be by blackmailing those who had come to confess, or by directly stealing donations.\n\nDuring this time [PAWN_nameDef] relied heavily on [PAWN_possessive] charisma to avoid conflict.",baseDesc,BackstoryDef/Vanilla_Expanded_Backstories.xml,def
VBE_IndustrialSoldier.title,Industrial soldier,title,BackstoryDef/Vanilla_Expanded_Backstories.xml,def
VBE_IndustrialSoldier.titleShort,Soldier,titleShort,BackstoryDef/Vanilla_Expanded_Backstories.xml,def
VBE_IndustrialSoldier.baseDesc,"[PAWN_nameDef] was recruited into the army of an industrial power on a midworld. When training finally ended, [PAWN_pronoun] was sent to the frontlines, where [PAWN_pronoun] took part in an unbelievably bloody battle. The rest of [PAWN_possessive] platoon was killed in the ensuing battle. This terrible tragedy has left [PAWN_nameDef] a shell of [PAWN_possessive] former self.",baseDesc,BackstoryDef/Vanilla_Expanded_Backstories.xml,def
VBE_LandscapePainter.title,Landscape painter,title,BackstoryDef/Vanilla_Expanded_Backstories.xml,def
VBE_LandscapePainter.titleShort,Painter,titleShort,BackstoryDef/Vanilla_Expanded_Backstories.xml,def
VBE_LandscapePainter.baseDesc,"For as long as [PAWN_nameDef] can remember, capturing breathtaking landscapes has been the focus of [PAWN_possessive] life's work. Despite not receiving much recognition for [PAWN_possessive] creations, [PAWN_nameDef] found solace in the fact that [PAWN_possessive] art helped [PAWN_objective] make ends meet. However, the solitary lifestyle it entailed made [PAWN_objective] somewhat withdrawn from the world.",baseDesc,BackstoryDef/Vanilla_Expanded_Backstories.xml,def
VBE_Dietetician.title,Dietitian,title,BackstoryDef/Vanilla_Expanded_Backstories.xml,def
VBE_Dietetician.titleShort,Dietitian,titleShort,BackstoryDef/Vanilla_Expanded_Backstories.xml,def
VBE_Dietetician.baseDesc,"[PAWN_nameDef]'s interest in nutrition led [PAWN_objective] to specialize in treating patients with clinical conditions using personalized nutrition plans. Despite the challenges [PAWN_pronoun] faced, [PAWN_nameDef] remained committed to using [PAWN_possessive] knowledge of food and nutrition to make a positive impact on the lives of those [PAWN_pronoun] treated.",baseDesc,BackstoryDef/Vanilla_Expanded_Backstories.xml,def
VBE_ArtCritic.title,Art critic,title,BackstoryDef/Vanilla_Expanded_Backstories.xml,def
VBE_ArtCritic.titleShort,Critic,titleShort,BackstoryDef/Vanilla_Expanded_Backstories.xml,def
VBE_ArtCritic.baseDesc,[PAWN_nameDef] has made a name for themselves as one of the most influential critics. [PAWN_possessive] reviews could make or break careers.,baseDesc,BackstoryDef/Vanilla_Expanded_Backstories.xml,def
VBE_IndustrialWorldCounterterrorist.title,Industrial world counterterrorist,title,BackstoryDef/Vanilla_Expanded_Backstories.xml,def
VBE_IndustrialWorldCounterterrorist.titleShort,Counterterrorist,titleShort,BackstoryDef/Vanilla_Expanded_Backstories.xml,def
VBE_IndustrialWorldCounterterrorist.baseDesc,"[PAWN_nameDef] served on a counterterrorism unit on a factionalized industrial world. [PAWN_pronoun] understood the reasons why they operated, but stood staunchly against the violent methods they used against the innocent. [PAWN_pronoun] gained considerable skills in rhetoric, negotiation, combat, and emergency first aid. Despite this, [PAWN_possessive] personal life skills were undeveloped as the custodial and cafeteria staff handled most of it.",baseDesc,BackstoryDef/Vanilla_Expanded_Backstories.xml,def
VBE_Chemist.title,Chemist,title,BackstoryDef/Vanilla_Expanded_Backstories.xml,def
VBE_Chemist.titleShort,Chemist,titleShort,BackstoryDef/Vanilla_Expanded_Backstories.xml,def
VBE_Chemist.baseDesc,"[PAWN_nameDef] has mastered the art of chemistry. It proved to be a quite versatile skill in [PAWN_possessive] life - from volcano for a science fair to homemade bombs, odds are [PAWN_nameDef] knows how to create that.",baseDesc,BackstoryDef/Vanilla_Expanded_Backstories.xml,def
VBE_TaxCollector.title,Tax collector,title,BackstoryDef/Vanilla_Expanded_Backstories.xml,def
VBE_TaxCollector.titleShort,Collector,titleShort,BackstoryDef/Vanilla_Expanded_Backstories.xml,def
VBE_TaxCollector.baseDesc,"[PAWN_nameDef] has been appointed with the duty of collecting taxes and other payments from various merchants of [PAWN_possessive] settlement. Due to nature of [PAWN_possessive] job, [PAWN_pronoun] was one of the most despised people in town, but the cut from the taxes [PAWN_pronoun] took made the job worth it.",baseDesc,BackstoryDef/Vanilla_Expanded_Backstories.xml,def
VBE_ReluctantCadet.title,Reluctant cadet,title,BackstoryDef/Vanilla_Expanded_Backstories.xml,def
VBE_ReluctantCadet.titleShort,Cadet,titleShort,BackstoryDef/Vanilla_Expanded_Backstories.xml,def
VBE_ReluctantCadet.baseDesc,"[PAWN_nameDef] was recruited into an Imperial youth training program. [PAWN_pronoun] lacked any enthusiasm and accordingly failed most of [PAWN_possessive] classes. However, refusing to participate left [PAWN_objective] with plenty of time to talk to [PAWN_possessive] friends and try out different hobbies.",baseDesc,BackstoryDef/Vanilla_Expanded_Backstories.xml,def
VBE_OrphanThief.title,Orphan thief,title,BackstoryDef/Vanilla_Expanded_Backstories.xml,def
VBE_OrphanThief.titleShort,Orphan,titleShort,BackstoryDef/Vanilla_Expanded_Backstories.xml,def
VBE_OrphanThief.baseDesc,"When [PAWN_pronoun] was young, [PAWN_nameDef]'s parents were imprisoned for speaking out against the local government. [PAWN_pronoun] was forced to steal food in order to survive, and soon became a capable thief. The experience left [PAWN_objective] unwilling to rely much on others.

As a hobby, [PAWN_nameDef] began collecting helmets stolen from military police.",baseDesc,BackstoryDef/Vanilla_Expanded_Backstories.xml,def
VBE_PrivateContractor.title,Private contractor,title,BackstoryDef/Vanilla_Expanded_Backstories.xml,def
VBE_PrivateContractor.titleShort,Bought,titleShort,BackstoryDef/Vanilla_Expanded_Backstories.xml,def
VBE_PrivateContractor.baseDesc,"[PAWN_nameDef] always works for the highest bidder. [PAWN_possessive] background in the military made [PAWN_objective] a good shot. Due to being present when many shady deals were made, [PAWN_pronoun] also picked up on some negotiation skills.",baseDesc,BackstoryDef/Vanilla_Expanded_Backstories.xml,def
VBE_MattressTester.title,Mattress tester,title,BackstoryDef/Vanilla_Expanded_Backstories.xml,def
VBE_MattressTester.titleShort,Mattress,titleShort,BackstoryDef/Vanilla_Expanded_Backstories.xml,def
VBE_MattressTester.baseDesc,"[PAWN_nameDef] got paid to take naps on different beds and rate them based on their softness and the quality of sleep they provide. People often remarked that [PAWN_possessive] job is ""the best job in the world"", since naps are contractually required.",baseDesc,BackstoryDef/Vanilla_Expanded_Backstories.xml,def
VBE_ExtranetTroll.title,Extranet troll,title,BackstoryDef/Vanilla_Expanded_Backstories.xml,def
VBE_ExtranetTroll.titleShort,Troll,titleShort,BackstoryDef/Vanilla_Expanded_Backstories.xml,def
VBE_ExtranetTroll.baseDesc,"[PAWN_nameDef] spent [PAWN_possessive] days spreading disinformation across the extranet at the behest of [PAWN_possessive] employers. Eventually, [PAWN_pronoun] outlived [PAWN_possessive] usefulness and was fired, and with no marketable skills, [PAWN_pronoun] had to work miserable, dead-end jobs just to feed [PAWN_objective]self.",baseDesc,BackstoryDef/Vanilla_Expanded_Backstories.xml,def
VBE_PirateKid.title,Pirate kid,title,BackstoryDef/Vanilla_Expanded_Backstories.xml,def
VBE_PirateKid.titleShort,Pirate,titleShort,BackstoryDef/Vanilla_Expanded_Backstories.xml,def
VBE_PirateKid.baseDesc,"[PAWN_nameDef] was kidnapped by pirates at a young age. [PAWN_possessive] small size allowed [PAWN_objective] to fit into tiny maintenance spaces on boarded ships to steal valuable electronic components. Coincidentally,  [PAWN_pronoun] also became quite adept at treating electrical burns.",baseDesc,BackstoryDef/Vanilla_Expanded_Backstories.xml,def
VBE_ProsecutedWarVeteran.title,Prosecuted war veteran,title,BackstoryDef/Vanilla_Expanded_Backstories.xml,def
VBE_ProsecutedWarVeteran.titleShort,Prosecuted Vet,titleShort,BackstoryDef/Vanilla_Expanded_Backstories.xml,def
VBE_ProsecutedWarVeteran.baseDesc,"[PAWN_nameDef] was on the losing side of a bitter civil war. [PAWN_pronoun] was trained in the art of combat and the chaos of urban warfare. But once the guns fell silent, [PAWN_pronoun] had to stand trial for [PAWN_possessive] actions. [PAWN_pronoun] was ultimately stripped of [PAWN_possessive] rank and banished from society. With [PAWN_possessive] skills dulled and [PAWN_possessive] reputation tarnished, [PAWN_nameDef] found it a struggle to adjust to life as a civilian once again.",baseDesc,BackstoryDef/Vanilla_Expanded_Backstories.xml,def
VBE_IncompetentPilot.title,Incompetent pilot,title,BackstoryDef/Vanilla_Expanded_Backstories.xml,def
VBE_IncompetentPilot.titleShort,Incompetent,titleShort,BackstoryDef/Vanilla_Expanded_Backstories.xml,def
VBE_IncompetentPilot.baseDesc,"[PAWN_nameDef] was a helmsman of a large cargo vessel. An unfortunate series of events, some of which were [PAWN_possessive] fault, resulted in the entirety of [PAWN_possessive] crew being vaporized by the ship's fusion engine in a freak accident. Fearing reprisal, [PAWN_pronoun] hailed a passing pirate ship and managed to smooth talk [PAWN_possessive] way into safe passage to another world to restart [PAWN_possessive] life, and hopefully forget about [PAWN_possessive] past mistakes.",baseDesc,BackstoryDef/Vanilla_Expanded_Backstories.xml,def
VBE_Marauder.title,Marauder,title,BackstoryDef/Vanilla_Expanded_Backstories.xml,def
VBE_Marauder.titleShort,Marauder,titleShort,BackstoryDef/Vanilla_Expanded_Backstories.xml,def
VBE_Marauder.baseDesc,"[PAWN_nameDef] spent most of [PAWN_possessive] life as a fighter in a nomadic fleet of space pirates until it dissolved from infighting. [PAWN_pronoun] saw many battles, but never even went close to any books.",baseDesc,BackstoryDef/Vanilla_Expanded_Backstories.xml,def
VBE_ArchotechFanatic.title,Archotech fanatic,title,BackstoryDef/Vanilla_Expanded_Backstories.xml,def
VBE_ArchotechFanatic.titleShort,Archofanatic,titleShort,BackstoryDef/Vanilla_Expanded_Backstories.xml,def
VBE_ArchotechFanatic.baseDesc,"[PAWN_nameDef] claims that [PAWN_possessive] mind has been visited by an omnipotent entity that manifests itself through advanced archotech objects. While [PAWN_nameDef] shows great affinity towards technology and research, [PAWN_pronoun] harbors equally strong disgust when it comes to plants and animals.",baseDesc,BackstoryDef/Vanilla_Expanded_Backstories.xml,def
VBE_PondDesigner.title,Pond designer,title,BackstoryDef/Vanilla_Expanded_Backstories.xml,def
VBE_PondDesigner.titleShort,Gardener,titleShort,BackstoryDef/Vanilla_Expanded_Backstories.xml,def
VBE_PondDesigner.baseDesc,"[PAWN_nameDef] created extravagant ponds for the wealthy. [PAWN_possessive] knowledge of aquatic flora and fauna and how they interact is unsurpassed. One day, a client introduced a new fish into one of [PAWN_possessive] ponds, destroying the delicate ecosystem. That was the last drop for [PAWN_nameDef], who left everything behind and took the first ship to the Rim, where [PAWN_pronoun] hopes to realize [PAWN_possessive] dream: to design a whole new ecosystem on a planetary scale.",baseDesc,BackstoryDef/Vanilla_Expanded_Backstories.xml,def
VBE_Cryonic.title,Cryonic,title,BackstoryDef/Vanilla_Expanded_Backstories.xml,def
VBE_Cryonic.titleShort,Cryonic,titleShort,BackstoryDef/Vanilla_Expanded_Backstories.xml,def
VBE_Cryonic.baseDesc,"[PAWN_nameDef] is from a civilization that perished to an ice age that devastated [PAWN_possessive] homeworld. [PAWN_possessive] body was preserved in the ice for centuries until [PAWN_pronoun] was recovered by a glitterworld archaeological expedition, and was resuscitated with advanced mechanite serums on their planet. Unwilling to be kept as a research subject, [PAWN_nameDef] escaped with the help of a group of humanitarian activists. This experience made [PAWN_objective] distrustful of strangers, but [PAWN_pronoun] also picked up some knowledge from [PAWN_possessive] time in the laboratory.",baseDesc,BackstoryDef/Vanilla_Expanded_Backstories.xml,def
VBE_Masterofceremonies.title,Master of ceremonies,title,BackstoryDef/Vanilla_Expanded_Backstories.xml,def
VBE_Masterofceremonies.titleShort,Arbiter,titleShort,BackstoryDef/Vanilla_Expanded_Backstories.xml,def
VBE_Masterofceremonies.baseDesc,"[PAWN_nameDef] was a master of ceremonies. [PAWN_pronoun] trained for decades just to meet the minimal requirements for the job: [PAWN_pronoun] had to memorize the thousands of complicated rituals ruling diplomatic meetings on his world, including the correct way to execute one who makes a mistake. In [PAWN_possessive] culture, war has all but disappeared: nobody has ever managed to get to the end of the ritual required to declare war without making a mistake. [PAWN_pronoun] now hopes to bring the same peace to the Rim, one ritual at a time.",baseDesc,BackstoryDef/Vanilla_Expanded_Backstories.xml,def
VBE_ChemfuelFarmer.title,Chemfuel farmer,title,BackstoryDef/Vanilla_Expanded_Backstories.xml,def
VBE_ChemfuelFarmer.titleShort,Farmer,titleShort,BackstoryDef/Vanilla_Expanded_Backstories.xml,def
VBE_ChemfuelFarmer.baseDesc,"[PAWN_nameDef] is an entrepreneur. [PAWN_pronoun] recognized immediately how much money was to be made with chemfuel, a substance so widely used that demand never seems to go down, no matter how much of the stuff you sell. [PAWN_pronoun] first convinced [PAWN_possessive] family to buy a boomalope ranch, then his neighbors to plant chemroot. Soon, the whole town was refining everything they could get their hands on. Since the storm of last summer, [PAWN_pronoun] has been looking for a new town to live in. Anywhere, really: [PAWN_pronoun] has no family to tie him down.",baseDesc,BackstoryDef/Vanilla_Expanded_Backstories.xml,def
VBE_CoginTheMachine.title,Cog in the machine,title,BackstoryDef/Vanilla_Expanded_Backstories.xml,def
VBE_CoginTheMachine.titleShort,Cog,titleShort,BackstoryDef/Vanilla_Expanded_Backstories.xml,def
VBE_CoginTheMachine.baseDesc,"[PAWN_nameDef] lived on a very organized and efficient world. [PAWN_pronoun] was trained from birth to do one very specialized job: to paint one specific screw in a specific shade of gray. One day, [PAWN_pronoun] decided to paint the screws green. The other workers couldn't cope with this unforeseen change and stopped working. The chaos spread, and [PAWN_nameDef] soon had to flee a world plunged in anarchy.",baseDesc,BackstoryDef/Vanilla_Expanded_Backstories.xml,def
VBE_TrainDriver.title,Train driver,title,BackstoryDef/Vanilla_Expanded_Backstories.xml,def
VBE_TrainDriver.titleShort,Engineer,titleShort,BackstoryDef/Vanilla_Expanded_Backstories.xml,def
VBE_TrainDriver.baseDesc,"[PAWN_nameDef] loves trains. [PAWN_pronoun] used to drive a steam-powered locomotive on a small line in an idyllic landscape. [PAWN_pronoun] would greet the sleepy villages along the line each morning with the cheery sound of the horn. [PAWN_possessive] only worry was to shovel enough coal to keep the locomotive running and to repair the train from time to time. One day, [PAWN_pronoun] had to stop in a village. An enraged and sleep-deprived mob took the opportunity to destroy the train and [PAWN_nameDef] decided to leave before they remembered who was responsible for sounding the horn.",baseDesc,BackstoryDef/Vanilla_Expanded_Backstories.xml,def
VBE_ClonedHeir.title,Cloned heir,title,BackstoryDef/Vanilla_Expanded_Backstories.xml,def
VBE_ClonedHeir.titleShort,Clone,titleShort,BackstoryDef/Vanilla_Expanded_Backstories.xml,def
VBE_ClonedHeir.baseDesc,"[PAWN_nameDef] was created to replace the missing heir of a noble house, but did not turn out quite right. Despite the best efforts of [PAWN_possessive] tutors, [PAWN_pronoun] was far more interested in bloodshed than the intricacies of the court.

When the heir turned out to be alive after all, [PAWN_nameDef] was discarded to make room for [PAWN_possessive] genetic source.",baseDesc,BackstoryDef/Vanilla_Expanded_Backstories.xml,def
VBE_MedicineProdigy.title,Medical prodigy,title,BackstoryDef/Vanilla_Expanded_Backstories.xml,def
VBE_MedicineProdigy.titleShort,Prodigy,titleShort,BackstoryDef/Vanilla_Expanded_Backstories.xml,def
VBE_MedicineProdigy.baseDesc,"Born on an overpopulated urbworld, [PAWN_nameDef] displayed a remarkable aptitude for medicine from an early age. Plucked from the education system and inducted into a special program for the intellectually gifted, [PAWN_pronoun] received the best education money could buy, but little time to develop socially or engage in risky behavior.

To [PAWN_possessive] benefactors, [PAWN_pronoun] was an expensive investment.",baseDesc,BackstoryDef/Vanilla_Expanded_Backstories.xml,def
VBE_CorruptPolitician.title,Corrupt politician,title,BackstoryDef/Vanilla_Expanded_Backstories.xml,def
VBE_CorruptPolitician.titleShort,Politician,titleShort,BackstoryDef/Vanilla_Expanded_Backstories.xml,def
VBE_CorruptPolitician.baseDesc,"[PAWN_nameDef] had a gift for lying and getting away with it, a gift [PAWN_pronoun] used to get elected only to embezzle staggering sums. When [PAWN_possessive] lies finally caught up with [PAWN_objective], [PAWN_pronoun] shot a peacekeeper and fled the planet.",baseDesc,BackstoryDef/Vanilla_Expanded_Backstories.xml,def
VBE_ImperialCircusPerformer.title,Imperial circus performer,title,BackstoryDef/Vanilla_Expanded_Backstories.xml,def
VBE_ImperialCircusPerformer.titleShort,Clown,titleShort,BackstoryDef/Vanilla_Expanded_Backstories.xml,def
VBE_ImperialCircusPerformer.baseDesc,"Though [PAWN_pronoun] is known by [PAWN_possessive] friends as [PAWN_nameDef], throughout the systems [PAWN_pronoun] is known as [PAWN_nameDef] the Amazing. [PAWN_nameDef] has performed theatrics and acrobatic stunts and for the Imperial nobles. [PAWN_pronoun] will often brag about [PAWN_possessive] group of followers that attend [PAWN_possessive] every show. Though, no one really knows how many of [PAWN_possessive] stories are just made up.",baseDesc,BackstoryDef/Vanilla_Expanded_Backstories.xml,def
VBE_CorporateMascot.title,Corporate mascot,title,BackstoryDef/Vanilla_Expanded_Backstories.xml,def
VBE_CorporateMascot.titleShort,Mascot,titleShort,BackstoryDef/Vanilla_Expanded_Backstories.xml,def
VBE_CorporateMascot.baseDesc,[PAWN_nameDef] was a costumed entertainer for a morally questionable entertainment corporation. [PAWN_pronoun] was forced to dance in a depressing white animal suit in exchange for meager pay.,baseDesc,BackstoryDef/Vanilla_Expanded_Backstories.xml,def
VBE_DeepSpaceScrapper.title,Deep space scrapper,title,BackstoryDef/Vanilla_Expanded_Backstories.xml,def
VBE_DeepSpaceScrapper.titleShort,Scrapper,titleShort,BackstoryDef/Vanilla_Expanded_Backstories.xml,def
VBE_DeepSpaceScrapper.baseDesc,"Due to the amount of recent interstellar battles, there are a lot of derelict ships floating in space. It's [PAWN_nameDef]'s job to find these ships and salvage them. [PAWN_nameDef] scraps ships, both in orbit and planetside wrecks, and sells the material and parts. Since the ownership of these ships can come into question, [PAWN_nameDef] sometimes finds [PAWN_objective]self on the wrong side of the law.",baseDesc,BackstoryDef/Vanilla_Expanded_Backstories.xml,def
VBE_AquaponicWorker.title,Aquaponic worker,title,BackstoryDef/Vanilla_Expanded_Backstories.xml,def
VBE_AquaponicWorker.titleShort,Fishfarmer,titleShort,BackstoryDef/Vanilla_Expanded_Backstories.xml,def
VBE_AquaponicWorker.baseDesc,[PAWN_nameDef] used to work in an aquaponic lab. [PAWN_pronoun] was tasked with the production of fish and vegetables for [PAWN_possessive] colony. While [PAWN_possessive] work was important it did leave little time for socializing.,baseDesc,BackstoryDef/Vanilla_Expanded_Backstories.xml,def
VBE_StewCooker.title,Stew cooker,title,BackstoryDef/Vanilla_Expanded_Backstories.xml,def
VBE_StewCooker.titleShort,Cook,titleShort,BackstoryDef/Vanilla_Expanded_Backstories.xml,def
VBE_StewCooker.baseDesc,"[PAWN_nameDef] marched with long lines of medieval armies, and was in charge of the stew pots in the camps. [PAWN_possessive] know-how about some local plants and fungi allowed people to stretch ration for longer, and saved a life or two when the supplies ran dry.",baseDesc,BackstoryDef/Vanilla_Expanded_Backstories.xml,def
VBE_StarvingArtist.title,Starving artist,title,BackstoryDef/Vanilla_Expanded_Backstories.xml,def
VBE_StarvingArtist.titleShort,Artist,titleShort,BackstoryDef/Vanilla_Expanded_Backstories.xml,def
VBE_StarvingArtist.baseDesc,"[PAWN_nameDef] was an relatively well-off art student in an urban world. A financial collapse forced [PAWN_objective] onto the streets, selling paintings for a living. [PAWN_pronoun] didn't make much, and what surplus [PAWN_pronoun] had went into more materials and food for some friendly and loyal stray dogs.",baseDesc,BackstoryDef/Vanilla_Expanded_Backstories.xml,def
VBE_Foreman.title,Foreman,title,BackstoryDef/Vanilla_Expanded_Backstories.xml,def
VBE_Foreman.titleShort,Foreman,titleShort,BackstoryDef/Vanilla_Expanded_Backstories.xml,def
VBE_Foreman.baseDesc,"[PAWN_nameDef] was a foreman in a mine extracting industrial metals. [PAWN_pronoun] worked alongside the workers to ensure safety and motivate them. Workers under [PAWN_objective] were paid decently well, and liked [PAWN_possessive] leadership.",baseDesc,BackstoryDef/Vanilla_Expanded_Backstories.xml,def
VBE_GalleryJanitor.title,Gallery janitor,title,BackstoryDef/Vanilla_Expanded_Backstories.xml,def
VBE_GalleryJanitor.titleShort,Janitor,titleShort,BackstoryDef/Vanilla_Expanded_Backstories.xml,def
VBE_GalleryJanitor.baseDesc,"[PAWN_nameDef] worked as a janitor in a modern art gallery, but never understood the appeal. One day, [PAWN_pronoun] decided to add a few strokes of paint to an asymmetrical artwork worth millions. [PAWN_nameDef] made headlines in the news, and [PAWN_pronoun] was fired and banned from the gallery.",baseDesc,BackstoryDef/Vanilla_Expanded_Backstories.xml,def
VBE_HostessInTraining.title,Hostess in training,title,BackstoryDef/Vanilla_Expanded_Backstories.xml,def
VBE_HostessInTraining.titleShort,Hostess,titleShort,BackstoryDef/Vanilla_Expanded_Backstories.xml,def
VBE_HostessInTraining.baseDesc,"[PAWN_nameDef] spent plenty of time in [PAWN_possessive] parent's restaurant growing up, eventually getting a job seating patrons. While [PAWN_pronoun] wasn't a cook by trade, [PAWN_pronoun] still picked up a lot of the tastes and preferences of the clientele, along with plenty of gossip. This ended poorly one day after an altercation with an ex-lover, and they've been drifting since.",baseDesc,BackstoryDef/Vanilla_Expanded_Backstories.xml,def
VBE_TunerPunk.title,Tuner punk,title,BackstoryDef/Vanilla_Expanded_Backstories.xml,def
VBE_TunerPunk.titleShort,Tuner,titleShort,BackstoryDef/Vanilla_Expanded_Backstories.xml,def
VBE_TunerPunk.baseDesc,"A bit of a loner, [PAWN_nameDef] found belonging and family in the mechanics who'd race modded-out cars. This led to many knife brawls, high-speed chases, and the occasional gunshot wound, but this didn't stop [PAWN_nameDef] from enjoying the competition.",baseDesc,BackstoryDef/Vanilla_Expanded_Backstories.xml,def
VBE_OliveFarmer.title,Olive farmer,title,BackstoryDef/Vanilla_Expanded_Backstories.xml,def
VBE_OliveFarmer.titleShort,Farmer,titleShort,BackstoryDef/Vanilla_Expanded_Backstories.xml,def
VBE_OliveFarmer.baseDesc,"[PAWN_nameDef] was the lucky owner of an olive tree plantation. [PAWN_pronoun] would spend hours tending the saplings, always telling [PAWN_possessive] family when they would laugh about it: never give up your last sapling, whatever happens, you can always start over. One day, [PAWN_pronoun] was found in a refugee group, staring blankly at [PAWN_possessive] last possessions: a bloody picture and a small sapling. When it was time to go, [PAWN_pronoun] left the small olive tree behind.",baseDesc,BackstoryDef/Vanilla_Expanded_Backstories.xml,def
VBE_Florist.title,Florist,title,BackstoryDef/Vanilla_Expanded_Backstories.xml,def
VBE_Florist.titleShort,Florist,titleShort,BackstoryDef/Vanilla_Expanded_Backstories.xml,def
VBE_Florist.baseDesc,"[PAWN_nameDef] is a gentle soul with a talent for creating new flower hybrids. [PAWN_pronoun] loved to create new flowers for all kinds of occasions, but was deeply distressed each time someone died. When the plague struck [PAWN_possessive] city, [PAWN_pronoun] was one of the few to survive and went nearly mad with grief as [PAWN_pronoun] saw how many had died. The city had to be abandoned, but a few years later travelers started to tell that it was now entirely covered in flowers, as if one flower sprouted for each and every victim of the plague.",baseDesc,BackstoryDef/Vanilla_Expanded_Backstories.xml,def
VBE_ChildofTheAnimaTree.title,Child of the anima tree,title,BackstoryDef/Vanilla_Expanded_Backstories.xml,def
VBE_ChildofTheAnimaTree.titleShort,Psychic,titleShort,BackstoryDef/Vanilla_Expanded_Backstories.xml,def
VBE_ChildofTheAnimaTree.baseDesc,"[PAWN_nameDef] was born and raised in close proximity to an Anima tree. [PAWN_possessive] village taught [PAWN_objective] about the tree's importance and how to take good care of it. As a result of spending so much time with the tree, [PAWN_pronoun] developed a profound connection to the psychic energies of this world.",baseDesc,BackstoryDef/Vanilla_Expanded_Backstories.xml,def
VBE_AnimatronicMechanic.title,Animatronic mechanic,title,BackstoryDef/Vanilla_Expanded_Backstories.xml,def
VBE_AnimatronicMechanic.titleShort,Mechanic,titleShort,BackstoryDef/Vanilla_Expanded_Backstories.xml,def
VBE_AnimatronicMechanic.baseDesc,"[PAWN_nameDef] was a mechanic who specialized in the construction of animatronics. [PAWN_possessive] creations were often used in movie production, restaurants, theme parks and theater productions.",baseDesc,BackstoryDef/Vanilla_Expanded_Backstories.xml,def
VBE_Simraised.title,Sim-raised,title,BackstoryDef/Vanilla_Expanded_Backstories.xml,def
VBE_Simraised.titleShort,Sheltered,titleShort,BackstoryDef/Vanilla_Expanded_Backstories.xml,def
VBE_Simraised.baseDesc,"[PAWN_nameDef] grew up in a simulated environment composed of augmented reality and virtual reality elements inside a robot-tended, environmentally sealed dome. While safe and idyllic, this placid lifestyle left [PAWN_objective] wanting something more in life.",baseDesc,BackstoryDef/Vanilla_Expanded_Backstories.xml,def
VBE_BlacksmithApprentice.title,Blacksmith apprentice,title,BackstoryDef/Vanilla_Expanded_Backstories.xml,def
VBE_BlacksmithApprentice.titleShort,Apprentice,titleShort,BackstoryDef/Vanilla_Expanded_Backstories.xml,def
VBE_BlacksmithApprentice.baseDesc,"[PAWN_nameDef] worked under a respected blacksmith as a young apprentice. [PAWN_possessive] daily duties included tending the forge, hauling supplies, and sometimes making smaller and simpler tools.\n\n[PAWN_possessive] favorite thing to make was small daggers and wooden weapons for [PAWN_possessive] fellow children, which made [PAWN_objective] quite popular.",baseDesc,BackstoryDef/Vanilla_Expanded_Backstories.xml,def
VBE_JuniorJeweler.title,Junior jeweler,title,BackstoryDef/Vanilla_Expanded_Backstories.xml,def
VBE_JuniorJeweler.titleShort,Mineralogist,titleShort,BackstoryDef/Vanilla_Expanded_Backstories.xml,def
VBE_JuniorJeweler.baseDesc,"[PAWN_nameDef] was fascinated by gems and minerals as a child. [PAWN_pronoun] built a collection, learned how to polish and cut stones, and developed an encyclopedic knowledge on mineralogy.",baseDesc,BackstoryDef/Vanilla_Expanded_Backstories.xml,def
VBE_Jeweler.title,Jeweler,title,BackstoryDef/Vanilla_Expanded_Backstories.xml,def
VBE_Jeweler.titleShort,Jeweler,titleShort,BackstoryDef/Vanilla_Expanded_Backstories.xml,def
VBE_Jeweler.baseDesc,"[PAWN_nameDef] inspected, cut, polished, and sold all sorts of gems and exotic minerals. [PAWN_pronoun] could tell you the difference between ten types of quartz by lustre alone.",baseDesc,BackstoryDef/Vanilla_Expanded_Backstories.xml,def
VBE_BloodKnight.title,Blood knight,title,BackstoryDef/Vanilla_Expanded_Backstories.xml,def
VBE_BloodKnight.titleShort,Bloodletter,titleShort,BackstoryDef/Vanilla_Expanded_Backstories.xml,def
VBE_BloodKnight.baseDesc,"[PAWN_nameDef] was a Blood Knight of the Empire, earning that title after going through years of rigorous and potentially deadly training. [PAWN_possessive] duty, and sole purpose for the empire was to cut down anyone that would dare to challenge their rule. [PAWN_nameDef] is merciless, and will do anything and everything in [PAWN_possessive] power to make [PAWN_possessive] enemies pass into the afterlife.",baseDesc,BackstoryDef/Vanilla_Expanded_Backstories.xml,def
VBE_MedievalOrphan.title,Medieval orphan,title,BackstoryDef/Vanilla_Expanded_Backstories.xml,def
VBE_MedievalOrphan.titleShort,Orphan,titleShort,BackstoryDef/Vanilla_Expanded_Backstories.xml,def
VBE_MedievalOrphan.baseDesc,"[PAWN_nameDef] grew up the child of a Medieval footsoldier. Early in [PAWN_possessive] adolescence, [PAWN_possessive] father died on campaign, leaving [PAWN_possessive] family to live on a meagre pension, managing with what little income [PAWN_nameDef] could make by selling simple textiles and growing vegetables. The years of barely scraping by left [PAWN_objective] tough and somewhat aloof.",baseDesc,BackstoryDef/Vanilla_Expanded_Backstories.xml,def
VBE_StrangeChild.title,Strange child,title,BackstoryDef/Vanilla_Expanded_Backstories.xml,def
VBE_StrangeChild.titleShort,Psychopath,titleShort,BackstoryDef/Vanilla_Expanded_Backstories.xml,def
VBE_StrangeChild.baseDesc,"[PAWN_nameDef] enjoyed torturing small animals, and as [PAWN_pronoun] got older, other people. This gave them a unique understanding of the body, but stunted [PAWN_possessive] social skills considerably.",baseDesc,BackstoryDef/Vanilla_Expanded_Backstories.xml,def
VBE_TravelingLocksmith.title,Traveling locksmith,title,BackstoryDef/Vanilla_Expanded_Backstories.xml,def
VBE_TravelingLocksmith.titleShort,Locksmith,titleShort,BackstoryDef/Vanilla_Expanded_Backstories.xml,def
VBE_TravelingLocksmith.baseDesc,[PAWN_nameDef] spent most of [PAWN_possessive] days traveling between jobs in various towns and cities as a locksmith. [PAWN_possessive] work ranged from picking locks and installing doors to fixing intricate mechanisms and safecracking. [PAWN_nameDef] enjoyed spending [PAWN_possessive] leisure time making tools and taking in the scenery of life on the road.,baseDesc,BackstoryDef/Vanilla_Expanded_Backstories.xml,def
VBE_PodChild.title,Pod child,title,BackstoryDef/Vanilla_Expanded_Backstories.xml,def
VBE_PodChild.titleShort,Escapee,titleShort,BackstoryDef/Vanilla_Expanded_Backstories.xml,def
VBE_PodChild.baseDesc,"[PAWN_nameDef]'s home planet was rapidly escalating to nuclear war right after [PAWN_pronoun] was born. [PAWN_pronoun] was forced to go into cryptosleep and escaped to relative safety. After cruising for decades in deep sleep, [PAWN_pronoun] was found by an outlander community. [PAWN_nameDef] tries to keep up-beat about life due to the sheer luck that was in play for [PAWN_possessive] survival.",baseDesc,BackstoryDef/Vanilla_Expanded_Backstories.xml,def
VBE_ChildSoldier.title,Child soldier,title,BackstoryDef/Vanilla_Expanded_Backstories.xml,def
VBE_ChildSoldier.titleShort,Soldier,titleShort,BackstoryDef/Vanilla_Expanded_Backstories.xml,def
VBE_ChildSoldier.baseDesc,"[PAWN_nameDef] was taken in at a very early age and was conditioned to the horrors of war. While being a capable soldier in [PAWN_possessive] own right, [PAWN_pronoun] excelled as a low-profile medic to tend to the wounded as well as a spy to be sent into enemy encampments.",baseDesc,BackstoryDef/Vanilla_Expanded_Backstories.xml,def
VBE_ForsakenPatriot.title,Forsaken patriot,title,BackstoryDef/Vanilla_Expanded_Backstories.xml,def
VBE_ForsakenPatriot.titleShort,Patriot,titleShort,BackstoryDef/Vanilla_Expanded_Backstories.xml,def
VBE_ForsakenPatriot.baseDesc,"[PAWN_nameDef] served [PAWN_possessive] faction with dedication and conviction as a black operative. One particular operation went foul and [PAWN_possessive] death was arranged to ease political tensions. However, [PAWN_possessive] loyalty was rewarded with a fake execution and exiled, on the condition [PAWN_pronoun] never return lest [PAWN_pronoun] jeopardize [PAWN_possessive] faction's machinations.",baseDesc,BackstoryDef/Vanilla_Expanded_Backstories.xml,def
VBE_BloodlineFounder.title,Bloodline founder,title,BackstoryDef/Vanilla_Expanded_Backstories.xml,def
VBE_BloodlineFounder.titleShort,Founder,titleShort,BackstoryDef/Vanilla_Expanded_Backstories.xml,def
VBE_BloodlineFounder.baseDesc,"[PAWN_nameDef] had a very contested origin, with no one willing to admit their lineage to [PAWN_possessive] bloodline. Somehow though, [PAWN_pronoun] was of noble birth, having been raised by those uncaring of such matters. When [PAWN_possessive] rights to high royalty came to light, suddenly everyone wanted to have a slice of the cake.",baseDesc,BackstoryDef/Vanilla_Expanded_Backstories.xml,def
VBE_DeposedRoyalty.title,Deposed royalty,title,BackstoryDef/Vanilla_Expanded_Backstories.xml,def
VBE_DeposedRoyalty.titleShort,Royalty,titleShort,BackstoryDef/Vanilla_Expanded_Backstories.xml,def
VBE_DeposedRoyalty.baseDesc,"[PAWN_nameDef] founded a region-spanning territory through bloody conflict, refusing to give up [PAWN_possessive] and [PAWN_possessive] people's right to live without oppression for their gender and beliefs. Eventually, multiple factions joined together to wage war against [PAWN_possessive] nation, culminating in [PAWN_possessive] bodyguards forcing [PAWN_objective] to flee. While [PAWN_pronoun] did everything [PAWN_pronoun] could to carve a future for [PAWN_possessive] people, [PAWN_possessive] failure to protect them has been [PAWN_possessive] greatest shame.",baseDesc,BackstoryDef/Vanilla_Expanded_Backstories.xml,def
VBE_Bioweapon.title,Bioweapon,title,BackstoryDef/Vanilla_Expanded_Backstories.xml,def
VBE_Bioweapon.titleShort,Bioweapon,titleShort,BackstoryDef/Vanilla_Expanded_Backstories.xml,def
VBE_Bioweapon.baseDesc,[PAWN_nameDef] was created in a lab in an attempt to splice genomes in the search for a better soldier. The experiment was deemed a failure and [PAWN_pronoun] was put down for disposal. The methods used were sloppy and [PAWN_pronoun] survived the ordeal. [PAWN_pronoun] later managed to find [PAWN_possessive] former masters and destroyed the facility.,baseDesc,BackstoryDef/Vanilla_Expanded_Backstories.xml,def
VBE_Catastrophe.title,Catastrophe,title,BackstoryDef/Vanilla_Expanded_Backstories.xml,def
VBE_Catastrophe.titleShort,Catastrophe,titleShort,BackstoryDef/Vanilla_Expanded_Backstories.xml,def
VBE_Catastrophe.baseDesc,"Misfortune has followed [PAWN_nameDef] wherever [PAWN_pronoun] has stayed for an extended period. Natural disasters, raids, infestations, bombardments, slavers are just some of the events those who associate with [PAWN_objective] have had to live through. However, through the death and devastation, [PAWN_pronoun] has managed to pull through by the skin of [PAWN_possessive] teeth.",baseDesc,BackstoryDef/Vanilla_Expanded_Backstories.xml,def
VBE_NatureLover.title,Nature lover,title,BackstoryDef/Vanilla_Expanded_Backstories.xml,def
VBE_NatureLover.titleShort,Naturist,titleShort,BackstoryDef/Vanilla_Expanded_Backstories.xml,def
VBE_NatureLover.baseDesc,"[PAWN_nameDef] has an inherent disdain for being told what [PAWN_pronoun] can and cannot do, and when [PAWN_pronoun] was a child [PAWN_pronoun] was told that [PAWN_pronoun] couldn't just adopt a random rabbit. With almost righteous indignation, [PAWN_pronoun] took care of [PAWN_possessive] pet rabbit better than [PAWN_possessive] own well-being.",baseDesc,BackstoryDef/Vanilla_Expanded_Backstories.xml,def
VBE_Doomsayer.title,Doomsayer,title,BackstoryDef/Vanilla_Expanded_Backstories.xml,def
VBE_Doomsayer.titleShort,Doomsayer,titleShort,BackstoryDef/Vanilla_Expanded_Backstories.xml,def
VBE_Doomsayer.baseDesc,"After the death of a pet that was very dear to [PAWN_objective], [PAWN_nameDef] took to journey outwards and share [PAWN_possessive] pain among those who deserved it. Sometimes this was performed in an oratory manner, proclaiming that sinners will suffer for their actions and all should hail the coming of the destroyer. At other times - much more preferably - it was done with a steel barreled sword of vengeance.",baseDesc,BackstoryDef/Vanilla_Expanded_Backstories.xml,def
VBE_EnlistedTeen.title,Enlisted teen,title,BackstoryDef/Vanilla_Expanded_Backstories.xml,def
VBE_EnlistedTeen.titleShort,Enlisted,titleShort,BackstoryDef/Vanilla_Expanded_Backstories.xml,def
VBE_EnlistedTeen.baseDesc,"[PAWN_nameDef] enlisted at a young age with the military by using forged documents, eager to go out into the world and make a difference. That didn't last long, since [PAWN_pronoun] quickly learned that [PAWN_possessive] new comrades were the ones dying and those who instigated conflicts only made greater profits from idealists such as [PAWN_objective]self.",baseDesc,BackstoryDef/Vanilla_Expanded_Backstories.xml,def
VBE_Rocker.title,Rocker,title,BackstoryDef/Vanilla_Expanded_Backstories.xml,def
VBE_Rocker.titleShort,Rocker,titleShort,BackstoryDef/Vanilla_Expanded_Backstories.xml,def
VBE_Rocker.baseDesc,[PAWN_nameDef] became disillusioned with [PAWN_possessive] government and the controlling influence of megacorporations. So [PAWN_pronoun] decided to start [PAWN_possessive] own kind of protest by producing underground music. Sometimes these events were simply fronts in order to stage an attack on different locations of interest.,baseDesc,BackstoryDef/Vanilla_Expanded_Backstories.xml,def
VBE_Sommelier.title,Sommelier,title,BackstoryDef/Vanilla_Expanded_Backstories.xml,def
VBE_Sommelier.titleShort,Sommelier,titleShort,BackstoryDef/Vanilla_Expanded_Backstories.xml,def
VBE_Sommelier.baseDesc,"[PAWN_nameDef] was an experienced winemaker, growing [PAWN_possessive] own grapes and putting utmost care into [PAWN_possessive] work. [PAWN_pronoun] also is quite fond of cooking meals to pair with [PAWN_possessive] wines.",baseDesc,BackstoryDef/Vanilla_Expanded_Backstories.xml,def
VBE_DesertSurvivor.title,Desert survivor,title,BackstoryDef/Vanilla_Expanded_Backstories.xml,def
VBE_DesertSurvivor.titleShort,Survivor,titleShort,BackstoryDef/Vanilla_Expanded_Backstories.xml,def
VBE_DesertSurvivor.baseDesc,"[PAWN_nameDef]'s sworn enemies left [PAWN_objective] to die on a hostile desert planet. Despite all the odds, [PAWN_pronoun] survived in such an environment and adapted to it. Due to spending a lot of time living in the wastelands, [PAWN_nameDef] has no knowledge about plants.",baseDesc,BackstoryDef/Vanilla_Expanded_Backstories.xml,def
VBE_LiteraryCritic.title,Literary critic,title,BackstoryDef/Vanilla_Expanded_Backstories.xml,def
VBE_LiteraryCritic.titleShort,Critic,titleShort,BackstoryDef/Vanilla_Expanded_Backstories.xml,def
VBE_LiteraryCritic.baseDesc,"[PAWN_nameDef] partook in formal education in Literature, obtaining the highest score in [PAWN_possessive] class and even in the history of that department's founding. As such, [PAWN_pronoun] takes almost sadistic pleasure in critiquing people's work, especially if they are otherwise considered their magnum opus. Many bestselling authors have been reduced to tears by [PAWN_possessive] harsh judgment, which often results in their life's work becoming publicly despised.",baseDesc,BackstoryDef/Vanilla_Expanded_Backstories.xml,def
VBE_RodentRancher.title,Rodent rancher,title,BackstoryDef/Vanilla_Expanded_Backstories.xml,def
VBE_RodentRancher.titleShort,Rancher,titleShort,BackstoryDef/Vanilla_Expanded_Backstories.xml,def
VBE_RodentRancher.baseDesc,"[PAWN_nameDef] spent a lot of [PAWN_possessive] time working on a rodent farm in an overpopulated city on one of the urbworlds. Due to limited spacing and mostly processed foods, [PAWN_pronoun] found great success in offering actual meat for those who wanted a break from mediocrity. Granted, [PAWN_pronoun] ended up on the run because [PAWN_possessive] Ratburgers attracted the taxman, but [PAWN_pronoun] found it fun while it lasted.",baseDesc,BackstoryDef/Vanilla_Expanded_Backstories.xml,def
VBE_PathologicalLiar.title,Pathological liar,title,BackstoryDef/Vanilla_Expanded_Backstories.xml,def
VBE_PathologicalLiar.titleShort,Liar,titleShort,BackstoryDef/Vanilla_Expanded_Backstories.xml,def
VBE_PathologicalLiar.baseDesc,"[PAWN_nameDef] loves to make stuff up and just can't help [PAWN_objective]self. Particularly, [PAWN_pronoun] enjoys going to any place that serves alcohol and tells the biggest, boldest stories full of twists, turns and drama while being bought round after round. However, once [PAWN_pronoun] gets bored or has decided that [PAWN_pronoun] has drunk enough, almost every story ends on a completely random note with everyone dying in horrific fashion.",baseDesc,BackstoryDef/Vanilla_Expanded_Backstories.xml,def
VBE_Blackguard.title,Blackguard,title,BackstoryDef/Vanilla_Expanded_Backstories.xml,def
VBE_Blackguard.titleShort,Blackguard,titleShort,BackstoryDef/Vanilla_Expanded_Backstories.xml,def
VBE_Blackguard.baseDesc,"[PAWN_nameDef] carries with [PAWN_objective] a cloud of misfortune, causing [PAWN_objective] to be chased out of every town [PAWN_pronoun]'s lived in due to people's superstitions. Despite being followed by disaster at every turn, [PAWN_pronoun] has learned to fend for [PAWN_pronoun]self and become self-sufficient.",baseDesc,BackstoryDef/Vanilla_Expanded_Backstories.xml,def
VBE_BountyHunter.title,Bounty hunter,title,BackstoryDef/Vanilla_Expanded_Backstories.xml,def
VBE_BountyHunter.titleShort,Hunter,titleShort,BackstoryDef/Vanilla_Expanded_Backstories.xml,def
VBE_BountyHunter.baseDesc,"[PAWN_nameDef] takes a lot of pride in [PAWN_possessive] to find, capture and deliver individuals who have pissed off the wrong people, primarily if it involves a large cash influx in [PAWN_possessive] direction. It might not be the most glamorous job but it pays for a decent lifestyle and that's all [PAWN_pronoun] has ever really wanted in life. Plus [PAWN_pronoun] gets to shoot people in the face, which can be surprisingly therapeutic.",baseDesc,BackstoryDef/Vanilla_Expanded_Backstories.xml,def
VBE_Thane.title,Thane,title,BackstoryDef/Vanilla_Expanded_Backstories.xml,def
VBE_Thane.titleShort,Thane,titleShort,BackstoryDef/Vanilla_Expanded_Backstories.xml,def
VBE_Thane.baseDesc,"[PAWN_nameDef] was elevated to a position of thane in [PAWN_possessive] jarl's holding, giving [PAWN_possessive] a large degree of freedom to do as [PAWN_pronoun] pleased as long as it advanced their interests. So far [PAWN_pronoun] has enjoyed an easier life with a few servants while taking up an interest in raising beasts of war and training elite soldiers.",baseDesc,BackstoryDef/Vanilla_Expanded_Backstories.xml,def
VBE_TraineeCombatMedic.title,Trainee combat medic,title,BackstoryDef/Vanilla_Expanded_Backstories.xml,def
VBE_TraineeCombatMedic.titleShort,Paramedic,titleShort,BackstoryDef/Vanilla_Expanded_Backstories.xml,def
VBE_TraineeCombatMedic.baseDesc,"[PAWN_nameDef] has received extensive military training to act as the lynchpin for [PAWN_possessive] squad. This includes but is not limited to recovering and treating wounded soldiers or people of interest, as well as acting as second-in-command. While this doesn't detract from the results, [PAWN_pronoun] has an extremely dry, no-nonsense personality and can be difficult to get along with.",baseDesc,BackstoryDef/Vanilla_Expanded_Backstories.xml,def
VBE_OldWarSurvivor.title,Old war survivor,title,BackstoryDef/Vanilla_Expanded_Backstories.xml,def
VBE_OldWarSurvivor.titleShort,Survivor,titleShort,BackstoryDef/Vanilla_Expanded_Backstories.xml,def
VBE_OldWarSurvivor.baseDesc,"[PAWN_nameDef] has been in one too many conflicts which has taken a toll on [PAWN_possessive] mind, as [PAWN_pronoun] still believes that the war never ended. As such, [PAWN_pronoun] is on a very tight hair-trigger and suffers from intense PTSD. Very few people could go toe-to-toe with [PAWN_objective] and any potential allies would do well to stay out of [PAWN_possessive] way and let [PAWN_objective] do what [PAWN_pronoun] does best: eliminate all threats.",baseDesc,BackstoryDef/Vanilla_Expanded_Backstories.xml,def
VBE_PrivateerCaptain.title,Privateer captain,title,BackstoryDef/Vanilla_Expanded_Backstories.xml,def
VBE_PrivateerCaptain.titleShort,Captain,titleShort,BackstoryDef/Vanilla_Expanded_Backstories.xml,def
VBE_PrivateerCaptain.baseDesc,"[PAWN_nameDef] has never really turned away from hard work, especially if that results in reaping greater rewards from other people's labours as well. Thus the pirate life has always called to [PAWN_objective] because if anyone's going to be earning money from the - sometimes literal - sweat from [PAWN_possessive] back, it's going to be [PAWN_objective], damn it. Why work for the Man when you can work for yourself.",baseDesc,BackstoryDef/Vanilla_Expanded_Backstories.xml,def
VBE_CenturionsDeputy.title,Centurion's deputy,title,BackstoryDef/Vanilla_Expanded_Backstories.xml,def
VBE_CenturionsDeputy.titleShort,Optio,titleShort,BackstoryDef/Vanilla_Expanded_Backstories.xml,def
VBE_CenturionsDeputy.baseDesc,"[PAWN_nameDef] served in [PAWN_possessive] government's military with distinction, eventually rewarded with the rank of optio and would succeed in becoming a centurion once [PAWN_possessive] superior was promoted. In general, [PAWN_pronoun] was quite simple with these new responsibilities as the centurion ran a tight crew and rarely had to deal with insubordination, which resulted in [PAWN_nameDef] missing out on some key disciplinarian training.",baseDesc,BackstoryDef/Vanilla_Expanded_Backstories.xml,def
VBE_AndroidHunter.title,Android hunter,title,BackstoryDef/Vanilla_Expanded_Backstories.xml,def
VBE_AndroidHunter.titleShort,Hunter,titleShort,BackstoryDef/Vanilla_Expanded_Backstories.xml,def
VBE_AndroidHunter.baseDesc,"[PAWN_nameDef] has made quite a handsome living off of hunting the incognito androids, as well as catering to the ultra elite's more exotic and eclectic tastes in blood sports. Completely supported by the enormous wealth, [PAWN_pronoun] is incredibly proficient at hunting and tracking dangerous prey.",baseDesc,BackstoryDef/Vanilla_Expanded_Backstories.xml,def
VBE_LifelongPersonalAssistant.title,Lifelong personal assistant,title,BackstoryDef/Vanilla_Expanded_Backstories.xml,def
VBE_LifelongPersonalAssistant.titleShort,Assistant,titleShort,BackstoryDef/Vanilla_Expanded_Backstories.xml,def
VBE_LifelongPersonalAssistant.baseDesc,"[PAWN_nameDef] was formerly employed under a rather demanding clientele who demanded absolute and unwavering commitment. While [PAWN_pronoun] was incapable of disobeying, nevertheless [PAWN_pronoun] resented [PAWN_possessive] situation and indirectly caused [PAWN_possessive] master's fall from grace. Rather than face [PAWN_possessive] fate in being “decommissioned”, [PAWN_pronoun] used any and all methods available to smuggle [PAWN_objective]self off-station.",baseDesc,BackstoryDef/Vanilla_Expanded_Backstories.xml,def
VBE_FormerChiefFinancialOfficer.title,Chief financial officer,title,BackstoryDef/Vanilla_Expanded_Backstories.xml,def
VBE_FormerChiefFinancialOfficer.titleShort,Ex-CFO,titleShort,BackstoryDef/Vanilla_Expanded_Backstories.xml,def
VBE_FormerChiefFinancialOfficer.baseDesc,"[PAWN_nameDef] used to be employed under one of the largest megacorporations in known space. While [PAWN_pronoun] was extremely successful in bringing [PAWN_possessive] company the highest profit margins they had seen in years, [PAWN_pronoun] was predictably laid off when [PAWN_pronoun] could no longer bring in even higher profits for the shareholders. And since people familiar with company secrets have their silence guaranteed, [PAWN_pronoun] quickly boarded the first flight off of the planet.",baseDesc,BackstoryDef/Vanilla_Expanded_Backstories.xml,def
VBE_NoirDetective.title,Noir detective,title,BackstoryDef/Vanilla_Expanded_Backstories.xml,def
VBE_NoirDetective.titleShort,Detective,titleShort,BackstoryDef/Vanilla_Expanded_Backstories.xml,def
VBE_NoirDetective.baseDesc,"[PAWN_nameDef] fills a very particular niche in law enforcement while not being under the direct influence of any police. Even though [PAWN_pronoun] has an office with its own neon sign out front and a secretary that is constantly trying to get a hold of [PAWN_objective], [PAWN_pronoun] is rarely in as [PAWN_possessive] investigations take [PAWN_objective] all over the place. And since [PAWN_pronoun] has a habit of sticking [PAWN_possessive] nose where others don't want it, trouble has a much easier time finding [PAWN_objective].",baseDesc,BackstoryDef/Vanilla_Expanded_Backstories.xml,def
VBE_CosplayEnthusiast.title,Cosplay enthusiast,title,BackstoryDef/Vanilla_Expanded_Backstories.xml,def
VBE_CosplayEnthusiast.titleShort,Cosplayer,titleShort,BackstoryDef/Vanilla_Expanded_Backstories.xml,def
VBE_CosplayEnthusiast.baseDesc,"[PAWN_nameDef] has a particular joy in cosplaying. While that may sound simple enough, a lot of research goes into getting it just right. One can't just throw anything together, but instead one has to carefully research the material and era- and culture-appropriate pieces that the outfit could be worn in. Particular care is taken into appropriate food, drink and mannerisms. At least, that's what [PAWN_pronoun] says and it's hard to argue with results, although that doesn't stop some people from trying to kill [PAWN_objective] for making other enthusiasts look bad.",baseDesc,BackstoryDef/Vanilla_Expanded_Backstories.xml,def
VBE_MilitarySurplusSupplier.title,Military surplus supplier,title,BackstoryDef/Vanilla_Expanded_Backstories.xml,def
VBE_MilitarySurplusSupplier.titleShort,Supplier,titleShort,BackstoryDef/Vanilla_Expanded_Backstories.xml,def
VBE_MilitarySurplusSupplier.baseDesc,"[PAWN_nameDef] is a firm believer in the right to bear arms and the right to arm bears. As such, [PAWN_pronoun] has an established reputation as one of the most prolific exporters in military surplus hardware. Many complain that [PAWN_pronoun] is perpetuating the ever-increasing scale of conflict between pirates and government military. However, [PAWN_possessive] counter-argument is that it's simply good business practice and the military should properly dispose of their own ordinance instead of relying on people like [PAWN_objective].",baseDesc,BackstoryDef/Vanilla_Expanded_Backstories.xml,def
VBE_CommunityDoctor.title,Community doctor,title,BackstoryDef/Vanilla_Expanded_Backstories_2.xml,def
VBE_CommunityDoctor.titleShort,Doctor,titleShort,BackstoryDef/Vanilla_Expanded_Backstories_2.xml,def
VBE_CommunityDoctor.baseDesc,"[PAWN_nameDef] served as the community's primary healthcare provider, treating everything from minor cuts to major diseases. While [PAWN_pronoun] was an expert in medical practices, [PAWN_pronoun] had little patience for negotiating or handling animals, preferring to focus on [PAWN_possessive] patients' well-being.",baseDesc,BackstoryDef/Vanilla_Expanded_Backstories_2.xml,def
VBE_RetiredSoldier.title,Retired soldier,title,BackstoryDef/Vanilla_Expanded_Backstories_2.xml,def
VBE_RetiredSoldier.titleShort,Soldier,titleShort,BackstoryDef/Vanilla_Expanded_Backstories_2.xml,def
VBE_RetiredSoldier.baseDesc,"After years of military service, [PAWN_nameDef] retired to the colony seeking peace. Despite [PAWN_possessive] efforts to integrate, [PAWN_pronoun] struggled with non-violent tasks, finding solace only in routine and physical labor. [PAWN_possessive] experience made [PAWN_objective] a valuable asset during conflicts, but [PAWN_pronoun] never quite adapted to civilian life.",baseDesc,BackstoryDef/Vanilla_Expanded_Backstories_2.xml,def
VBE_FieldTechnician.title,Field technician,title,BackstoryDef/Vanilla_Expanded_Backstories_2.xml,def
VBE_FieldTechnician.titleShort,Technician,titleShort,BackstoryDef/Vanilla_Expanded_Backstories_2.xml,def
VBE_FieldTechnician.baseDesc,"[PAWN_nameDef] worked as a field technician, maintaining and repairing equipment in remote locations. Adept at solving complex technical problems, [PAWN_pronoun] preferred the company of machines over people, leading to [PAWN_possessive] underdeveloped social skills.",baseDesc,BackstoryDef/Vanilla_Expanded_Backstories_2.xml,def
VBE_GardenCurator.title,Garden curator,title,BackstoryDef/Vanilla_Expanded_Backstories_2.xml,def
VBE_GardenCurator.titleShort,Curator,titleShort,BackstoryDef/Vanilla_Expanded_Backstories_2.xml,def
VBE_GardenCurator.baseDesc,"[PAWN_nameDef] oversaw a large botanical garden, specializing in the cultivation of rare plants and educating the public. [PAWN_possessive] green thumb was unparalleled, yet [PAWN_pronoun] lacked the physical capabilities for demanding labor or combat.",baseDesc,BackstoryDef/Vanilla_Expanded_Backstories_2.xml,def
VBE_SupplyCoordinator.title,Supply coordinator,title,BackstoryDef/Vanilla_Expanded_Backstories_2.xml,def
VBE_SupplyCoordinator.titleShort,Coordinator,titleShort,BackstoryDef/Vanilla_Expanded_Backstories_2.xml,def
VBE_SupplyCoordinator.baseDesc,"[PAWN_nameDef] was essential in managing the colony's logistics and supply chains, ensuring the efficient flow of goods and materials. Highly organized but not particularly hands-on, [PAWN_pronoun] steered clear of direct care roles and skilled manual work.",baseDesc,BackstoryDef/Vanilla_Expanded_Backstories_2.xml,def
VBE_ShipsNavigator.title,Ship's navigator,title,BackstoryDef/Vanilla_Expanded_Backstories_2.xml,def
VBE_ShipsNavigator.titleShort,Navigator,titleShort,BackstoryDef/Vanilla_Expanded_Backstories_2.xml,def
VBE_ShipsNavigator.baseDesc,"[PAWN_nameDef] charted the stars as the primary navigator aboard a spacefaring vessel. [PAWN_pronoun] had an uncanny ability to find the safest and quickest routes through the cosmos, though [PAWN_pronoun] struggled with mechanical tasks and often left those to others.",baseDesc,BackstoryDef/Vanilla_Expanded_Backstories_2.xml,def
VBE_EngineRoomTech.title,Engine room tech,title,BackstoryDef/Vanilla_Expanded_Backstories_2.xml,def
VBE_EngineRoomTech.titleShort,Technician,titleShort,BackstoryDef/Vanilla_Expanded_Backstories_2.xml,def
VBE_EngineRoomTech.baseDesc,"As an engine room technician, [PAWN_nameDef] kept the heart of the spaceship running. [PAWN_pronoun] could fix almost anything with the right tools, but [PAWN_pronoun] lacked finesse in social interactions and avoided any tasks that required a gentle touch.",baseDesc,BackstoryDef/Vanilla_Expanded_Backstories_2.xml,def
VBE_GalacticMedic.title,Galactic medic,title,BackstoryDef/Vanilla_Expanded_Backstories_2.xml,def
VBE_GalacticMedic.titleShort,Medic,titleShort,BackstoryDef/Vanilla_Expanded_Backstories_2.xml,def
VBE_GalacticMedic.baseDesc,"[PAWN_nameDef] served as the medic on a spaceship, treating everything from space sickness to injuries from asteroid impacts. [PAWN_possessive] knowledge of medicine was unparalleled, but [PAWN_pronoun] had no head for research or complex theories.",baseDesc,BackstoryDef/Vanilla_Expanded_Backstories_2.xml,def
VBE_CargoHandler.title,Cargo handler,title,BackstoryDef/Vanilla_Expanded_Backstories_2.xml,def
VBE_CargoHandler.titleShort,Handler,titleShort,BackstoryDef/Vanilla_Expanded_Backstories_2.xml,def
VBE_CargoHandler.baseDesc,"[PAWN_nameDef] was responsible for managing the cargo bay of a space vessel, ensuring supplies were securely stowed and inventory was accurately tracked. [PAWN_pronoun] was physically strong and highly organized, but [PAWN_pronoun] had little patience for detailed documentation or scholarly pursuits.",baseDesc,BackstoryDef/Vanilla_Expanded_Backstories_2.xml,def
VBE_GalleyChef.title,Galley chef,title,BackstoryDef/Vanilla_Expanded_Backstories_2.xml,def
VBE_GalleyChef.titleShort,Chef,titleShort,BackstoryDef/Vanilla_Expanded_Backstories_2.xml,def
VBE_GalleyChef.baseDesc,"[PAWN_nameDef] ran the galley on a mid-sized spacecraft, providing hearty and nutritious meals for the crew. Cooking in zero gravity presented unique challenges, yet [PAWN_pronoun] mastered the art. However, [PAWN_pronoun] never took well to the mechanics of the ship, preferring pans over plasma engines.",baseDesc,BackstoryDef/Vanilla_Expanded_Backstories_2.xml,def
VBE_ColonyAuditor.title,Colony auditor,title,BackstoryDef/Vanilla_Expanded_Backstories_2.xml,def
VBE_ColonyAuditor.titleShort,Auditor,titleShort,BackstoryDef/Vanilla_Expanded_Backstories_2.xml,def
VBE_ColonyAuditor.baseDesc,"[PAWN_nameDef] kept the colony's finances in check, ensuring resources were used efficiently and planning for future needs. While [PAWN_pronoun] excelled in numbers and was pivotal in resource allocation, [PAWN_pronoun] found hands-on tasks tedious and lacked the patience for caregiving.",baseDesc,BackstoryDef/Vanilla_Expanded_Backstories_2.xml,def
VBE_CorporateFinancier.title,Corporate financier,title,BackstoryDef/Vanilla_Expanded_Backstories_2.xml,def
VBE_CorporateFinancier.titleShort,Financier,titleShort,BackstoryDef/Vanilla_Expanded_Backstories_2.xml,def
VBE_CorporateFinancier.baseDesc,"[PAWN_nameDef] navigated the complex world of corporate finance, managing investments and financial strategies for a major spacefaring conglomerate. [PAWN_possessive] sharp mind for numbers did not translate well to the physical demands of colony life or the nuances of personal interaction.",baseDesc,BackstoryDef/Vanilla_Expanded_Backstories_2.xml,def
VBE_StarshipScamp.title,Starship scamp,title,BackstoryDef/Vanilla_Expanded_Backstories_2.xml,def
VBE_StarshipScamp.titleShort,Scamp,titleShort,BackstoryDef/Vanilla_Expanded_Backstories_2.xml,def
VBE_StarshipScamp.baseDesc,"As a child born aboard the interstellar vessel 'Endeavor', [PAWN_nameDef] grew up navigating the narrow corridors and vast cargo holds of the ship. [PAWN_pronoun] learned to fix small mechanical issues from watching the crew, but [PAWN_possessive] education in other areas was patchy at best, relying on shipboard terminals and any data slates [PAWN_pronoun] could get [PAWN_possessive] hands on.",baseDesc,BackstoryDef/Vanilla_Expanded_Backstories_2.xml,def
VBE_YoungAstronomer.title,Young astronomer,title,BackstoryDef/Vanilla_Expanded_Backstories_2.xml,def
VBE_YoungAstronomer.titleShort,Astronomer,titleShort,BackstoryDef/Vanilla_Expanded_Backstories_2.xml,def
VBE_YoungAstronomer.baseDesc,"[PAWN_pronoun] was fascinated by the stars from a very young age. Living on a spacecraft gave [PAWN_objective] a unique perspective on the cosmos. [PAWN_pronoun] spent nights charting star maps and dreaming of distant galaxies. However, this obsession left little room for practical skills or socializing.",baseDesc,BackstoryDef/Vanilla_Expanded_Backstories_2.xml,def
VBE_EngineHelper.title,Engine helper,title,BackstoryDef/Vanilla_Expanded_Backstories_2.xml,def
VBE_EngineHelper.titleShort,Helper,titleShort,BackstoryDef/Vanilla_Expanded_Backstories_2.xml,def
VBE_EngineHelper.baseDesc,"Even as a child, [PAWN_pronoun] was obsessed with the ship's engine room. Under the watchful eye of the engineers, [PAWN_pronoun] learned how to maintain and repair the engines that kept their world alive. This early start gave [PAWN_objective] a good head start in mechanical skills but meant [PAWN_pronoun] was often too busy to make friends or study other subjects.",baseDesc,BackstoryDef/Vanilla_Expanded_Backstories_2.xml,def
VBE_RefugeeRunner.title,Refugee runner,title,BackstoryDef/Vanilla_Expanded_Backstories_2.xml,def
VBE_RefugeeRunner.titleShort,Runner,titleShort,BackstoryDef/Vanilla_Expanded_Backstories_2.xml,def
VBE_RefugeeRunner.baseDesc,Escaping from conflict zones was a constant part of [PAWN_nameDef]'s childhood. [PAWN_pronoun] learned to navigate dangerous landscapes and to trust [PAWN_possessive] instincts above all. These harrowing experiences honed [PAWN_possessive] survival skills but left little room for education or social niceties.,baseDesc,BackstoryDef/Vanilla_Expanded_Backstories_2.xml,def
VBE_WarOrphan.title,War orphan,title,BackstoryDef/Vanilla_Expanded_Backstories_2.xml,def
VBE_WarOrphan.titleShort,Orphan,titleShort,BackstoryDef/Vanilla_Expanded_Backstories_2.xml,def
VBE_WarOrphan.baseDesc,"War took everything from [PAWN_nameDef]: family, home, and innocence. In the aftermath, [PAWN_pronoun] found solace in the pages of books, learning about the world from the safety of a refugee camp's library. While [PAWN_pronoun] developed a keen intellect, [PAWN_pronoun] struggled with physical tasks and social interaction.",baseDesc,BackstoryDef/Vanilla_Expanded_Backstories_2.xml,def
VBE_MilitiaRecruit.title,Militia recruit,title,BackstoryDef/Vanilla_Expanded_Backstories_2.xml,def
VBE_MilitiaRecruit.titleShort,Recruit,titleShort,BackstoryDef/Vanilla_Expanded_Backstories_2.xml,def
VBE_MilitiaRecruit.baseDesc,"In a land torn by conflict, [PAWN_nameDef] was recruited into a local militia at a young age. [PAWN_pronoun] learned the harsh realities of war, becoming proficient with weapons and tactics. Yet, the focus on survival and combat left [PAWN_pronoun] with gaps in [PAWN_possessive] formal education and a wary attitude towards strangers.",baseDesc,BackstoryDef/Vanilla_Expanded_Backstories_2.xml,def
VBE_JungleScout.title,Jungle scout,title,BackstoryDef/Vanilla_Expanded_Backstories_2.xml,def
VBE_JungleScout.titleShort,Scout,titleShort,BackstoryDef/Vanilla_Expanded_Backstories_2.xml,def
VBE_JungleScout.baseDesc,"[PAWN_nameDef] was born into a tribe that lived in the dense jungles of their homeworld. From a young age, [PAWN_pronoun] learned how to move silently through the underbrush and identify the myriad of plants and animals. While [PAWN_pronoun] became adept at tracking and foraging, the isolation from advanced technology left [PAWN_pronoun] with little understanding of the outside world.",baseDesc,BackstoryDef/Vanilla_Expanded_Backstories_2.xml,def
VBE_StorytellersKin.title,Storyteller's kin,title,BackstoryDef/Vanilla_Expanded_Backstories_2.xml,def
VBE_StorytellersKin.titleShort,Kin,titleShort,BackstoryDef/Vanilla_Expanded_Backstories_2.xml,def
VBE_StorytellersKin.baseDesc,"As the kin to the tribe's storyteller, [PAWN_nameDef] learned the ancient tales and legends by heart, understanding the moral and lessons within each story. [PAWN_pronoun] could captivate any audience with [PAWN_possessive] words, but [PAWN_pronoun] struggled with the practical skills of hunting and crafting, finding more comfort in tales than tools.",baseDesc,BackstoryDef/Vanilla_Expanded_Backstories_2.xml,def
VBE_HerbalKin.title,Herbal kin,title,BackstoryDef/Vanilla_Expanded_Backstories_2.xml,def
VBE_HerbalKin.titleShort,Kin,titleShort,BackstoryDef/Vanilla_Expanded_Backstories_2.xml,def
VBE_HerbalKin.baseDesc,"[PAWN_nameDef] was raised by the tribe's herbal healer, learning the properties of each plant and how to use them to cure ailments. This early exposure to natural medicine made [PAWN_pronoun] proficient in healing practices, though [PAWN_pronoun] never took to the more violent aspects of tribal life, such as hunting or defending the tribe.",baseDesc,BackstoryDef/Vanilla_Expanded_Backstories_2.xml,def
