key,text,tag,file,type
IncubatorProgress,Incubator progress,IncubatorProgress,Misc_Gameplay.xml,keyed
ResourceGrowth,Resource growth,ResourceGrowth,Misc_Gameplay.xml,keyed
FeatherGrowth,Feather growth,FeatherGrowth,Misc_Gameplay.xml,keyed
JellyGrowth,Royal jelly fullness,JellyGrowth,Misc_Gameplay.xml,keyed
VanillaJellyGrowth,Insect jelly fullness,VanillaJellyGrowth,Misc_Gameplay.xml,keyed
SilkGrowth,Silk growth,SilkGrowth,Misc_Gameplay.xml,keyed
PoisonGrowth,Poison fullness,PoisonGrowth,Misc_Gameplay.xml,keyed
GR_Neutroamine,Neutroamine production time,GR_Neutroamine,Misc_Gameplay.xml,keyed
GR_GoJuice,Go-Juice production,GR_GoJuice,Misc_Gameplay.xml,keyed
TentacleGrowth,Trimmable tentacle growth,TentacleGrowth,Misc_Gameplay.xml,keyed
JellyGrowthEldritch,Eldritch jelly fullness,JellyGrowthEldritch,Misc_Gameplay.xml,keyed
ChocolateEgg,Chocolate egg growth,ChocolateEgg,Misc_Gameplay.xml,keyed
Cryofuel,Deepchem production,Cryofuel,Misc_Gameplay.xml,keyed
ChemfuelProd,Chemfuel production,ChemfuelProd,Misc_Gameplay.xml,keyed
NeutroglycerinProd,Neutroglycerin production,NeutroglycerinProd,Misc_Gameplay.xml,keyed
ComponentIndustrialDesc,Industrial Component production,ComponentIndustrialDesc,Misc_Gameplay.xml,keyed
CastoreumProd,Castoreum production,CastoreumProd,Misc_Gameplay.xml,keyed
GR_AgeDiseaseLabel,Genetic disease,GR_AgeDiseaseLabel,Misc_Gameplay.xml,keyed
GR_AgeDiseaseText,"{0} has reached the limit of its stable lifespan, and has acquired a genetic disease: {1}\n\nGenetic diseases are incurable. They can be treated to delay the inevitable, but the animal will eventually perish.",GR_AgeDiseaseText,Misc_Gameplay.xml,keyed
GR_LackOfLove,Dying due to lack of love in: {0},GR_LackOfLove,Misc_Gameplay.xml,keyed
GR_CellularDegeneration,Cellular degeneration in: {0},GR_CellularDegeneration,Misc_Gameplay.xml,keyed
GR_CantResurrect,Animals that have been extracted can't be resurrected.,GR_CantResurrect,Misc_Gameplay.xml,keyed
GR_GeneticDiseasesIn,Genetic Diseases in: {0},GR_GeneticDiseasesIn,Misc_Gameplay.xml,keyed
GR_FleshGrowth,Spreading in darkness and producing flesh flies periodically. Destroy it as fast as possible!,GR_FleshGrowth,Misc_Gameplay.xml,keyed
GR_GrowthCell_InspectDominant,Dominant Gene: {0},GR_GrowthCell_InspectDominant,Misc_Gameplay.xml,keyed
GR_GrowthCell_InspectSecondary,Secondary Gene: {0},GR_GrowthCell_InspectSecondary,Misc_Gameplay.xml,keyed
GR_GrowthCell_InspectGenoframe,Genoframe: {0},GR_GrowthCell_InspectGenoframe,Misc_Gameplay.xml,keyed
GR_GrowthCell_InspectBooster,Booster: {0},GR_GrowthCell_InspectBooster,Misc_Gameplay.xml,keyed
GR_GrowthCell_InsertInElectroWomb,Insert {1} cell (size {2}) into {0},GR_GrowthCell_InsertInElectroWomb,Misc_Gameplay.xml,keyed
GR_ArchoGrowthCell_InsertInElectroWomb,Insert archotech growth cell into {0},GR_ArchoGrowthCell_InsertInElectroWomb,Misc_Gameplay.xml,keyed
GR_DestroyedByTemp,{0} has been destroyed by temperature (needs between 0 and 50 ºC),GR_DestroyedByTemp,Misc_Gameplay.xml,keyed
GR_NoValidExtraction,No valid genes can be extracted from this animal with this extractor,GR_NoValidExtraction,Misc_Gameplay.xml,keyed
GR_AlreadyExtracted,This animal has already had its genetic material extracted,GR_AlreadyExtracted,Misc_Gameplay.xml,keyed
GR_ExcavatorUsesLeft,This genome excavator has {0} uses left,GR_ExcavatorUsesLeft,Misc_Gameplay.xml,keyed
GR_ExtractionFailed,"The animal can't be reached by the colonist, or is being interacted with by another colonist",GR_ExtractionFailed,Misc_Gameplay.xml,keyed
GR_Genomorpher_Progress,Progress: {0},GR_Genomorpher_Progress,Misc_Gameplay.xml,keyed
GR_DesignateGrowthCell,Designate a growth cell,GR_DesignateGrowthCell,Misc_Gameplay.xml,keyed
GR_DesignateGrowthCellDesc,"Select genomes, genoframe and optionally a booster to create a growthcell of a selected hybrid",GR_DesignateGrowthCellDesc,Misc_Gameplay.xml,keyed
GR_GenomorpherExplanation,"Select genomes, genoframe and optionally a booster to create a growthcell of a selected hybrid",GR_GenomorpherExplanation,Misc_Gameplay.xml,keyed
GR_GenomorpherExplanationPartTwo,Use immunity boosters or use safer genome combinations to lower the risk of failure.,GR_GenomorpherExplanationPartTwo,Misc_Gameplay.xml,keyed
GR_PredictedOutcomes,Predicted Outcomes,GR_PredictedOutcomes,Misc_Gameplay.xml,keyed
GR_FailureOutcome,Failure Outcome,GR_FailureOutcome,Misc_Gameplay.xml,keyed
GR_SelectDominantGenome,Select dominant genome,GR_SelectDominantGenome,Misc_Gameplay.xml,keyed
GR_SelectDominantGenomeExplanation,Dominant genome affects primary characteristics of the hybrid,GR_SelectDominantGenomeExplanation,Misc_Gameplay.xml,keyed
GR_SelectSecondaryGenome,Select secondary genome,GR_SelectSecondaryGenome,Misc_Gameplay.xml,keyed
GR_SelectSecondaryGenomeExplanation,Affects the hybrid less than the dominant one,GR_SelectSecondaryGenomeExplanation,Misc_Gameplay.xml,keyed
GR_SelectGenoframe,Select genoframe,GR_SelectGenoframe,Misc_Gameplay.xml,keyed
GR_SelectGenoframeExplanation,Genoframe affects the quality level of the hybrid,GR_SelectGenoframeExplanation,Misc_Gameplay.xml,keyed
GR_SelectBooster,Select booster,GR_SelectBooster,Misc_Gameplay.xml,keyed
GR_SelectBoosterExplanation,Boosters affect the speed of the synthesis process as well as the failure chance,GR_SelectBoosterExplanation,Misc_Gameplay.xml,keyed
GR_InitiateSynthesisExplanation,"Initiating synthesis will have your colonists deliver all the required ingredients to this Genomorpher. After synthesis concludes, a growthcell of a hybrid will have to be extracted and inserted into an electrowomb where it will grow to maturity. Larger animals may require large electrowomb.",GR_InitiateSynthesisExplanation,Misc_Gameplay.xml,keyed
GR_RandomizeAll,Randomize all,GR_RandomizeAll,Misc_Gameplay.xml,keyed
GR_InitiateSynthesis,Initiate synthesis,GR_InitiateSynthesis,Misc_Gameplay.xml,keyed
GR_Quality,Quality: {0},GR_Quality,Misc_Gameplay.xml,keyed
GR_QualityExplanation,Use higher grade genoframes to increase the quality of the hybrid.,GR_QualityExplanation,Misc_Gameplay.xml,keyed
GR_ProcessWillTake,Process will take: {0},GR_ProcessWillTake,Misc_Gameplay.xml,keyed
GR_ProcessDurationExplanation,Use growth boosters or construct additional nutrient vats to speed up the process.,GR_ProcessDurationExplanation,Misc_Gameplay.xml,keyed
GR_NoIngredientFound,No ingredients found to start the genomorpher process,GR_NoIngredientFound,Misc_Gameplay.xml,keyed
GR_NoGenomesInMap,No valid genomes on map,GR_NoGenomesInMap,Misc_Gameplay.xml,keyed
GR_NoGenoframesInMap,No valid genoframes on map,GR_NoGenoframesInMap,Misc_Gameplay.xml,keyed
GR_NoBoostersInMap,No valid boosters on map,GR_NoBoostersInMap,Misc_Gameplay.xml,keyed
GR_ChooseDominantGenomeFirst,Choose dominant genome first,GR_ChooseDominantGenomeFirst,Misc_Gameplay.xml,keyed
GR_ChooseNoBooster,Use no booster,GR_ChooseNoBooster,Misc_Gameplay.xml,keyed
GR_Genomorpher_Ingredients,"Ingredients: {0}, {1}, {2}, {3}",GR_Genomorpher_Ingredients,Misc_Gameplay.xml,keyed
GR_Genomorpher_Ingredients_NoFrame,"Ingredients: {0}, {1}, {2}",GR_Genomorpher_Ingredients_NoFrame,Misc_Gameplay.xml,keyed
GR_Genomorpher_Finished,A growth cell has been produced,GR_Genomorpher_Finished,Misc_Gameplay.xml,keyed
GR_ElectroWomb_Progress,Progress: {0},GR_ElectroWomb_Progress,Misc_Gameplay.xml,keyed
GR_ElectroWomb_Finished,A creature has hatched from an electrowomb,GR_ElectroWomb_Finished,Misc_Gameplay.xml,keyed
GR_ElectroWomb_Finished_Failure,A creature has hatched from an electrowomb... but something went terribly wrong!,GR_ElectroWomb_Finished_Failure,Misc_Gameplay.xml,keyed
GR_ElectroWomb_Finished_Failure_TooSmall,The electrowomb was too small for this creature... something went terribly wrong!,GR_ElectroWomb_Finished_Failure_TooSmall,Misc_Gameplay.xml,keyed
GR_MustPlaceRoofed,"This building needs to be placed in an indoors, roofed area",GR_MustPlaceRoofed,Misc_Gameplay.xml,keyed
GR_SelectGenomeToHarvest,Select genome to harvest,GR_SelectGenomeToHarvest,Misc_Gameplay.xml,keyed
GR_SelectGenomeToHarvestDesc,Select genome to harvest,GR_SelectGenomeToHarvestDesc,Misc_Gameplay.xml,keyed
GR_NoEndgameGenomes,No endgame genomes! (error),GR_NoEndgameGenomes,Misc_Gameplay.xml,keyed
GR_SelectedGenome,Genome currently selected for extraction: {0},GR_SelectedGenome,Misc_Gameplay.xml,keyed
GR_SelectAnimalToHarvest,Select animal to harvest,GR_SelectAnimalToHarvest,Misc_Gameplay.xml,keyed
GR_SelectAnimalToHarvestDesc,Select animal to harvest. This animal will be brought to the DNA bank and harvested for its DNA. It will kill the animal and destroy its body.,GR_SelectAnimalToHarvestDesc,Misc_Gameplay.xml,keyed
GR_NoValidAnimalsToExtract,No colony animals with that genome,GR_NoValidAnimalsToExtract,Misc_Gameplay.xml,keyed
GR_DNABankProgress,DNA amount progress: {0},GR_DNABankProgress,Misc_Gameplay.xml,keyed
GR_AreYouSureDNA,Are you sure you want to change the accepted genome? All current progress will be lost,GR_AreYouSureDNA,Misc_Gameplay.xml,keyed
GR_DuplicatedGenomeSelection,There is already a DNA storage bank nearby with that genome chosen,GR_DuplicatedGenomeSelection,Misc_Gameplay.xml,keyed
GR_ArchoFormerGenomeProgress,{0} progress: {1},GR_ArchoFormerGenomeProgress,Misc_Gameplay.xml,keyed
GR_ArchoFormerDisabledReason,Lacking DNA bank progress,GR_ArchoFormerDisabledReason,Misc_Gameplay.xml,keyed
GR_BeginArchotechGrowthCell,Create growth cell,GR_BeginArchotechGrowthCell,Misc_Gameplay.xml,keyed
GR_BeginArchotechGrowthCellDesc,Begin creation of an archotech growth cell. This will need all neccessary DNA banks to be at 100% progress,GR_BeginArchotechGrowthCellDesc,Misc_Gameplay.xml,keyed
GR_ArchoFormerCellProgress,Archotech Growth Cell progress: {0},GR_ArchoFormerCellProgress,Misc_Gameplay.xml,keyed
GR_ArchotechGrowthCellNotInserted,An archotech growth cell needs to be inserted in the archowomb before the process can be started,GR_ArchotechGrowthCellNotInserted,Misc_Gameplay.xml,keyed
GR_BeginArchotechCentipede,Archotech Awakening,GR_BeginArchotechCentipede,Misc_Gameplay.xml,keyed
GR_BeginArchotechCentipedeDesc,"Create the Archotech centipede. The process will take about 15 days, and the energy signature will be detectable from a long distance away.",GR_BeginArchotechCentipedeDesc,Misc_Gameplay.xml,keyed
GR_BeginArchotechCentipedeText,"You are ready to start the archotech centipede project.\n\nThe process will take about 15 days, and the energy signature will be detectable from a long distance away. This sort of energy signature indicates that someone is meddling in technology that is far beyond human understanding, and will attract gangs of desperate raiders and swarms of deadly mechanoids.\n\nYou will be assaulted with an intensity you've never seen. Make sure your defenses are prepared first.",GR_BeginArchotechCentipedeText,Misc_Gameplay.xml,keyed
GR_ArchoWombProgress,Archowomb progress: {0},GR_ArchoWombProgress,Misc_Gameplay.xml,keyed
GR_GameOverArchotech,"You've activated the Archotech Project! These colonists were present for the archotech awakening:\n\n{0}\n\nThe Archotech Centipede is now under their control, and you are free to decimate your enemies and control the planet unopposed.\n\nCongratulations, you have won the game with the Vanilla Genetics Expanded mod!",GR_GameOverArchotech,Misc_Gameplay.xml,keyed
GR_DecodingRadioSignals,Decoding strange radio signals in {0},GR_DecodingRadioSignals,Misc_Gameplay.xml,keyed
GR_SelectParagonToConvert,Select paragon to convert,GR_SelectParagonToConvert,Misc_Gameplay.xml,keyed
GR_SelectParagonToConvertDesc,Select paragon for the mechahybridization process. This animal will be brought to the mechahybridizer and converted into a mechanoid hybrid under the player's control. This process will take 12 hours and blow up one of the nearby mechafuses.,GR_SelectParagonToConvertDesc,Misc_Gameplay.xml,keyed
GR_NoValidParagonsToConvert,No colony paragon hybrids present,GR_NoValidParagonsToConvert,Misc_Gameplay.xml,keyed
GR_WarningNoFusesLeft,"Warning: Due to the mechahybridizer not being shielded by any mechafuses, an ancient mechanoid raid will be on its way from orbit",GR_WarningNoFusesLeft,Misc_Gameplay.xml,keyed
GR_MechahybridizerProgress,Mechahybridization progress: {0},GR_MechahybridizerProgress,Misc_Gameplay.xml,keyed
GR_IFFCoherence,IFF Coherence: {0},GR_IFFCoherence,Misc_Gameplay.xml,keyed
GR_MechsInThisAntenna,Mech hybrids affected by this antenna:,GR_MechsInThisAntenna,Misc_Gameplay.xml,keyed
GR_HybridRole,Hybrid role,GR_HybridRole,Misc_Gameplay.xml,keyed
GR_HybridRoleCombat,Combat,GR_HybridRoleCombat,Misc_Gameplay.xml,keyed
GR_HybridRoleFarm,Farm,GR_HybridRoleFarm,Misc_Gameplay.xml,keyed
GR_HybridRoleUtility,Utility,GR_HybridRoleUtility,Misc_Gameplay.xml,keyed
GR_HybridRoleCombatDesc,Combat hybrids excel at either melee or ranged combat. These hybrids will benefit the most from implants and controller boosters.,GR_HybridRoleCombatDesc,Misc_Gameplay.xml,keyed
GR_HybridRoleFarmDesc,"Farm hybrids produce some sort of resource over time, but generally need to be kept inside an animal pen. These hybrids will not benefit as much from implants and controller boosters.",GR_HybridRoleFarmDesc,Misc_Gameplay.xml,keyed
GR_HybridRoleUtilityDesc,Utility hybrids bring some kind of mechanic to the colony that isn't strictly used for combat or resource generation.,GR_HybridRoleUtilityDesc,Misc_Gameplay.xml,keyed
GR_CreatureMindControl,Mind control creature,GR_CreatureMindControl,Misc_Gameplay.xml,keyed
GR_CreatureMindControlDesc,Use mind control to order this creature around the map,GR_CreatureMindControlDesc,Misc_Gameplay.xml,keyed
GR_CreatureRageAttack,Rage attack,GR_CreatureRageAttack,Misc_Gameplay.xml,keyed
GR_CreatureRageAttackDesc,Send the creature in a bloodthristy rage against its target,GR_CreatureRageAttackDesc,Misc_Gameplay.xml,keyed
GR_DetonateChemfuel,Detonate Chemfuel,GR_DetonateChemfuel,Misc_Gameplay.xml,keyed
GR_DetonateChemfuelDesc,Remotely detonate the chemfuel reservoirs of this creature. The animal will be affected and damaged by the resulting explosion,GR_DetonateChemfuelDesc,Misc_Gameplay.xml,keyed
GR_InflictChickenRimPox,Inflict Chicken RimPox,GR_InflictChickenRimPox,Misc_Gameplay.xml,keyed
GR_InflictChickenRimPoxDesc,"Attacks a target and inflicts Chicken RimPox, a debilitating disease",GR_InflictChickenRimPoxDesc,Misc_Gameplay.xml,keyed
GR_CarryMore,Carrying more weight,GR_CarryMore,Misc_Gameplay.xml,keyed
GR_CarryMoreDesc,This hybrid is carrying more weight than usual due to the influence of the animal control hub,GR_CarryMoreDesc,Misc_Gameplay.xml,keyed
GR_StartAdrenalineBurst,Adrenaline Rush,GR_StartAdrenalineBurst,Misc_Gameplay.xml,keyed
GR_StartAdrenalineBurstDesc,"Causes the creature to move much faster for a while, at the cost of getting tired afterwards for almost half a day",GR_StartAdrenalineBurstDesc,Misc_Gameplay.xml,keyed
GR_ReleaseInsectClouds,Release Insect Clouds,GR_ReleaseInsectClouds,Misc_Gameplay.xml,keyed
GR_ReleaseInsectCloudsDesc,"Causes the creature to release insect clouds around it, damaging every pawn that isn't an insect hybrid",GR_ReleaseInsectCloudsDesc,Misc_Gameplay.xml,keyed
GR_StartStampede,Start Stampede,GR_StartStampede,Misc_Gameplay.xml,keyed
GR_StartStampedeDesc,"Stampedes, moving faster and creating dust clouds that block line of view for projectile weapons. Gets the creature tired after a while",GR_StartStampedeDesc,Misc_Gameplay.xml,keyed
GR_CreatePoisonousCloud,Release a poisonous cloud,GR_CreatePoisonousCloud,Misc_Gameplay.xml,keyed
GR_CreatePoisonousCloudDesc,Creates a cloud of poison at a target's location,GR_CreatePoisonousCloudDesc,Misc_Gameplay.xml,keyed
GR_StartBurrowing,Start Burrowing,GR_StartBurrowing,Misc_Gameplay.xml,keyed
GR_StartBurrowingDesc,"Sends the creature underground into burrowing mode, making it very resistant to damage for a while",GR_StartBurrowingDesc,Misc_Gameplay.xml,keyed
GR_StartStamina,Increase Stamina,GR_StartStamina,Misc_Gameplay.xml,keyed
GR_StartStaminaDesc,Makes the creature more resistant to damage for a while,GR_StartStaminaDesc,Misc_Gameplay.xml,keyed
GR_StartInvokingInsanity,Invoke Insanity,GR_StartInvokingInsanity,Misc_Gameplay.xml,keyed
GR_StartInvokingInsanityDesc,Invokes the insanity of That Which Man Is Not Meant to Know,GR_StartInvokingInsanityDesc,Misc_Gameplay.xml,keyed
GR_StartMechaBlast,Mecha Blast,GR_StartMechaBlast,Misc_Gameplay.xml,keyed
GR_StartMechaBlastDesc,"Vents exhaust in the tiles surounding the mechanoid hybrid, burning anything close to it",GR_StartMechaBlastDesc,Misc_Gameplay.xml,keyed
GR_StartKeenSenses,Keen Senses,GR_StartKeenSenses,Misc_Gameplay.xml,keyed
GR_StartKeenSensesDesc,"Makes the creature more aware of its surroundings, increasing its melee capacities (affects sight and consciousness)",GR_StartKeenSensesDesc,Misc_Gameplay.xml,keyed
GR_StartCatReflexes,Cat Reflexes,GR_StartCatReflexes,Misc_Gameplay.xml,keyed
GR_StartCatReflexesDesc,"Makes the creature much more agile, improving its chance to dodge melee attacks even further",GR_StartCatReflexesDesc,Misc_Gameplay.xml,keyed
GR_Orbital,Orbital power beam,GR_Orbital,Misc_Gameplay.xml,keyed
GR_OrbitalDesc,That's a nice... existance you have there. It would be a shame if someone were to end it.,GR_OrbitalDesc,Misc_Gameplay.xml,keyed
GR_AbilityRecharging,Ability is rechaging. Check animal's health tab,GR_AbilityRecharging,Misc_Gameplay.xml,keyed
GR_PoisonCloudRange,Poison cloud has a maximum range of 10. Get closer to the target!,GR_PoisonCloudRange,Misc_Gameplay.xml,keyed
GR_InvokingInsanityRange,Invoking insanity has a maximum range of 10. Get closer to the target!,GR_InvokingInsanityRange,Misc_Gameplay.xml,keyed
GR_GeneticTableImplantsSpeed,Genetic worktable speed: implants precept,GR_GeneticTableImplantsSpeed,Misc_Gameplay.xml,keyed
GR_Safety,Safety,GR_Safety,Misc_Gameplay.xml,keyed
GR_Stability,Stability,GR_Stability,Misc_Gameplay.xml,keyed
GR_TimeMultiplier,Time multiplier,GR_TimeMultiplier,Misc_Gameplay.xml,keyed
GR_SafetyDesc,"Safety is a number that gets deducted from the Failed outcome chance. For example, safety 5 reduces the risk of the failed outcome by 5% (from 10% to 5%). This value can also be negative, increasing the risk of a failed experiment.",GR_SafetyDesc,Misc_Gameplay.xml,keyed
GR_StabilityDesc,"Stability is a number that gets deducted from the swap chance. For example, stability 5 means that the base chance of the genes swapping turns from 10% to 5% (becoming more stable). This value can also be negative, which will mean the chance of genomes swapping their positions and resulting in an unwanted hybrid are larger.",GR_StabilityDesc,Misc_Gameplay.xml,keyed
GR_TimeMultiplierDesc,"Time multiplier accelerates or increases the time taken by the genomorpher to complete its task. A fractional modifier accelerates the process (for example 0.5 means it will take half the usual time), while a modifier larger than 1 slows it down (2 means it will take double the time).",GR_TimeMultiplierDesc,Misc_Gameplay.xml,keyed
GR_LetterLabelMonstrositiesArrived,Roaming monstrosities,GR_LetterLabelMonstrositiesArrived,Misc_Gameplay.xml,keyed
GR_LetterMonstrositiesArrived,"Some escaped genetically modified monstrosities have been wandering aimlessly through the wilds, and have been attracted to your colony! They are attacking immediately!\n\nThey seem to be afflicted with Greater Scaria, so they won't be able to be tamed, and will die in a few days, even if treated.",GR_LetterMonstrositiesArrived,Misc_Gameplay.xml,keyed
GR_GenomorpherSpeedMultiplier,Genomorpher speed multiplier,GR_GenomorpherSpeedMultiplier,Misc_Gameplay.xml,keyed
GR_GenomorpherSpeedMultiplierTooltip,"The speed of the Genomorpher process is multiplied by this number. Numbers below 1 decrease the time, while numbers above it increase it.",GR_GenomorpherSpeedMultiplierTooltip,Misc_Gameplay.xml,keyed
GR_WombSpeedMultiplier,Womb speed multiplier,GR_WombSpeedMultiplier,Misc_Gameplay.xml,keyed
GR_WombMultiplierTooltip,"The speed of the electrowomb process is multiplied by this number. Numbers below 1 decrease the time, while numbers above it increase it.",GR_WombMultiplierTooltip,Misc_Gameplay.xml,keyed
GR_FailureRate,Base failure rate,GR_FailureRate,Misc_Gameplay.xml,keyed
GR_FailureRateTooltip,"By default, a genomorpher process will fail 10% of the time. This can be affected by boosters and other factors. This setting modifies that 10% base failure rate.",GR_FailureRateTooltip,Misc_Gameplay.xml,keyed
GR_QuestRate,Abandoned lab quests multiplier (lower means getting the event more often),GR_QuestRate,Misc_Gameplay.xml,keyed
GR_QuestRateTooltip,"The frequency of the abandoned lab quest being offered is multiplied by this number (with a multiplier of 1, it is offered every between 10 and 30 days at random). Numbers below 1 decrease the time, while numbers above it increase it. Note that this event doesn't ""replace"" normal quests, it works independently.",GR_QuestRateTooltip,Misc_Gameplay.xml,keyed
GR_RaidsRate,"""Roaming monstrosities"" raids multiplier (lower means getting the event more often)",GR_RaidsRate,Misc_Gameplay.xml,keyed
GR_RaidsRateTooltip,"The frequency of the roaming, manhunting hybrids attacking your colony event is multiplied by this number (with a multiplier of 1, it is offered every between 10 and 30 days at random). Numbers below 1 decrease the time, while numbers above it increase it. Note that this event doesn't ""replace"" normal raids, it works independently.",GR_RaidsRateTooltip,Misc_Gameplay.xml,keyed
GR_DisableOldAgeDiseases,Disable all genetic diseases,GR_DisableOldAgeDiseases,Misc_Gameplay.xml,keyed
GR_DisableOldAgeDiseasesTooltip,"Disables all genetic diseases that afflict the hybrids after a given time, depending on their quality. Bear in mind that this effectively means the hybrids won't ever die of old age, as they don't receive ""old age"" diseases such as dementia.",GR_DisableOldAgeDiseasesTooltip,Misc_Gameplay.xml,keyed
GR_DisableHybridRaids,"Disable ""Roaming monstrosities"" raids",GR_DisableHybridRaids,Misc_Gameplay.xml,keyed
GR_DisableHybridRaidsTooltip,"Disables the roaming, manhunting hybrids attacking your colony periodically",GR_DisableHybridRaidsTooltip,Misc_Gameplay.xml,keyed
GR_MakeAllHybridsControllable,Make all hybrids controllable,GR_MakeAllHybridsControllable,Misc_Gameplay.xml,keyed
GR_MakeAllHybridsControllableTooltip,"Makes all hybrids draftable, being able to be ordered around by the player, without the need to use a controller booster",GR_MakeAllHybridsControllableTooltip,Misc_Gameplay.xml,keyed
GR_MakeAllHybridsFertile,Make all hybrids fertile,GR_MakeAllHybridsFertile,Misc_Gameplay.xml,keyed
GR_MakeAllHybridsFertileTooltip,"Makes all hybrids popping up from an electrowomb be fertile, and thus able to breed, without needing a fertility unlocker booster. Bear in mind this will still not work on insectoid hybrids, as eusocial insects aren't ever fertile.",GR_MakeAllHybridsFertileTooltip,Misc_Gameplay.xml,keyed
GR_Reset,Reset,GR_Reset,Misc_Gameplay.xml,keyed
GR_DisableGrowthCellAlerts,Disable growth cell alerts,GR_DisableGrowthCellAlerts,Misc_Gameplay.xml,keyed
GR_DisableGrowthCellAlertsTooltip,Disable the pop up message that appears when a growth cell is finished by a genomorpher,GR_DisableGrowthCellAlertsTooltip,Misc_Gameplay.xml,keyed
GR_DisableWombAlerts,Disable electrowomb alerts,GR_DisableWombAlerts,Misc_Gameplay.xml,keyed
GR_DisableWombAlertsTooltip,Disable the pop up message that appears when a creature finishes growing in an electrowomb,GR_DisableWombAlertsTooltip,Misc_Gameplay.xml,keyed
GR_DisableMechanoidIFF,Disable mech hybrid IFF sensors,GR_DisableMechanoidIFF,Misc_Gameplay.xml,keyed
GR_DisableMechanoidIFFTooltip,"Disable mechanoid hybrids having a need for a mechahybrid antenna. With this setting ON, mechanoid hybrids will always remain tamed (with base game animal trainability mechanics still present) and you won't need to build any mechahybrid antennas, ever.",GR_DisableMechanoidIFFTooltip,Misc_Gameplay.xml,keyed
GR_HybridsPerAntenna,Mechanoid hybrids supported per antenna,GR_HybridsPerAntenna,Misc_Gameplay.xml,keyed
GR_HybridsPerAntennaTooltip,Choose the amount of hybrids that will be supported for each mechahybrid antenna. Default is five.,GR_HybridsPerAntennaTooltip,Misc_Gameplay.xml,keyed
GR_DisableGreaterScariaRotting,Disable Greater Scaria's 100% rotting,GR_DisableGreaterScariaRotting,Misc_Gameplay.xml,keyed
GR_DisableGreaterScariaRottingTooltip,"By default, greater scaria will rot corpses 100% of the time. With this setting on, it will instead rot corpses at the same rate as normal scaria, which is a storyteller setting. Bear in mind this means the player will just get meat and leather from the extra raids.",GR_DisableGreaterScariaRottingTooltip,Misc_Gameplay.xml,keyed
GR_HybridSpawnerRadius,Random hybrid spawner radius,GR_HybridSpawnerRadius,Misc_Gameplay.xml,keyed
GR_HybridSpawnerRadiusTooltip,"Defines the radius that ""Abandoned Lab"" quests' random hybrid spawners use to detect player around them and spawn a random hostile hybrid. Default is 12 tiles. WARNING: Cranking this up to 40 is laggy, as the number of tiles in a circle raises exponentially by radius, not linearly.",GR_HybridSpawnerRadiusTooltip,Misc_Gameplay.xml,keyed
RB_BeeHoneyCombProduction,Honeycomb production,RB_BeeHoneyCombProduction,Misc_Gameplay.xml,keyed
RB_Organic_Drone_Tag,Organic Drone,RB_Organic_Drone_Tag,Misc_Gameplay.xml,keyed
RB_Hybernating_Drone_Tag,Hybernating Drone,RB_Hybernating_Drone_Tag,Misc_Gameplay.xml,keyed
RB_Cattle_Drone_Tag,Cattle Drone,RB_Cattle_Drone_Tag,Misc_Gameplay.xml,keyed
RB_Clucking_Drone_Tag,Clucking Drone,RB_Clucking_Drone_Tag,Misc_Gameplay.xml,keyed
RB_Exploding_Drone_Tag,Exploding Drone,RB_Exploding_Drone_Tag,Misc_Gameplay.xml,keyed
RB_Horned_Drone_Tag,Horned Drone,RB_Horned_Drone_Tag,Misc_Gameplay.xml,keyed
RB_Hound_Drone_Tag,Hound Drone,RB_Hound_Drone_Tag,Misc_Gameplay.xml,keyed
RB_Mecha_Drone_Tag,Mecha Drone,RB_Mecha_Drone_Tag,Misc_Gameplay.xml,keyed
RB_Megaspidery_Drone_Tag,Megaspidery Drone,RB_Megaspidery_Drone_Tag,Misc_Gameplay.xml,keyed
RB_Mousy_Drone_Tag,Mousy Drone,RB_Mousy_Drone_Tag,Misc_Gameplay.xml,keyed
RB_Purring_Drone_Tag,Purring Drone,RB_Purring_Drone_Tag,Misc_Gameplay.xml,keyed
RB_Scaly_Drone_Tag,Scaly Drone,RB_Scaly_Drone_Tag,Misc_Gameplay.xml,keyed
RB_Organic_Queen_Tag,Organic Queen,RB_Organic_Queen_Tag,Misc_Gameplay.xml,keyed
RB_Hybernating_Queen_Tag,Hybernating Queen,RB_Hybernating_Queen_Tag,Misc_Gameplay.xml,keyed
RB_Cattle_Queen_Tag,Cattle Queen,RB_Cattle_Queen_Tag,Misc_Gameplay.xml,keyed
RB_Clucking_Queen_Tag,Clucking Queen,RB_Clucking_Queen_Tag,Misc_Gameplay.xml,keyed
RB_Exploding_Queen_Tag,Exploding Queen,RB_Exploding_Queen_Tag,Misc_Gameplay.xml,keyed
RB_Horned_Queen_Tag,Horned Queen,RB_Horned_Queen_Tag,Misc_Gameplay.xml,keyed
RB_Hound_Queen_Tag,Hound Queen,RB_Hound_Queen_Tag,Misc_Gameplay.xml,keyed
RB_Mecha_Queen_Tag,Mecha Queen,RB_Mecha_Queen_Tag,Misc_Gameplay.xml,keyed
RB_Megaspidery_Queen_Tag,Megaspidery Queen,RB_Megaspidery_Queen_Tag,Misc_Gameplay.xml,keyed
RB_Mousy_Queen_Tag,Mousy Queen,RB_Mousy_Queen_Tag,Misc_Gameplay.xml,keyed
RB_Purring_Queen_Tag,Purring Queen,RB_Purring_Queen_Tag,Misc_Gameplay.xml,keyed
RB_Scaly_Queen_Tag,Scaly Queen,RB_Scaly_Queen_Tag,Misc_Gameplay.xml,keyed
GR_DeathRay.label,orbital heat ray,label,AbilityDef/Abilities_General.xml,def
GR_DeathRay.description,Redirects an orbital mechanoid satellite to fire upon a selected location.,description,AbilityDef/Abilities_General.xml,def
GR_SetTrap.label,set chemfuel trap,label,AbilityDef/Abilities_General.xml,def
GR_SetTrap.description,Sets an explosive trap. The Manalope won't trigger it.,description,AbilityDef/Abilities_General.xml,def
GR_DetonateBomb.label,detonate chemfuel,label,AbilityDef/Abilities_General.xml,def
GR_DetonateBomb.description,Remotely detonate the chemfuel reservoirs of this creature. The animal will be affected and damaged by the resulting explosion.,description,AbilityDef/Abilities_General.xml,def
GR_VentHeatedExhaust.label,vent heated exhaust,label,AbilityDef/Abilities_General.xml,def
GR_VentHeatedExhaust.description,Vents the heated gasses produced by this mechanoid hybrid's internal processes. This creates a wave of superheated ait that will affect the surrounding tiles. It will not affect the hybrid.,description,AbilityDef/Abilities_General.xml,def
GR_DetonateAcid.label,detonate acidic chemfuel,label,AbilityDef/Abilities_General.xml,def
GR_DetonateAcid.description,Remotely detonate the acidic chemfuel reservoirs of this creature. The animal will be affected and damaged by the resulting explosion.,description,AbilityDef/Abilities_General.xml,def
GR_PoisonousCloud.label,release venomous cloud,label,AbilityDef/Abilities_General.xml,def
GR_PoisonousCloud.description,Releases a cloud of poisonous gas from this creature. The animal will NOT be affected and damaged by it.,description,AbilityDef/Abilities_General.xml,def
GR_DetonatePoison.label,detonate venomous chemfuel,label,AbilityDef/Abilities_General.xml,def
GR_DetonatePoison.description,Remotely detonate the venomous chemfuel reservoirs of this creature. The animal will be affected and damaged by the resulting explosion.,description,AbilityDef/Abilities_General.xml,def
GR_DetonateFrost.label,detonate cryo chemfuel,label,AbilityDef/Abilities_General.xml,def
GR_DetonateFrost.description,Remotely detonate the cryo chemfuel reservoirs of this creature. The animal will be affected and damaged by the resulting explosion.,description,AbilityDef/Abilities_General.xml,def
GR_DetonateStun.label,detonate stunning chemfuel,label,AbilityDef/Abilities_General.xml,def
GR_DetonateStun.description,Remotely detonate the stunning chemfuel reservoirs of this creature. The animal will be affected and damaged by the resulting explosion.,description,AbilityDef/Abilities_General.xml,def
GR_ChemfuelDischarge.label,chemfuel discharge,label,AbilityDef/Abilities_General.xml,def
GR_ChemfuelDischarge.description,Remotely detonate the chemfuel reservoirs of this creature. The animal will be affected and damaged by the resulting explosion.,description,AbilityDef/Abilities_General.xml,def
GR_FragEggs.label,lay frag eggs,label,AbilityDef/Abilities_General.xml,def
GR_FragEggs.description,Lay several exploding eggs. The animal will be affected and damaged by the resulting explosion.,description,AbilityDef/Abilities_General.xml,def
GR_AdrenalineRush.label,adrenaline rush,label,AbilityDef/Abilities_General.xml,def
GR_AdrenalineRush.description,"Causes the creature to move much faster for a while, at the cost of getting tired afterwards for almost half a day.",description,AbilityDef/Abilities_General.xml,def
GR_CatReflexes.label,cat reflexes,label,AbilityDef/Abilities_General.xml,def
GR_CatReflexes.description,"Makes the creature much more agile, improving its chance to dodge melee attacks even further.",description,AbilityDef/Abilities_General.xml,def
GR_InsectClouds.label,insect clouds,label,AbilityDef/Abilities_General.xml,def
GR_InsectClouds.description,"Spawns a cloud of drones surrounding this animal that will cut apart any creature, excluding all insectoid paragons.",description,AbilityDef/Abilities_General.xml,def
GR_Burrow.label,burrow underground,label,AbilityDef/Abilities_General.xml,def
GR_Burrow.description,"Sends the creature underground into burrowing mode, making it very resistant to damage for a while.",description,AbilityDef/Abilities_General.xml,def
GR_StampedeClouds.label,stampede,label,AbilityDef/Abilities_General.xml,def
GR_StampedeClouds.description,"Stampedes, moving faster and creating dust clouds that block line of view for projectile weapons. Gets the creature tired after a while.",description,AbilityDef/Abilities_General.xml,def
GR_KeenSenses.label,keen senses,label,AbilityDef/Abilities_General.xml,def
GR_KeenSenses.description,"Makes the creature more aware of its surroundings, increasing its melee capacities (affects sight, hit chance and consciousness)",description,AbilityDef/Abilities_General.xml,def
GR_PackTactics.label,pack tactics,label,AbilityDef/Abilities_General.xml,def
GR_PackTactics.description,Collaborate with other nearby muffalowolves to bring down prey.,description,AbilityDef/Abilities_General.xml,def
GR_ResearchDrive.label,research drive,label,AbilityDef/Abilities_General.xml,def
GR_ResearchDrive.description,"Offer investigative insights to nearby researches, allowing them to more easily reach a breakthrough.\n\n<color=#E5E54C>Gameplay effect:</color> ""My fellow scientist, have you considered rejecting humanity, and returning to monkey? Food for thought"".",description,AbilityDef/Abilities_General.xml,def
GR_Pounce.label,pounce,label,VEF.Abilities.AbilityDef/Abilities_General.xml,def
GR_Pounce.description,"This hybrid can jump into combat, quickly closing the distance between it and its enemies.",description,VEF.Abilities.AbilityDef/Abilities_General.xml,def
GR_StraightCharge.label,charge,label,VEF.Abilities.AbilityDef/Abilities_General.xml,def
GR_StraightCharge.description,"This hybrid can charge into combat, quickly closing the distance between it and its enemies and damaging them.",description,VEF.Abilities.AbilityDef/Abilities_General.xml,def
GR_Disintegrator.label,disintegrator,label,AbilityDef/Abilities_Ranged.xml,def
GR_Disintegrator.description,"Fire a focused beam of energy that destabilizes matter at the molecular level, disintegrating flesh, armor, and cover in a flash of searing light.",description,AbilityDef/Abilities_Ranged.xml,def
GR_Laser.label,twin-coiled laser,label,AbilityDef/Abilities_Ranged.xml,def
GR_Laser.description,"Unleash a burst of twin-coiled laser beams that spiral together, cutting through targets with intense, synchronized precision.",description,AbilityDef/Abilities_Ranged.xml,def
GR_FlameBreathAnimated.label,flame breath,label,AbilityDef/Abilities_Ranged.xml,def
GR_FlameBreathAnimated.description,Exhale a cone of superheated flame that ignites flammable objects and scorches anything caught in its path.,description,AbilityDef/Abilities_Ranged.xml,def
GR_PoisonBreathAnimated.label,poison breath,label,AbilityDef/Abilities_Ranged.xml,def
GR_PoisonBreathAnimated.description,"Exhale a noxious cloud of poison that lingers in the air, seeping into lungs and weakening all caught within its reach.",description,AbilityDef/Abilities_Ranged.xml,def
GR_Web.label,web,label,AbilityDef/Abilities_Ranged.xml,def
GR_Web.description,Throw a web of sticky silk that can stun its target.,description,AbilityDef/Abilities_Ranged.xml,def
GR_FireSpit.label,chemfuel spit,label,AbilityDef/Abilities_Ranged.xml,def
GR_FireSpit.description,"Spit a glob of volatile chemfuel that sticks to surfaces and ignites on impact, engulfing the area in explosive flames.",description,AbilityDef/Abilities_Ranged.xml,def
GR_Proj_ThrownSac.label,explosive sac,label,AbilityDef/Abilities_Ranged.xml,def
GR_Proj_ThrownSac.description,"Hurl a volatile explosive sac that bursts on impact, unleashing a fiery blast and scattering shrapnel in all directions.",description,AbilityDef/Abilities_Ranged.xml,def
GR_HairballProjectile.label,blinding spit,label,AbilityDef/Abilities_Ranged.xml,def
GR_HairballProjectile.description,"Spit a glob of blinding fluid that bursts on impact, releasing a flash of caustic light that disorients and obscures vision.",description,AbilityDef/Abilities_Ranged.xml,def
GR_PlasmaBurst.label,plasma burst,label,AbilityDef/Abilities_Ranged.xml,def
GR_PlasmaBurst.description,Release a concentrated burst of superheated plasma that vaporizes armor and scorches everything in its path.,description,AbilityDef/Abilities_Ranged.xml,def
GR_IncendiaryMote.label,chemfuel flamethrower,label,AbilityDef/Abilities_Ranged.xml,def
GR_IncendiaryMote.description,"Unleash a torrent of ignited chemfuel in a wide arc, engulfing enemies in roaring flames and leaving a trail of burning destruction.",description,AbilityDef/Abilities_Ranged.xml,def
GR_SniperFlechette.label,sniper flechette,label,AbilityDef/Abilities_Ranged.xml,def
GR_SniperFlechette.description,"Fire a high-velocity flechette with pinpoint accuracy, designed to pierce armor and strike vital organs from extreme range.",description,AbilityDef/Abilities_Ranged.xml,def
GR_SmokeBomb.label,smoke cannon,label,AbilityDef/Abilities_Ranged.xml,def
GR_SmokeBomb.description,"Fire a large smoke-filled projectile that bursts on impact, releasing a thick cloud that obscures vision and disrupts targeting.",description,AbilityDef/Abilities_Ranged.xml,def
GR_StunBolt.label,stun bolt,label,AbilityDef/Abilities_Ranged.xml,def
GR_StunBolt.description,"Fire a crackling stun bolt that overloads nervous systems on impact, temporarily paralyzing targets with a jolt of energy.",description,AbilityDef/Abilities_Ranged.xml,def
GR_PoisonBlast.label,poison blast,label,AbilityDef/Abilities_Ranged.xml,def
GR_PoisonBlast.description,"Detonate a toxic projectile that releases a burst of poisonous gas, contaminating the area and weakening all who inhale it.",description,AbilityDef/Abilities_Ranged.xml,def
GR_CryoBlast.label,cryo cannon,label,AbilityDef/Abilities_Ranged.xml,def
GR_CryoBlast.description,"Unleash a cryo blast that erupts in a wave of freezing energy, slowing movement and encasing targets in layers of frost.",description,AbilityDef/Abilities_Ranged.xml,def
GR_Warhead.label,antigrain artillery,label,AbilityDef/Abilities_Ranged.xml,def
GR_Warhead.description,"Fire a massive anti-grain warhead that delivers a catastrophic explosion, obliterating everything in its blast radius with overwhelming force.",description,AbilityDef/Abilities_Ranged.xml,def
GR_RazorProjectile.label,razor tail,label,AbilityDef/Abilities_Ranged.xml,def
GR_RazorProjectile.description,"Launch a bladed, detachable tail in a deadly arc, striking from range with razor-sharp precision before being reconstructed again.",description,AbilityDef/Abilities_Ranged.xml,def
GR_Distortion.label,spatial distortion,label,AbilityDef/Abilities_Ranged.xml,def
GR_Distortion.description,"Warp space around the target, creating a distortion that disrupts movement and fractures reality in a chaotic burst.",description,AbilityDef/Abilities_Ranged.xml,def
GR_BirdWithTeeth.label,bird with teeth,label,BodyDef/Bodies_Animal_BirdWithTeeth.xml,def
GR_BirdWithTeeth.corePart.parts.4.customLabel,left lung,customLabel,BodyDef/Bodies_Animal_BirdWithTeeth.xml,def
GR_BirdWithTeeth.corePart.parts.5.customLabel,right lung,customLabel,BodyDef/Bodies_Animal_BirdWithTeeth.xml,def
GR_BirdWithTeeth.corePart.parts.6.customLabel,left kidney,customLabel,BodyDef/Bodies_Animal_BirdWithTeeth.xml,def
GR_BirdWithTeeth.corePart.parts.7.customLabel,right kidney,customLabel,BodyDef/Bodies_Animal_BirdWithTeeth.xml,def
GR_BirdWithTeeth.corePart.parts.9.parts.0.parts.1.customLabel,left eye,customLabel,BodyDef/Bodies_Animal_BirdWithTeeth.xml,def
GR_BirdWithTeeth.corePart.parts.9.parts.0.parts.2.customLabel,right eye,customLabel,BodyDef/Bodies_Animal_BirdWithTeeth.xml,def
GR_BirdWithTeeth.corePart.parts.10.customLabel,left leg,customLabel,BodyDef/Bodies_Animal_BirdWithTeeth.xml,def
GR_BirdWithTeeth.corePart.parts.10.parts.0.customLabel,left foot,customLabel,BodyDef/Bodies_Animal_BirdWithTeeth.xml,def
GR_BirdWithTeeth.corePart.parts.11.customLabel,right leg,customLabel,BodyDef/Bodies_Animal_BirdWithTeeth.xml,def
GR_BirdWithTeeth.corePart.parts.11.parts.0.customLabel,right foot,customLabel,BodyDef/Bodies_Animal_BirdWithTeeth.xml,def
GR_HornedBird.label,horned bird,label,BodyDef/Bodies_Animal_HornedBird.xml,def
GR_HornedBird.corePart.parts.4.customLabel,left lung,customLabel,BodyDef/Bodies_Animal_HornedBird.xml,def
GR_HornedBird.corePart.parts.5.customLabel,right lung,customLabel,BodyDef/Bodies_Animal_HornedBird.xml,def
GR_HornedBird.corePart.parts.6.customLabel,left kidney,customLabel,BodyDef/Bodies_Animal_HornedBird.xml,def
GR_HornedBird.corePart.parts.7.customLabel,right kidney,customLabel,BodyDef/Bodies_Animal_HornedBird.xml,def
GR_HornedBird.corePart.parts.9.parts.0.parts.1.customLabel,left eye,customLabel,BodyDef/Bodies_Animal_HornedBird.xml,def
GR_HornedBird.corePart.parts.9.parts.0.parts.2.customLabel,right eye,customLabel,BodyDef/Bodies_Animal_HornedBird.xml,def
GR_HornedBird.corePart.parts.10.customLabel,left leg,customLabel,BodyDef/Bodies_Animal_HornedBird.xml,def
GR_HornedBird.corePart.parts.10.parts.0.customLabel,left foot,customLabel,BodyDef/Bodies_Animal_HornedBird.xml,def
GR_HornedBird.corePart.parts.11.customLabel,right leg,customLabel,BodyDef/Bodies_Animal_HornedBird.xml,def
GR_HornedBird.corePart.parts.11.parts.0.customLabel,right foot,customLabel,BodyDef/Bodies_Animal_HornedBird.xml,def
GR_JellyfishBody.label,jellyfish,label,BodyDef/Bodies_Animal_Jellyfish.xml,def
GR_JellyfishBody.corePart.parts.0.customLabel,stomach pouch,customLabel,BodyDef/Bodies_Animal_Jellyfish.xml,def
GR_JellyfishBody.corePart.parts.1.customLabel,gastrovascular cavity,customLabel,BodyDef/Bodies_Animal_Jellyfish.xml,def
GR_JellyfishBody.corePart.parts.2.customLabel,left hydrogen-chemfuel sac,customLabel,BodyDef/Bodies_Animal_Jellyfish.xml,def
GR_JellyfishBody.corePart.parts.3.customLabel,right hydrogen-chemfuel sac,customLabel,BodyDef/Bodies_Animal_Jellyfish.xml,def
GR_JellyfishBody.corePart.parts.5.parts.0.customLabel,left eye spot,customLabel,BodyDef/Bodies_Animal_Jellyfish.xml,def
GR_JellyfishBody.corePart.parts.5.parts.1.customLabel,right eye spot,customLabel,BodyDef/Bodies_Animal_Jellyfish.xml,def
GR_QuadrupedAnimalWithBeak.label,quadruped animal with beak,label,BodyDef/Bodies_Animal_QuadrupedwithBeak.xml,def
GR_QuadrupedAnimalWithBeak.corePart.parts.3.customLabel,left lung,customLabel,BodyDef/Bodies_Animal_QuadrupedwithBeak.xml,def
GR_QuadrupedAnimalWithBeak.corePart.parts.4.customLabel,right lung,customLabel,BodyDef/Bodies_Animal_QuadrupedwithBeak.xml,def
GR_QuadrupedAnimalWithBeak.corePart.parts.5.customLabel,left kidney,customLabel,BodyDef/Bodies_Animal_QuadrupedwithBeak.xml,def
GR_QuadrupedAnimalWithBeak.corePart.parts.6.customLabel,right kidney,customLabel,BodyDef/Bodies_Animal_QuadrupedwithBeak.xml,def
GR_QuadrupedAnimalWithBeak.corePart.parts.8.parts.0.parts.1.customLabel,left eye,customLabel,BodyDef/Bodies_Animal_QuadrupedwithBeak.xml,def
GR_QuadrupedAnimalWithBeak.corePart.parts.8.parts.0.parts.2.customLabel,right eye,customLabel,BodyDef/Bodies_Animal_QuadrupedwithBeak.xml,def
GR_QuadrupedAnimalWithBeak.corePart.parts.8.parts.0.parts.3.customLabel,left ear,customLabel,BodyDef/Bodies_Animal_QuadrupedwithBeak.xml,def
GR_QuadrupedAnimalWithBeak.corePart.parts.8.parts.0.parts.4.customLabel,right ear,customLabel,BodyDef/Bodies_Animal_QuadrupedwithBeak.xml,def
GR_QuadrupedAnimalWithBeak.corePart.parts.9.customLabel,front left leg,customLabel,BodyDef/Bodies_Animal_QuadrupedwithBeak.xml,def
GR_QuadrupedAnimalWithBeak.corePart.parts.9.parts.0.customLabel,front left paw,customLabel,BodyDef/Bodies_Animal_QuadrupedwithBeak.xml,def
GR_QuadrupedAnimalWithBeak.corePart.parts.10.customLabel,front right leg,customLabel,BodyDef/Bodies_Animal_QuadrupedwithBeak.xml,def
GR_QuadrupedAnimalWithBeak.corePart.parts.10.parts.0.customLabel,front right paw,customLabel,BodyDef/Bodies_Animal_QuadrupedwithBeak.xml,def
GR_QuadrupedAnimalWithBeak.corePart.parts.11.customLabel,rear left leg,customLabel,BodyDef/Bodies_Animal_QuadrupedwithBeak.xml,def
GR_QuadrupedAnimalWithBeak.corePart.parts.11.parts.0.customLabel,rear left paw,customLabel,BodyDef/Bodies_Animal_QuadrupedwithBeak.xml,def
GR_QuadrupedAnimalWithBeak.corePart.parts.12.customLabel,rear right leg,customLabel,BodyDef/Bodies_Animal_QuadrupedwithBeak.xml,def
GR_QuadrupedAnimalWithBeak.corePart.parts.12.parts.0.customLabel,rear right paw,customLabel,BodyDef/Bodies_Animal_QuadrupedwithBeak.xml,def
GR_QuadrupedAnimalWithBeakandHump.label,quadruped animal with beak and Hump,label,BodyDef/Bodies_Animal_QuadrupedwithBeakandHump.xml,def
GR_QuadrupedAnimalWithBeakandHump.corePart.parts.3.customLabel,left lung,customLabel,BodyDef/Bodies_Animal_QuadrupedwithBeakandHump.xml,def
GR_QuadrupedAnimalWithBeakandHump.corePart.parts.4.customLabel,right lung,customLabel,BodyDef/Bodies_Animal_QuadrupedwithBeakandHump.xml,def
GR_QuadrupedAnimalWithBeakandHump.corePart.parts.5.customLabel,left kidney,customLabel,BodyDef/Bodies_Animal_QuadrupedwithBeakandHump.xml,def
GR_QuadrupedAnimalWithBeakandHump.corePart.parts.6.customLabel,right kidney,customLabel,BodyDef/Bodies_Animal_QuadrupedwithBeakandHump.xml,def
GR_QuadrupedAnimalWithBeakandHump.corePart.parts.9.parts.0.parts.1.customLabel,left eye,customLabel,BodyDef/Bodies_Animal_QuadrupedwithBeakandHump.xml,def
GR_QuadrupedAnimalWithBeakandHump.corePart.parts.9.parts.0.parts.2.customLabel,right eye,customLabel,BodyDef/Bodies_Animal_QuadrupedwithBeakandHump.xml,def
GR_QuadrupedAnimalWithBeakandHump.corePart.parts.9.parts.0.parts.3.customLabel,left ear,customLabel,BodyDef/Bodies_Animal_QuadrupedwithBeakandHump.xml,def
GR_QuadrupedAnimalWithBeakandHump.corePart.parts.9.parts.0.parts.4.customLabel,right ear,customLabel,BodyDef/Bodies_Animal_QuadrupedwithBeakandHump.xml,def
GR_QuadrupedAnimalWithBeakandHump.corePart.parts.10.customLabel,front left leg,customLabel,BodyDef/Bodies_Animal_QuadrupedwithBeakandHump.xml,def
GR_QuadrupedAnimalWithBeakandHump.corePart.parts.10.parts.0.customLabel,front left hoof,customLabel,BodyDef/Bodies_Animal_QuadrupedwithBeakandHump.xml,def
GR_QuadrupedAnimalWithBeakandHump.corePart.parts.11.customLabel,front right leg,customLabel,BodyDef/Bodies_Animal_QuadrupedwithBeakandHump.xml,def
GR_QuadrupedAnimalWithBeakandHump.corePart.parts.11.parts.0.customLabel,front right hoof,customLabel,BodyDef/Bodies_Animal_QuadrupedwithBeakandHump.xml,def
GR_QuadrupedAnimalWithBeakandHump.corePart.parts.12.customLabel,rear left leg,customLabel,BodyDef/Bodies_Animal_QuadrupedwithBeakandHump.xml,def
GR_QuadrupedAnimalWithBeakandHump.corePart.parts.12.parts.0.customLabel,rear left hoof,customLabel,BodyDef/Bodies_Animal_QuadrupedwithBeakandHump.xml,def
GR_QuadrupedAnimalWithBeakandHump.corePart.parts.13.customLabel,rear right leg,customLabel,BodyDef/Bodies_Animal_QuadrupedwithBeakandHump.xml,def
GR_QuadrupedAnimalWithBeakandHump.corePart.parts.13.parts.0.customLabel,rear right hoof,customLabel,BodyDef/Bodies_Animal_QuadrupedwithBeakandHump.xml,def
GR_QuadrupedAnimalWithPawsAndFangs.label,quadruped animal,label,BodyDef/Bodies_Animal_QuadrupedwithFangs.xml,def
GR_QuadrupedAnimalWithPawsAndFangs.corePart.parts.3.customLabel,left lung,customLabel,BodyDef/Bodies_Animal_QuadrupedwithFangs.xml,def
GR_QuadrupedAnimalWithPawsAndFangs.corePart.parts.4.customLabel,right lung,customLabel,BodyDef/Bodies_Animal_QuadrupedwithFangs.xml,def
GR_QuadrupedAnimalWithPawsAndFangs.corePart.parts.5.customLabel,left kidney,customLabel,BodyDef/Bodies_Animal_QuadrupedwithFangs.xml,def
GR_QuadrupedAnimalWithPawsAndFangs.corePart.parts.6.customLabel,right kidney,customLabel,BodyDef/Bodies_Animal_QuadrupedwithFangs.xml,def
GR_QuadrupedAnimalWithPawsAndFangs.corePart.parts.8.parts.0.parts.1.customLabel,left eye,customLabel,BodyDef/Bodies_Animal_QuadrupedwithFangs.xml,def
GR_QuadrupedAnimalWithPawsAndFangs.corePart.parts.8.parts.0.parts.2.customLabel,right eye,customLabel,BodyDef/Bodies_Animal_QuadrupedwithFangs.xml,def
GR_QuadrupedAnimalWithPawsAndFangs.corePart.parts.8.parts.0.parts.3.customLabel,left ear,customLabel,BodyDef/Bodies_Animal_QuadrupedwithFangs.xml,def
GR_QuadrupedAnimalWithPawsAndFangs.corePart.parts.8.parts.0.parts.4.customLabel,right ear,customLabel,BodyDef/Bodies_Animal_QuadrupedwithFangs.xml,def
GR_QuadrupedAnimalWithPawsAndFangs.corePart.parts.9.customLabel,front left leg,customLabel,BodyDef/Bodies_Animal_QuadrupedwithFangs.xml,def
GR_QuadrupedAnimalWithPawsAndFangs.corePart.parts.9.parts.0.customLabel,front left paw,customLabel,BodyDef/Bodies_Animal_QuadrupedwithFangs.xml,def
GR_QuadrupedAnimalWithPawsAndFangs.corePart.parts.10.customLabel,front right leg,customLabel,BodyDef/Bodies_Animal_QuadrupedwithFangs.xml,def
GR_QuadrupedAnimalWithPawsAndFangs.corePart.parts.10.parts.0.customLabel,front right paw,customLabel,BodyDef/Bodies_Animal_QuadrupedwithFangs.xml,def
GR_QuadrupedAnimalWithPawsAndFangs.corePart.parts.11.customLabel,rear left leg,customLabel,BodyDef/Bodies_Animal_QuadrupedwithFangs.xml,def
GR_QuadrupedAnimalWithPawsAndFangs.corePart.parts.11.parts.0.customLabel,rear left paw,customLabel,BodyDef/Bodies_Animal_QuadrupedwithFangs.xml,def
GR_QuadrupedAnimalWithPawsAndFangs.corePart.parts.12.customLabel,rear right leg,customLabel,BodyDef/Bodies_Animal_QuadrupedwithFangs.xml,def
GR_QuadrupedAnimalWithPawsAndFangs.corePart.parts.12.parts.0.customLabel,rear right paw,customLabel,BodyDef/Bodies_Animal_QuadrupedwithFangs.xml,def
GR_QuadrupedAnimalWithPawsHornAndTail.label,quadruped animal,label,BodyDef/Bodies_Animal_QuadrupedWithHorns.xml,def
GR_QuadrupedAnimalWithPawsHornAndTail.corePart.parts.4.customLabel,left lung,customLabel,BodyDef/Bodies_Animal_QuadrupedWithHorns.xml,def
GR_QuadrupedAnimalWithPawsHornAndTail.corePart.parts.5.customLabel,right lung,customLabel,BodyDef/Bodies_Animal_QuadrupedWithHorns.xml,def
GR_QuadrupedAnimalWithPawsHornAndTail.corePart.parts.6.customLabel,left kidney,customLabel,BodyDef/Bodies_Animal_QuadrupedWithHorns.xml,def
GR_QuadrupedAnimalWithPawsHornAndTail.corePart.parts.7.customLabel,right kidney,customLabel,BodyDef/Bodies_Animal_QuadrupedWithHorns.xml,def
GR_QuadrupedAnimalWithPawsHornAndTail.corePart.parts.9.parts.0.parts.2.customLabel,left eye,customLabel,BodyDef/Bodies_Animal_QuadrupedWithHorns.xml,def
GR_QuadrupedAnimalWithPawsHornAndTail.corePart.parts.9.parts.0.parts.3.customLabel,right eye,customLabel,BodyDef/Bodies_Animal_QuadrupedWithHorns.xml,def
GR_QuadrupedAnimalWithPawsHornAndTail.corePart.parts.9.parts.0.parts.4.customLabel,left ear,customLabel,BodyDef/Bodies_Animal_QuadrupedWithHorns.xml,def
GR_QuadrupedAnimalWithPawsHornAndTail.corePart.parts.9.parts.0.parts.5.customLabel,right ear,customLabel,BodyDef/Bodies_Animal_QuadrupedWithHorns.xml,def
GR_QuadrupedAnimalWithPawsHornAndTail.corePart.parts.10.customLabel,front left leg,customLabel,BodyDef/Bodies_Animal_QuadrupedWithHorns.xml,def
GR_QuadrupedAnimalWithPawsHornAndTail.corePart.parts.10.parts.0.customLabel,front left paw,customLabel,BodyDef/Bodies_Animal_QuadrupedWithHorns.xml,def
GR_QuadrupedAnimalWithPawsHornAndTail.corePart.parts.11.customLabel,front right leg,customLabel,BodyDef/Bodies_Animal_QuadrupedWithHorns.xml,def
GR_QuadrupedAnimalWithPawsHornAndTail.corePart.parts.11.parts.0.customLabel,front right paw,customLabel,BodyDef/Bodies_Animal_QuadrupedWithHorns.xml,def
GR_QuadrupedAnimalWithPawsHornAndTail.corePart.parts.12.customLabel,rear left leg,customLabel,BodyDef/Bodies_Animal_QuadrupedWithHorns.xml,def
GR_QuadrupedAnimalWithPawsHornAndTail.corePart.parts.12.parts.0.customLabel,rear left hoof,customLabel,BodyDef/Bodies_Animal_QuadrupedWithHorns.xml,def
GR_QuadrupedAnimalWithPawsHornAndTail.corePart.parts.13.customLabel,rear right leg,customLabel,BodyDef/Bodies_Animal_QuadrupedWithHorns.xml,def
GR_QuadrupedAnimalWithPawsHornAndTail.corePart.parts.13.parts.0.customLabel,rear right hoof,customLabel,BodyDef/Bodies_Animal_QuadrupedWithHorns.xml,def
GR_QuadrupedAnimalWithPawsHornAndTailThrumbo.label,quadruped animal,label,BodyDef/Bodies_Animal_QuadrupedWithTailAndHornThrumbo.xml,def
GR_QuadrupedAnimalWithPawsHornAndTailThrumbo.corePart.parts.4.customLabel,left lung,customLabel,BodyDef/Bodies_Animal_QuadrupedWithTailAndHornThrumbo.xml,def
GR_QuadrupedAnimalWithPawsHornAndTailThrumbo.corePart.parts.5.customLabel,right lung,customLabel,BodyDef/Bodies_Animal_QuadrupedWithTailAndHornThrumbo.xml,def
GR_QuadrupedAnimalWithPawsHornAndTailThrumbo.corePart.parts.6.customLabel,left kidney,customLabel,BodyDef/Bodies_Animal_QuadrupedWithTailAndHornThrumbo.xml,def
GR_QuadrupedAnimalWithPawsHornAndTailThrumbo.corePart.parts.7.customLabel,right kidney,customLabel,BodyDef/Bodies_Animal_QuadrupedWithTailAndHornThrumbo.xml,def
GR_QuadrupedAnimalWithPawsHornAndTailThrumbo.corePart.parts.9.parts.0.parts.1.customLabel,first left eye,customLabel,BodyDef/Bodies_Animal_QuadrupedWithTailAndHornThrumbo.xml,def
GR_QuadrupedAnimalWithPawsHornAndTailThrumbo.corePart.parts.9.parts.0.parts.2.customLabel,second left eye,customLabel,BodyDef/Bodies_Animal_QuadrupedWithTailAndHornThrumbo.xml,def
GR_QuadrupedAnimalWithPawsHornAndTailThrumbo.corePart.parts.9.parts.0.parts.3.customLabel,first right eye,customLabel,BodyDef/Bodies_Animal_QuadrupedWithTailAndHornThrumbo.xml,def
GR_QuadrupedAnimalWithPawsHornAndTailThrumbo.corePart.parts.9.parts.0.parts.4.customLabel,second right eye,customLabel,BodyDef/Bodies_Animal_QuadrupedWithTailAndHornThrumbo.xml,def
GR_QuadrupedAnimalWithPawsHornAndTailThrumbo.corePart.parts.9.parts.0.parts.5.customLabel,left ear,customLabel,BodyDef/Bodies_Animal_QuadrupedWithTailAndHornThrumbo.xml,def
GR_QuadrupedAnimalWithPawsHornAndTailThrumbo.corePart.parts.9.parts.0.parts.6.customLabel,right ear,customLabel,BodyDef/Bodies_Animal_QuadrupedWithTailAndHornThrumbo.xml,def
GR_QuadrupedAnimalWithPawsHornAndTailThrumbo.corePart.parts.10.customLabel,front left leg,customLabel,BodyDef/Bodies_Animal_QuadrupedWithTailAndHornThrumbo.xml,def
GR_QuadrupedAnimalWithPawsHornAndTailThrumbo.corePart.parts.10.parts.0.customLabel,front left paw,customLabel,BodyDef/Bodies_Animal_QuadrupedWithTailAndHornThrumbo.xml,def
GR_QuadrupedAnimalWithPawsHornAndTailThrumbo.corePart.parts.11.customLabel,front right leg,customLabel,BodyDef/Bodies_Animal_QuadrupedWithTailAndHornThrumbo.xml,def
GR_QuadrupedAnimalWithPawsHornAndTailThrumbo.corePart.parts.11.parts.0.customLabel,front right paw,customLabel,BodyDef/Bodies_Animal_QuadrupedWithTailAndHornThrumbo.xml,def
GR_QuadrupedAnimalWithPawsHornAndTailThrumbo.corePart.parts.12.customLabel,rear left leg,customLabel,BodyDef/Bodies_Animal_QuadrupedWithTailAndHornThrumbo.xml,def
GR_QuadrupedAnimalWithPawsHornAndTailThrumbo.corePart.parts.12.parts.0.customLabel,rear left paw,customLabel,BodyDef/Bodies_Animal_QuadrupedWithTailAndHornThrumbo.xml,def
GR_QuadrupedAnimalWithPawsHornAndTailThrumbo.corePart.parts.13.customLabel,rear right leg,customLabel,BodyDef/Bodies_Animal_QuadrupedWithTailAndHornThrumbo.xml,def
GR_QuadrupedAnimalWithPawsHornAndTailThrumbo.corePart.parts.13.parts.0.customLabel,rear right paw,customLabel,BodyDef/Bodies_Animal_QuadrupedWithTailAndHornThrumbo.xml,def
GR_FangsAttackTool.label,fangs,label,BodyPartGroupDef/BodyPartGroups.xml,def
GR_Fangs.label,fangs,label,BodyPartDef/BodyParts.xml,def
GR_JellyfishMainBody.label,body,label,BodyPartDef/BodyParts.xml,def
GR_HydrogenSac.label,hydrogen-chemfuel sac,label,BodyPartDef/BodyParts.xml,def
GR_Nucleus.label,baby body,label,BodyPartDef/BodyParts.xml,def
GR_GreatApe.label,great ape,label,BodyDef/Primates_Bodies.xml,def
GR_GreatApe.corePart.parts.0.customLabel,left clavicle,customLabel,BodyDef/Primates_Bodies.xml,def
GR_GreatApe.corePart.parts.1.customLabel,right clavicle,customLabel,BodyDef/Primates_Bodies.xml,def
GR_GreatApe.corePart.parts.8.customLabel,left lung,customLabel,BodyDef/Primates_Bodies.xml,def
GR_GreatApe.corePart.parts.9.customLabel,right lung,customLabel,BodyDef/Primates_Bodies.xml,def
GR_GreatApe.corePart.parts.10.customLabel,left kidney,customLabel,BodyDef/Primates_Bodies.xml,def
GR_GreatApe.corePart.parts.11.customLabel,right kidney,customLabel,BodyDef/Primates_Bodies.xml,def
GR_GreatApe.corePart.parts.13.parts.0.parts.1.customLabel,left eye,customLabel,BodyDef/Primates_Bodies.xml,def
GR_GreatApe.corePart.parts.13.parts.0.parts.2.customLabel,right eye,customLabel,BodyDef/Primates_Bodies.xml,def
GR_GreatApe.corePart.parts.13.parts.0.parts.3.customLabel,left ear,customLabel,BodyDef/Primates_Bodies.xml,def
GR_GreatApe.corePart.parts.13.parts.0.parts.4.customLabel,right ear,customLabel,BodyDef/Primates_Bodies.xml,def
GR_GreatApe.corePart.parts.14.customLabel,left shoulder,customLabel,BodyDef/Primates_Bodies.xml,def
GR_GreatApe.corePart.parts.14.parts.0.customLabel,left arm,customLabel,BodyDef/Primates_Bodies.xml,def
GR_GreatApe.corePart.parts.14.parts.0.parts.0.customLabel,left humerus,customLabel,BodyDef/Primates_Bodies.xml,def
GR_GreatApe.corePart.parts.14.parts.0.parts.1.customLabel,left radius,customLabel,BodyDef/Primates_Bodies.xml,def
GR_GreatApe.corePart.parts.14.parts.0.parts.2.customLabel,left hand,customLabel,BodyDef/Primates_Bodies.xml,def
GR_GreatApe.corePart.parts.14.parts.0.parts.2.parts.0.customLabel,left pinky,customLabel,BodyDef/Primates_Bodies.xml,def
GR_GreatApe.corePart.parts.14.parts.0.parts.2.parts.1.customLabel,left ring finger,customLabel,BodyDef/Primates_Bodies.xml,def
GR_GreatApe.corePart.parts.14.parts.0.parts.2.parts.2.customLabel,left middle finger,customLabel,BodyDef/Primates_Bodies.xml,def
GR_GreatApe.corePart.parts.14.parts.0.parts.2.parts.3.customLabel,left index finger,customLabel,BodyDef/Primates_Bodies.xml,def
GR_GreatApe.corePart.parts.14.parts.0.parts.2.parts.4.customLabel,left thumb,customLabel,BodyDef/Primates_Bodies.xml,def
GR_GreatApe.corePart.parts.15.customLabel,right shoulder,customLabel,BodyDef/Primates_Bodies.xml,def
GR_GreatApe.corePart.parts.15.parts.0.customLabel,right arm,customLabel,BodyDef/Primates_Bodies.xml,def
GR_GreatApe.corePart.parts.15.parts.0.parts.0.customLabel,right humerus,customLabel,BodyDef/Primates_Bodies.xml,def
GR_GreatApe.corePart.parts.15.parts.0.parts.1.customLabel,right radius,customLabel,BodyDef/Primates_Bodies.xml,def
GR_GreatApe.corePart.parts.15.parts.0.parts.2.customLabel,right hand,customLabel,BodyDef/Primates_Bodies.xml,def
GR_GreatApe.corePart.parts.15.parts.0.parts.2.parts.0.customLabel,right pinky,customLabel,BodyDef/Primates_Bodies.xml,def
GR_GreatApe.corePart.parts.15.parts.0.parts.2.parts.1.customLabel,right ring finger,customLabel,BodyDef/Primates_Bodies.xml,def
GR_GreatApe.corePart.parts.15.parts.0.parts.2.parts.2.customLabel,right middle finger,customLabel,BodyDef/Primates_Bodies.xml,def
GR_GreatApe.corePart.parts.15.parts.0.parts.2.parts.3.customLabel,right index finger,customLabel,BodyDef/Primates_Bodies.xml,def
GR_GreatApe.corePart.parts.15.parts.0.parts.2.parts.4.customLabel,right thumb,customLabel,BodyDef/Primates_Bodies.xml,def
GR_GreatApe.corePart.parts.16.customLabel,left leg,customLabel,BodyDef/Primates_Bodies.xml,def
GR_GreatApe.corePart.parts.16.parts.0.customLabel,left femur,customLabel,BodyDef/Primates_Bodies.xml,def
GR_GreatApe.corePart.parts.16.parts.1.customLabel,left tibia,customLabel,BodyDef/Primates_Bodies.xml,def
GR_GreatApe.corePart.parts.16.parts.2.customLabel,left foot,customLabel,BodyDef/Primates_Bodies.xml,def
GR_GreatApe.corePart.parts.16.parts.2.parts.0.customLabel,left little toe,customLabel,BodyDef/Primates_Bodies.xml,def
GR_GreatApe.corePart.parts.16.parts.2.parts.1.customLabel,left fourth toe,customLabel,BodyDef/Primates_Bodies.xml,def
GR_GreatApe.corePart.parts.16.parts.2.parts.2.customLabel,left middle toe,customLabel,BodyDef/Primates_Bodies.xml,def
GR_GreatApe.corePart.parts.16.parts.2.parts.3.customLabel,left second toe,customLabel,BodyDef/Primates_Bodies.xml,def
GR_GreatApe.corePart.parts.16.parts.2.parts.4.customLabel,left big toe,customLabel,BodyDef/Primates_Bodies.xml,def
GR_GreatApe.corePart.parts.17.customLabel,right leg,customLabel,BodyDef/Primates_Bodies.xml,def
GR_GreatApe.corePart.parts.17.parts.0.customLabel,right femur,customLabel,BodyDef/Primates_Bodies.xml,def
GR_GreatApe.corePart.parts.17.parts.1.customLabel,right tibia,customLabel,BodyDef/Primates_Bodies.xml,def
GR_GreatApe.corePart.parts.17.parts.2.customLabel,right foot,customLabel,BodyDef/Primates_Bodies.xml,def
GR_GreatApe.corePart.parts.17.parts.2.parts.0.customLabel,right little toe,customLabel,BodyDef/Primates_Bodies.xml,def
GR_GreatApe.corePart.parts.17.parts.2.parts.1.customLabel,right fourth toe,customLabel,BodyDef/Primates_Bodies.xml,def
GR_GreatApe.corePart.parts.17.parts.2.parts.2.customLabel,right middle toe,customLabel,BodyDef/Primates_Bodies.xml,def
GR_GreatApe.corePart.parts.17.parts.2.parts.3.customLabel,right second toe,customLabel,BodyDef/Primates_Bodies.xml,def
GR_GreatApe.corePart.parts.17.parts.2.parts.4.customLabel,right big toe,customLabel,BodyDef/Primates_Bodies.xml,def
GR_GoForTheHead.label,vicious slash,label,DamageDef/Damages_LocalInjury.xml,def
GR_GoForTheEyes.label,vicious pecking,label,DamageDef/Damages_LocalInjury.xml,def
GR_RabidSlash.label,rabid slash,label,DamageDef/Damages_LocalInjury.xml,def
GR_DoubleSlash.label,double slash,label,DamageDef/Damages_LocalInjury.xml,def
GR_DevastatingBite.label,devastating bite,label,DamageDef/Damages_LocalInjury.xml,def
GR_Acid.label,acidic chemfuel,label,DamageDef/Damages_LocalInjury.xml,def
GR_Acid.deathMessage,{0} has been corroded to death.,deathMessage,DamageDef/Damages_LocalInjury.xml,def
GR_BloodFrenzy.label,blood frenzy,label,DamageDef/Damages_LocalInjury.xml,def
GR_VeryToxicBite.label,virulent toxic bite,label,DamageDef/Damages_LocalInjury.xml,def
GR_LightToxicBite.label,light toxic bite,label,DamageDef/Damages_LocalInjury.xml,def
GR_HairballProjectileDamage.label,hairball,label,DamageDef/Damages_LocalInjury.xml,def
GR_GreatHairballProjectileDamage.label,suffocating attack,label,DamageDef/Damages_LocalInjury.xml,def
GR_ToxicExplosion.label,toxic explosion,label,DamageDef/Damages_LocalInjury.xml,def
GR_ToxicExplosion.deathMessage,{0} has been poisoned to death.,deathMessage,DamageDef/Damages_LocalInjury.xml,def
GR_ToxicGas.label,toxic explosion,label,DamageDef/Damages_LocalInjury.xml,def
GR_ToxicGas.deathMessage,{0} has been poisoned to death.,deathMessage,DamageDef/Damages_LocalInjury.xml,def
GR_HairballExplosion.label,hairball explosion,label,DamageDef/Damages_LocalInjury.xml,def
GR_HairballExplosion.deathMessage,{0} has been suffocated by cat hair to death.,deathMessage,DamageDef/Damages_LocalInjury.xml,def
GR_PlagueBite.label,plagued bite,label,DamageDef/Damages_LocalInjury.xml,def
GR_DistortionDamage.label,warping,label,DamageDef/Damages_LocalInjury.xml,def
GR_DistortionDamage.deathMessage,{0} has succumbed to a warped body.,deathMessage,DamageDef/Damages_LocalInjury.xml,def
GR_PermanentBurn.label,permanent burn,label,DamageDef/Damages_LocalInjury.xml,def
GR_PermanentBurn.deathMessage,{0} has been killed by burning.,deathMessage,DamageDef/Damages_LocalInjury.xml,def
GR_ElectroEgg.label,mechanoid egg,label,ThingDef/ElectroEgg.xml,def
GR_ElectroEgg.description,"This diminutive egg seems to be metallic in nature at first, yet it is soft enough to crush it between two fingers. Once thus crushed it can be swallowed normally, and the active mechanites inside have a reinvigorating effect on the consumer. This effect can be slightly addictive, though.",description,ThingDef/ElectroEgg.xml,def
GR_ElectroEgg.ingestible.ingestCommandString,Consume {0},ingestCommandString,ThingDef/ElectroEgg.xml,def
GR_ElectroEgg.ingestible.ingestReportString,Consuming {0}.,ingestReportString,ThingDef/ElectroEgg.xml,def
GR_ElectroEggHigh.description,Active mechanites in the bloodstream. They lift the mood and increase attentiveness.,description,HediffDef/ElectroEgg.xml,def
GR_ElectroEggHigh.label,high on active mechanites,label,HediffDef/ElectroEgg.xml,def
GR_ElectroEggHigh.labelNoun,an active mechanites high,labelNoun,HediffDef/ElectroEgg.xml,def
GR_ElectroEggHigh.stages.0.label,active mechanites,label,ThoughtDef/ElectroEgg.xml,def
GR_ElectroEggHigh.stages.0.description,Swallowing that mechanoid egg made me feel great. I can almost feel the mechanites in my stomach!,description,ThoughtDef/ElectroEgg.xml,def
GR_ElectroEgg.label,active mechanites,label,ChemicalDef/ElectroEgg.xml,def
GR_ElectroEgg.label,active mechanites,label,NeedDef/ElectroEgg.xml,def
GR_ElectroEgg.description,"Because of an active mechanites addiction, this person needs to regularly consume mechanoid eggs, produced by mecha-chickens, to avoid withdrawal symptoms.",description,NeedDef/ElectroEgg.xml,def
GR_ElectroEggTolerance.description,"A built-up tolerance to active mechanites. The more severe this tolerance is, the more active mechanites it takes to get the same effect.",description,HediffDef/ElectroEgg.xml,def
GR_ElectroEggTolerance.label,active mechanites tolerance,label,HediffDef/ElectroEgg.xml,def
GR_ElectroEggAddiction.description,"A chemical addiction to active mechanites. Long-term presence of active mechanites has caused neurological adaptations at the cellular level, so the brain can no longer function properly without them.
\nWithout regular doses of active mechanites, withdrawal symptoms will begin. However, extended abstinence will force the brain to adapt back to its normal state, resolving the addiction.",description,HediffDef/ElectroEgg.xml,def
GR_ElectroEggAddiction.label,active mechanites addiction,label,HediffDef/ElectroEgg.xml,def
GR_ElectroEggAddiction.stages.1.label,withdrawal,label,HediffDef/ElectroEgg.xml,def
GR_ElectroEggWithdrawal.stages.1.label,active mechanites withdrawal,label,ThoughtDef/ElectroEgg.xml,def
GR_ElectroEggWithdrawal.stages.1.description,All my body itches... It is as if the mechanites are turning against me.,description,ThoughtDef/ElectroEgg.xml,def
GR_FeatherdustJoint.label,featherdust joint,label,ThingDef/Featherdust.xml,def
GR_FeatherdustJoint.description,"Chickenbear feathers can be gathered and processed into a fine powder, which produces a mild euphoric sensation when burned and inhaled. Featherdust use can produce a dependency.",description,ThingDef/Featherdust.xml,def
GR_FeatherdustJoint.ingestible.ingestCommandString,Smoke {0},ingestCommandString,ThingDef/Featherdust.xml,def
GR_FeatherdustJoint.ingestible.ingestReportString,Smoking {0}.,ingestReportString,ThingDef/Featherdust.xml,def
GR_FeatherdustHigh.description,Featherdust's active chemical in the bloodstream. Generates a soft feeling of fuzzy well-being.,description,HediffDef/Featherdust.xml,def
GR_FeatherdustHigh.label,stoned on featherdust,label,HediffDef/Featherdust.xml,def
GR_FeatherdustHigh.stages.0.label,high on featherdust,label,ThoughtDef/Featherdust.xml,def
GR_FeatherdustHigh.stages.0.description,I just smoked ground feathers from a scientific abomination and... I feel fine.,description,ThoughtDef/Featherdust.xml,def
GR_Featherdust.label,Featherdust,label,ChemicalDef/Featherdust.xml,def
GR_Chemical_Featherdust.label,featherdust,label,NeedDef/Featherdust.xml,def
GR_Chemical_Featherdust.description,"Because of a developed Featherdust dependence, this person needs to regularly consume the drug to avoid withdrawal symptoms.",description,NeedDef/Featherdust.xml,def
GR_FeatherdustTolerance.description,"A built-up tolerance to featherdust. The more severe this tolerance is, the more featherdust it takes to get the same effect.",description,HediffDef/Featherdust.xml,def
GR_FeatherdustTolerance.label,featherdust tolerance,label,HediffDef/Featherdust.xml,def
GR_FeatherdustAddiction.label,featherdust dependence,label,HediffDef/Featherdust.xml,def
GR_FeatherdustAddiction.description,"A chemical addiction to featherdust. Long-term use of featherdust has caused neurological adaptations at the cellular level, so the brain can no longer function properly without the drug.
\nWithout regular doses of featherdust, withdrawal symptoms will begin. However, extended abstinence will force the brain to adapt back to its normal state, resolving the addiction.",description,HediffDef/Featherdust.xml,def
GR_FeatherdustAddiction.stages.1.label,withdrawal,label,HediffDef/Featherdust.xml,def
GR_FeatherdustWithdrawal.stages.1.label,Featherdust withdrawal,label,ThoughtDef/Featherdust.xml,def
GR_FeatherdustWithdrawal.stages.1.description,I really wish I could smoke.,description,ThoughtDef/Featherdust.xml,def
GR_PoisonAmpoule.label,poison ampoule,label,ThingDef/PoisonAmpoule.xml,def
GR_PoisonAmpoule.description,"This tiny vial is filled with a concentrated solution of Muffalokomodo saliva, which acts as a powerful neuromuscular-blocking drug. This effectively paralyses anyone that drinks it, though it is not lethal. It will also stop bleeding rate while active, perhaps allowing a person to avoid bleeding to death if the poison is administered quick enough. Effects wear off after 6 hours.",description,ThingDef/PoisonAmpoule.xml,def
GR_PoisonAmpouleDrank.label,poison ampoule,label,HediffDef/PoisonAmpoule.xml,def
GR_PoisonAmpouleDrank.description,Poison in the bloodstream. Causes paralysis while slowing bleeding rate and wears off after 6 hours.,description,HediffDef/PoisonAmpoule.xml,def
GR_FleshFliesGas.label,flesh flies,label,ThingDef/Effecter_PawnStates.xml,def
GR_RoamingMonstrosities.label,roaming monstrosities,label,FactionDef/Factions_Hidden.xml,def
GR_RoamingMonstrosities.description,"The effect of hundreds of years of genetic experimentation running amok. Hordes of ravenous, maddened genetic aberrations are a threat to anyone in this planet.",description,FactionDef/Factions_Hidden.xml,def
GR_RoamingMonstrosities.pawnSingular,roaming monstrosity,pawnSingular,FactionDef/Factions_Hidden.xml,def
GR_RoamingMonstrosities.pawnsPlural,roaming monstrosities,pawnsPlural,FactionDef/Factions_Hidden.xml,def
GR_RoamingMonstrosities.fixedName,roaming monstrosities,fixedName,FactionDef/Factions_Hidden.xml,def
GR_RecentlyHatched.description,This creature has recently hatched from an incubator.,description,HediffDef/Hediffs_Global_Misc.xml,def
GR_RecentlyHatched.label,recently hatched,label,HediffDef/Hediffs_Global_Misc.xml,def
GR_ExtractedBrain.description,The brain or neural center of this creature has been extracted and refined into genetic material.,description,HediffDef/Hediffs_Global_Misc.xml,def
GR_ExtractedBrain.label,brain extracted,label,HediffDef/Hediffs_Global_Misc.xml,def
GR_LowRest.description,"This creature has very little need for sleep, and can stay awake for a long time.",description,HediffDef/Hediffs_Global_Misc.xml,def
GR_LowRest.label,needs very little sleep,label,HediffDef/Hediffs_Global_Misc.xml,def
GR_VeryLowRest.description,"This creature has very little need for sleep, and can stay awake for a long time.",description,HediffDef/Hediffs_Global_Misc.xml,def
GR_VeryLowRest.label,needs very little sleep,label,HediffDef/Hediffs_Global_Misc.xml,def
GR_PackTactics.label,pack tactics,label,HediffDef/Hediffs_Global_Misc.xml,def
GR_PackTactics.description,This hybrid is collaborating with other nearby muffalowolves to bring down prey.,description,HediffDef/Hediffs_Global_Misc.xml,def
GR_PackTacticsBuff.label,pack tactics,label,HediffDef/Hediffs_Global_Misc.xml,def
GR_PackTacticsBuff.description,This hybrid is collaborating with other nearby muffalowolves to bring down prey.,description,HediffDef/Hediffs_Global_Misc.xml,def
GR_ResearchDrive.label,research drive,label,HediffDef/Hediffs_Global_Misc.xml,def
GR_ResearchDrive.description,"Offer investigative insights to nearby researches, allowing them to more easily reach a breakthrough.\n\n<color=#E5E54C>Gameplay effect:</color> ""My fellow scientist, have you considered rejecting humanity, and returning to monkey? Food for thought"".",description,HediffDef/Hediffs_Global_Misc.xml,def
GR_ResearchDriveBuff.label,research drive,label,HediffDef/Hediffs_Global_Misc.xml,def
GR_ResearchDriveBuff.description,"Being offered investigative insights.\n\n<color=#E5E54C>Gameplay effect:</color> ""My fellow scientist, have you considered rejecting humanity, and returning to monkey? Food for thought"".",description,HediffDef/Hediffs_Global_Misc.xml,def
GR_BloodFrenzy.label,victim of blood frenzy,label,HediffDef/Hediffs_Global_Misc.xml,def
GR_BloodFrenzy.description,This creature has been victim of a frenzied attack.,description,HediffDef/Hediffs_Global_Misc.xml,def
GR_RabidSlash.label,victim of rabid slash,label,HediffDef/Hediffs_Global_Misc.xml,def
GR_RabidSlash.description,This creature has been victim of a rabid slash.,description,HediffDef/Hediffs_Global_Misc.xml,def
GR_Frenzied.label,frenzied,label,HediffDef/Hediffs_Global_Misc.xml,def
GR_Frenzied.description,The smell of its enemies' blood has filled this hybrid with a frenzy.,description,HediffDef/Hediffs_Global_Misc.xml,def
GR_ToxicDamage.description,"Toxins in the bloodstream. This can come from various sources, including environmental toxins, venomous bites, or poisoned weapons.
\nAt high doses, toxic buildup is lethal. Even at low doses, it can generate cancers.
\nContrary to base game toxic buildup, creatures who die with toxic damage can be eaten.",description,HediffDef/Hediffs_Global_Misc.xml,def
GR_ToxicDamage.label,toxic damage,label,HediffDef/Hediffs_Global_Misc.xml,def
GR_ToxicDamage.stages.0.label,initial-hidden,label,HediffDef/Hediffs_Global_Misc.xml,def
GR_ToxicDamage.stages.1.label,initial,label,HediffDef/Hediffs_Global_Misc.xml,def
GR_ToxicDamage.stages.2.label,minor,label,HediffDef/Hediffs_Global_Misc.xml,def
GR_ToxicDamage.stages.3.label,moderate,label,HediffDef/Hediffs_Global_Misc.xml,def
GR_ToxicDamage.stages.4.label,serious,label,HediffDef/Hediffs_Global_Misc.xml,def
GR_ToxicDamage.stages.5.label,extreme,label,HediffDef/Hediffs_Global_Misc.xml,def
GR_HairballDamage.description,Genetically altered hairballs are suffocating this creature. This negatively affects breathing and can even cause unconsciousness.,description,HediffDef/Hediffs_Global_Misc.xml,def
GR_HairballDamage.label,suffocating damage,label,HediffDef/Hediffs_Global_Misc.xml,def
GR_HairballDamage.stages.0.label,initial-hidden,label,HediffDef/Hediffs_Global_Misc.xml,def
GR_HairballDamage.stages.1.label,initial,label,HediffDef/Hediffs_Global_Misc.xml,def
GR_HairballDamage.stages.2.label,minor,label,HediffDef/Hediffs_Global_Misc.xml,def
GR_HairballDamage.stages.3.label,moderate,label,HediffDef/Hediffs_Global_Misc.xml,def
GR_HairballDamage.stages.4.label,serious,label,HediffDef/Hediffs_Global_Misc.xml,def
GR_HairballDamage.stages.5.label,extreme,label,HediffDef/Hediffs_Global_Misc.xml,def
GR_HairballDamage.stages.6.label,nauseating,label,HediffDef/Hediffs_Global_Misc.xml,def
GR_Kamikaze.label,sudden detonation,label,HediffDef/Hediffs_Global_Misc.xml,def
GR_Kamikaze.description,Boom.,description,HediffDef/Hediffs_Global_Misc.xml,def
GR_Kamikaze.stages.0.label,initial-hidden,label,HediffDef/Hediffs_Global_Misc.xml,def
GR_Kamikaze.stages.1.label,critical,label,HediffDef/Hediffs_Global_Misc.xml,def
GR_AdrenalineBurst.label,adrenaline rush,label,HediffDef/Hediffs_Global_Misc.xml,def
GR_AdrenalineBurst.description,"Adrenaline rush greatly increases the speed of the hybrid for a while, and then it needs to be recharged to be used again.",description,HediffDef/Hediffs_Global_Misc.xml,def
GR_AdrenalineBurst.stages.1.label,exhausted,label,HediffDef/Hediffs_Global_Misc.xml,def
GR_Stamina.label,increased stamina,label,HediffDef/Hediffs_Global_Misc.xml,def
GR_Stamina.description,"Increased stamina greatly increases the armor and pain resistance of the hybrid for a while, and then it needs to be recharged to be used again.",description,HediffDef/Hediffs_Global_Misc.xml,def
GR_Stamina.stages.1.label,exhausted,label,HediffDef/Hediffs_Global_Misc.xml,def
GR_CatReflexes.label,cat reflexes,label,HediffDef/Hediffs_Global_Misc.xml,def
GR_CatReflexes.description,"Cat reflexes greatly increases the speed and melee dodge chance of the hybrid for a while, and then it needs to be recharged to be used again.",description,HediffDef/Hediffs_Global_Misc.xml,def
GR_CatReflexes.stages.1.label,exhausted,label,HediffDef/Hediffs_Global_Misc.xml,def
GR_KeenSenses.label,keen senses,label,HediffDef/Hediffs_Global_Misc.xml,def
GR_KeenSenses.description,"Keen senses greatly increases sight and conciousness of the hybrid for a while, and then it needs to be recharged to be used again.",description,HediffDef/Hediffs_Global_Misc.xml,def
GR_KeenSenses.stages.1.label,exhausted,label,HediffDef/Hediffs_Global_Misc.xml,def
GR_InsectClouds.label,releasing insect clouds,label,HediffDef/Hediffs_Global_Misc.xml,def
GR_InsectClouds.description,"Releases insect clouds that damage anyone crossing through them, except insectoids, and then it needs to be recharged to be used again.",description,HediffDef/Hediffs_Global_Misc.xml,def
GR_InsectClouds.stages.1.label,recovering,label,HediffDef/Hediffs_Global_Misc.xml,def
GR_Burrowing.label,burrowing underground,label,HediffDef/Hediffs_Global_Misc.xml,def
GR_Burrowing.description,Burrows underground to be able to move while being almost impervious to attacks. This ability needs to be recharged to be used again.,description,HediffDef/Hediffs_Global_Misc.xml,def
GR_Burrowing.stages.1.label,recovering,label,HediffDef/Hediffs_Global_Misc.xml,def
GR_Stampeding.label,stampeding,label,HediffDef/Hediffs_Global_Misc.xml,def
GR_Stampeding.description,"The stampeding ability increases the hybrid's speed and releases clouds of dust that block ranged visibility. Once used, this ability needs to be recharged to be used again.",description,HediffDef/Hediffs_Global_Misc.xml,def
GR_Stampeding.stages.1.label,recovering,label,HediffDef/Hediffs_Global_Misc.xml,def
GR_CausedPoisonCloud.label,recently released poison cloud,label,HediffDef/Hediffs_Global_Misc.xml,def
GR_CausedPoisonCloud.description,"Releases a poison cloud that harms anyone passing through it, except reptilians, and then it needs to be recharged to be used again.",description,HediffDef/Hediffs_Global_Misc.xml,def
GR_CausedPoisonCloud.stages.0.label,recovering,label,HediffDef/Hediffs_Global_Misc.xml,def
GR_CausedHorror.label,recently invoked the insanity of That Which Man Is Not Meant to Know,label,HediffDef/Hediffs_Global_Misc.xml,def
GR_CausedHorror.description,"Releases an insanity cloud that reduces sanity of anyone passing through it, and then it needs to be recharged to be used again.",description,HediffDef/Hediffs_Global_Misc.xml,def
GR_CausedHorror.stages.0.label,recovering,label,HediffDef/Hediffs_Global_Misc.xml,def
GR_VentedExhaust.label,recently vented exhaust gasses,label,HediffDef/Hediffs_Global_Misc.xml,def
GR_VentedExhaust.description,"Vents exhaust fumes on the 8 adjacent tiles, burning anyone unlucky enough to be in melee, and then it needs to be recharged to be used again.",description,HediffDef/Hediffs_Global_Misc.xml,def
GR_VentedExhaust.stages.0.label,recovering,label,HediffDef/Hediffs_Global_Misc.xml,def
GR_NoPain.label,no pain sensitivity,label,HediffDef/Hediffs_Global_Misc.xml,def
GR_NoPain.description,"This hybrid has a reduced pain sensitivity, and it takes longer to be downed due to pain.",description,HediffDef/Hediffs_Global_Misc.xml,def
GR_MeleeDodge.label,melee dodging,label,HediffDef/Hediffs_Global_Misc.xml,def
GR_MeleeDodge.description,This hybrid is very agile and receives a considerable bonus to melee dodge.,description,HediffDef/Hediffs_Global_Misc.xml,def
GR_SadisticAdrenaline.label,sadistic adrenaline,label,HediffDef/Hediffs_Global_Misc.xml,def
GR_SadisticAdrenaline.description,"The lizardman has slaughtered a colony prisoner in cold blood, triggering the release of a potent hormone complex that is making it faster and stronger. This will last for a few hours.",description,HediffDef/Hediffs_Global_Misc.xml,def
GR_DistortionHediff.label,warping,label,HediffDef/Hediffs_Global_Misc.xml,def
GR_DistortionHediff.description,"This body part has been terribly warped by being exposed to a dangerous spatial distortion. Warping is very painful, and warped body parts are often lost.",description,HediffDef/Hediffs_Global_Misc.xml,def
GR_DistortionHediff.comps.0.labelTendedWell,bandaged,labelTendedWell,HediffDef/Hediffs_Global_Misc.xml,def
GR_DistortionHediff.comps.0.labelTendedWellInner,tended,labelTendedWellInner,HediffDef/Hediffs_Global_Misc.xml,def
GR_DistortionHediff.comps.0.labelSolidTendedWell,tended,labelSolidTendedWell,HediffDef/Hediffs_Global_Misc.xml,def
GR_DistortionHediff.comps.2.permanentLabel,warped scar,permanentLabel,HediffDef/Hediffs_Global_Misc.xml,def
GR_DistortionHediff.injuryProps.destroyedLabel,Lost to warping,destroyedLabel,HediffDef/Hediffs_Global_Misc.xml,def
GR_PermanentBurn.label,permanent burn,label,HediffDef/Hediffs_Global_Misc.xml,def
GR_PermanentBurn.description,A permanent burn scar that cannot be treated.,description,HediffDef/Hediffs_Global_Misc.xml,def
GR_PermanentBurn.labelNoun,a permanent burn,labelNoun,HediffDef/Hediffs_Global_Misc.xml,def
GR_PermanentBurn.comps.1.permanentLabel,permanent burn,permanentLabel,HediffDef/Hediffs_Global_Misc.xml,def
GR_PermanentBurn.injuryProps.destroyedLabel,Burned off,destroyedLabel,HediffDef/Hediffs_Global_Misc.xml,def
GR_PermanentBurn.injuryProps.destroyedOutLabel,Burned out,destroyedOutLabel,HediffDef/Hediffs_Global_Misc.xml,def
GR_HighlyFlammable.label,highly flammable,label,HediffDef/Hediffs_Global_Misc.xml,def
GR_HighlyFlammable.description,This creature will die quickly if set on fire.,description,HediffDef/Hediffs_Global_Misc.xml,def
GR_HungerByQuality.label,quality,label,HediffDef/Hediffs_Hybrid_HungerByQuality.xml,def
GR_HungerByQuality.description,This is a hidden hediff that modifies the hybrid's hunger depending on quality.,description,HediffDef/Hediffs_Hybrid_HungerByQuality.xml,def
GR_MuscleNecrosis.label,muscle necrosis,label,HediffDef/Hediffs_Lifespan_Diseases.xml,def
GR_MuscleNecrosis.description,"A viral infection causing an animal organism to turn on itself and reject normal functioning tissue, causing widespread necrosis across the entire animal body. A creature with Muscle Necrosis can be tended to which will slow down the disease, but cannot be cured.\n\nAny hybrid or paragon animal will get this disease 3 years after being hatched or born naturally, though this is affected by the hybrids's quality.",description,HediffDef/Hediffs_Lifespan_Diseases.xml,def
GR_MuscleNecrosis.stages.0.label,initial,label,HediffDef/Hediffs_Lifespan_Diseases.xml,def
GR_MuscleNecrosis.stages.1.label,necrotic,label,HediffDef/Hediffs_Lifespan_Diseases.xml,def
GR_MuscleNecrosis.stages.2.label,horribly necrotic,label,HediffDef/Hediffs_Lifespan_Diseases.xml,def
GR_AnimalTuberculosis.label,animal tuberculosis,label,HediffDef/Hediffs_Lifespan_Diseases.xml,def
GR_AnimalTuberculosis.description,"A disease originating from a bacterial infection that attacks lungs. Animals with tuberculosis will keep spitting blood until blood loss causes them to die. Every time a coughing attack occurs, the lungs of that animal will get more and more damaged. A creature with Animal Tuberculosis can be tended to which will slow down the disease, but cannot be cured.\n\nAny hybrid or paragon animal will get this disease 3 years after being hatched or born naturally, though this is affected by the hybrids's quality.",description,HediffDef/Hediffs_Lifespan_Diseases.xml,def
GR_AnimalTuberculosis.stages.0.label,initial,label,HediffDef/Hediffs_Lifespan_Diseases.xml,def
GR_AnimalTuberculosis.stages.1.label,damaged lungs,label,HediffDef/Hediffs_Lifespan_Diseases.xml,def
GR_AnimalTuberculosis.stages.2.label,very damaged lungs,label,HediffDef/Hediffs_Lifespan_Diseases.xml,def
GR_AnimalAbasia.label,animal abasia,label,HediffDef/Hediffs_Lifespan_Diseases.xml,def
GR_AnimalAbasia.description,"A condition that makes an animal unable to walk by interfering with the motor cortex. If not treated in time, Abasia inevitably interferes with functioning of organs - for example by halting the heart functions. A creature with Animal Abasia can be tended to which will slow down the disease, but cannot be cured.\n\nAny hybrid or paragon animal will get this disease 3 years after being hatched or born naturally, though this is affected by the hybrids's quality.",description,HediffDef/Hediffs_Lifespan_Diseases.xml,def
GR_AnimalAbasia.stages.0.label,paralyzed,label,HediffDef/Hediffs_Lifespan_Diseases.xml,def
GR_SargSyndrome.label,sarg syndrome,label,HediffDef/Hediffs_Lifespan_Diseases.xml,def
GR_SargSyndrome.description,"A rare bacterial infection of the animal brain, which causes the animal to only be able to consume human meat, while consuming anything else will simply not satiate the animal’s hunger and make it vomit constantly. This will spell a death sentence for herbivores, and a slow death for carnivores. A creature with Sarg Syndrome can't be tended to or cured.\n\nAny hybrid or paragon animal will get this disease 3 years after being hatched or born naturally, though this is affected by the hybrids's quality.",description,HediffDef/Hediffs_Lifespan_Diseases.xml,def
GR_GreaterScaria.label,greater scaria,label,HediffDef/Hediffs_Lifespan_Diseases.xml,def
GR_GreaterScaria.description,A disease which causes affected creatures to enter berserk rages. A creature with greater scaria can't be cured and kills its host about five days after infection. Their seething rage will allow them to survive without having to eat or rest until their inevitable death.,description,HediffDef/Hediffs_Lifespan_Diseases.xml,def
GR_AnimalControlHediff.label,animal controller,label,HediffDef/Hediffs_Local_Implants_Animals.xml,def
GR_AnimalControlHediff.description,This creature was genetically modified with a controller booster.,description,HediffDef/Hediffs_Local_Implants_Animals.xml,def
GR_BearLeg.description,"A prosthetic animal leg strengthened with bear muscles, and ending in a powerful bear claw that adds a powerful melee attack.",description,HediffDef/Hediffs_Local_Implants_Animals.xml,def
GR_BearLeg.label,animal Implant: bear leg,label,HediffDef/Hediffs_Local_Implants_Animals.xml,def
GR_BearLeg.comps.0.tools.0.label,animal Implant: bear leg,label,HediffDef/Hediffs_Local_Implants_Animals.xml,def
GR_LizardLeg.label,animal Implant: lizard leg,label,HediffDef/Hediffs_Local_Implants_Animals.xml,def
GR_LizardLeg.description,A bionic animal leg reinforced with tough lizard skin.,description,HediffDef/Hediffs_Local_Implants_Animals.xml,def
GR_LizardLeg.comps.0.tools.0.label,animal Implant: lizard leg,label,HediffDef/Hediffs_Local_Implants_Animals.xml,def
GR_ThrumboLeg.label,animal Implant: elephant leg,label,HediffDef/Hediffs_Local_Implants_Animals.xml,def
GR_ThrumboLeg.description,A bionic animal leg reinforced with muscle tissue from a powerful elephant.,description,HediffDef/Hediffs_Local_Implants_Animals.xml,def
GR_ThrumboLeg.comps.0.tools.0.label,animal Implant: elephant leg,label,HediffDef/Hediffs_Local_Implants_Animals.xml,def
GR_CatTail.label,animal Implant: cat tail,label,HediffDef/Hediffs_Local_Implants_Animals.xml,def
GR_CatTail.description,A tail implant that uses genetic splicing with feline genes to substitute a broken or missing tail. This implant is not meant to replace a healthy tail.,description,HediffDef/Hediffs_Local_Implants_Animals.xml,def
GR_ScytherTail.label,animal Implant: scyther tail,label,HediffDef/Hediffs_Local_Implants_Animals.xml,def
GR_ScytherTail.description,A scyther tail created by attaching a scyther blade to an animal's tail.,description,HediffDef/Hediffs_Local_Implants_Animals.xml,def
GR_ScytherTail.comps.0.tools.0.label,animal Implant: scyther tail,label,HediffDef/Hediffs_Local_Implants_Animals.xml,def
GR_MechaTail.label,animal Implant: reinforced tail,label,HediffDef/Hediffs_Local_Implants_Animals.xml,def
GR_MechaTail.description,"An advanced animal tail, even more powerful than a natural one.",description,HediffDef/Hediffs_Local_Implants_Animals.xml,def
GR_MechaTail.comps.0.tools.0.label,animal Implant: reinforced tail,label,HediffDef/Hediffs_Local_Implants_Animals.xml,def
GR_CanidEye.label,animal Implant: canid eye,label,HediffDef/Hediffs_Local_Implants_Animals.xml,def
GR_CanidEye.description,An eye implant that uses genetic splicing with canid genes to give an old (or damaged) eye decent vision. This implant is not meant to replace healthy eyes.,description,HediffDef/Hediffs_Local_Implants_Animals.xml,def
GR_InsectileEye.label,animal Implant: insectile eye,label,HediffDef/Hediffs_Local_Implants_Animals.xml,def
GR_InsectileEye.description,"A bionic implant which gives the creature compound insectile eyes. Compared with simple eyes, compound eyes possess a very large view angle, and can detect fast movement.",description,HediffDef/Hediffs_Local_Implants_Animals.xml,def
GR_ThrumboEye.label,animal Implant: bionic thrumbo eye,label,HediffDef/Hediffs_Local_Implants_Animals.xml,def
GR_ThrumboEye.description,A bionic eye reinforced with specialized photoreceptors from a powerful thrumbo.,description,HediffDef/Hediffs_Local_Implants_Animals.xml,def
GR_RodentEar.label,animal Implant: rodent ear,label,HediffDef/Hediffs_Local_Implants_Animals.xml,def
GR_RodentEar.description,An ear implant that uses genetic splicing with rodent genes to give an old (or damaged) ear decent hearing. This implant is not meant to replace healthy ears.,description,HediffDef/Hediffs_Local_Implants_Animals.xml,def
GR_MothTympanalOrgan.label,animal Implant: moth tympanal organ,label,HediffDef/Hediffs_Local_Implants_Animals.xml,def
GR_MothTympanalOrgan.description,A bionic implant adding a moth tympanal organ to the creature's ear. Moths can hear sounds of a higher frequency than any bat can produce.,description,HediffDef/Hediffs_Local_Implants_Animals.xml,def
GR_MechaReceptors.label,animal Implant: elephant auditory receptor,label,HediffDef/Hediffs_Local_Implants_Animals.xml,def
GR_MechaReceptors.description,This elephant auditory receptor can scan a really wide band of frequencies.,description,HediffDef/Hediffs_Local_Implants_Animals.xml,def
GR_RodentNose.label,animal Implant: rodent nose,label,HediffDef/Hediffs_Local_Implants_Animals.xml,def
GR_RodentNose.description,An implant that uses genetic splicing with rodent genes to give an old (or damaged) nose decent smelling. This implant is not meant to replace healthy noses. Can't be installed on birds and insects.,description,HediffDef/Hediffs_Local_Implants_Animals.xml,def
GR_InsectoidPheromones.description,"An implant that uses genetic splicing with insectoid genes to give the ability to detect pheromones, thus improving the olfactory system. Can't be installed on birds and (ironically) insects.",description,HediffDef/Hediffs_Local_Implants_Animals.xml,def
GR_InsectoidPheromones.label,animal Implant: insectoid pheromones,label,HediffDef/Hediffs_Local_Implants_Animals.xml,def
GR_MiniatureThrumboHorn.description,"A bionic implant adding a small thrumbo horn where the creature's nose used to be. This implant acts as a nose, allowing the creature to breathe and smell, and can be used by the creature in melee. Birds, insects, and creatures that already have a thrumbo horn don't have enough space on their skull to install this implant.",description,HediffDef/Hediffs_Local_Implants_Animals.xml,def
GR_MiniatureThrumboHorn.label,animal Implant: miniature thrumbo horn,label,HediffDef/Hediffs_Local_Implants_Animals.xml,def
GR_MiniatureThrumboHorn.comps.0.tools.0.label,animal Implant: miniature thrumbo horn,label,HediffDef/Hediffs_Local_Implants_Animals.xml,def
GR_WolfJaws.label,animal Implant: wolf fangs,label,HediffDef/Hediffs_Local_Implants_Animals.xml,def
GR_WolfJaws.description,An implant that uses genetic splicing with wolf genes to give an old (or damaged) jaw decent functioning. This implant is not meant to replace healthy jaws.,description,HediffDef/Hediffs_Local_Implants_Animals.xml,def
GR_InsectMandibles.label,animal Implant: insect mandibles,label,HediffDef/Hediffs_Local_Implants_Animals.xml,def
GR_InsectMandibles.description,"A bionic implant adding insect mandibles to the creature's face. Insect mandibles improve manipulation and eating, while also working as an offensive weapon",description,HediffDef/Hediffs_Local_Implants_Animals.xml,def
GR_InsectMandibles.comps.0.tools.0.label,animal Implant: insect mandibles,label,HediffDef/Hediffs_Local_Implants_Animals.xml,def
GR_ThrumboJaws.label,animal Implant: bionic thrumbo jaws,label,HediffDef/Hediffs_Local_Implants_Animals.xml,def
GR_ThrumboJaws.description,"A bionic implant adding thrumbo jaws to the creature's mouth. These creatures devour trees, so you can imagine their jaws are up to the task.",description,HediffDef/Hediffs_Local_Implants_Animals.xml,def
GR_ThrumboJaws.comps.0.tools.0.label,animal Implant: bionic thrumbo jaws,label,HediffDef/Hediffs_Local_Implants_Animals.xml,def
GR_MuffaloSpine.label,animal Implant: muffalo spine,label,HediffDef/Hediffs_Local_Implants_Animals.xml,def
GR_MuffaloSpine.description,A spine implant that uses genetic splicing with muffalo genes to give an old (or damaged) spine decent functioning. This implant is not meant to replace healthy spines.,description,HediffDef/Hediffs_Local_Implants_Animals.xml,def
GR_CrocodileSpine.description,A bionic implant adding a sturdy crocodile spine to the creature's skeletal system.,description,HediffDef/Hediffs_Local_Implants_Animals.xml,def
GR_CrocodileSpine.label,animal Implant: crocodile spine,label,HediffDef/Hediffs_Local_Implants_Animals.xml,def
GR_MechaSpine.description,A bionic implant adding a plasteel structure with active mechanites to the creature's skeletal system.,description,HediffDef/Hediffs_Local_Implants_Animals.xml,def
GR_MechaSpine.label,animal Implant: reinforced bionic spine,label,HediffDef/Hediffs_Local_Implants_Animals.xml,def
GR_ChickenBrains.description,An implant that uses chicken brain tissue to patch damaged neurological pathways. This implant is intended for brain-dead creatures.,description,HediffDef/Hediffs_Local_Implants_Animals.xml,def
GR_ChickenBrains.label,animal Implant: chicken brains,label,HediffDef/Hediffs_Local_Implants_Animals.xml,def
GR_MonitorLizardBrain.description,A bionic implant using monitor lizard brain tissue. This highly intelligent reptile has very quick reflexes.,description,HediffDef/Hediffs_Local_Implants_Animals.xml,def
GR_MonitorLizardBrain.label,animal Implant: monitor lizard brain,label,HediffDef/Hediffs_Local_Implants_Animals.xml,def
GR_ThrumboBrain.description,A bionic brain implant using thrumbo neural tissue. Superb intelligence and reflexes.,description,HediffDef/Hediffs_Local_Implants_Animals.xml,def
GR_ThrumboBrain.label,animal Implant: bionic thrumbo brain,label,HediffDef/Hediffs_Local_Implants_Animals.xml,def
GR_BoomalopeHeart.description,"An implant that uses chemfuel to pump blood through the animal's body. This implant is intended for creatures whose heart is failing catastrophically, since it is less efficient than a natural heart.",description,HediffDef/Hediffs_Local_Implants_Animals.xml,def
GR_BoomalopeHeart.label,animal Implant: boomalope heart,label,HediffDef/Hediffs_Local_Implants_Animals.xml,def
GR_ChitinousHeart.description,"A bionic heart implant using a reinforced shell of insectoid chitin for protection. This is a heart designed to take a beating. Pun intended, but it's the last one, I promise.",description,HediffDef/Hediffs_Local_Implants_Animals.xml,def
GR_ChitinousHeart.label,animal Implant: chitinous heart,label,HediffDef/Hediffs_Local_Implants_Animals.xml,def
GR_MechaHeart.label,animal Implant: reinforced bionic heart,label,HediffDef/Hediffs_Local_Implants_Animals.xml,def
GR_MechaHeart.description,A bionic heart strengthened by the action of active mechanites.,description,HediffDef/Hediffs_Local_Implants_Animals.xml,def
GR_MuffaloLung.description,An implant that uses muffalo genes to increase breathing capacity.,description,HediffDef/Hediffs_Local_Implants_Animals.xml,def
GR_MuffaloLung.label,animal Implant: muffalo lung,label,HediffDef/Hediffs_Local_Implants_Animals.xml,def
GR_BearLiver.label,animal Implant: bear liver,label,HediffDef/Hediffs_Local_Implants_Animals.xml,def
GR_BearLiver.description,An implant that uses bear genes to improve function of the liver. Specially useful for those alcoholic chickens.,description,HediffDef/Hediffs_Local_Implants_Animals.xml,def
GR_ChickenKidney.label,animal Implant: chicken kidney,label,HediffDef/Hediffs_Local_Implants_Animals.xml,def
GR_ChickenKidney.description,"An implant that uses chicken genes to improve function of the kidney. Birds have large kidneys. Yep, you learned that today.",description,HediffDef/Hediffs_Local_Implants_Animals.xml,def
GR_BoomalopeStomach.label,animal Implant: boomalope stomach,label,HediffDef/Hediffs_Local_Implants_Animals.xml,def
GR_BoomalopeStomach.description,An implant that uses boomalope genes to improve function of the stomach.,description,HediffDef/Hediffs_Local_Implants_Animals.xml,def
GR_BearClaws.description,"An improvement over the bionic Power Claw, these claws have been vat-grown with a mixture of human and bear DNA, and replace the subject's hand with versatile, non-retractable claws.",description,HediffDef/Hediffs_Local_Implants_Humanoid.xml,def
GR_BearClaws.label,humanoid implant: bear claws,label,HediffDef/Hediffs_Local_Implants_Humanoid.xml,def
GR_BearClaws.comps.0.tools.0.label,bear claws,label,HediffDef/Hediffs_Local_Implants_Humanoid.xml,def
GR_DiggingBearClaws.description,"Grotesque but powerful hand blades that have been modified to be used in mining operations, increasing both speed and yield.",description,HediffDef/Hediffs_Local_Implants_Humanoid.xml,def
GR_DiggingBearClaws.label,humanoid implant: digging mole claws,label,HediffDef/Hediffs_Local_Implants_Humanoid.xml,def
GR_DiggingBearClaws.comps.0.tools.0.label,mole claws,label,HediffDef/Hediffs_Local_Implants_Humanoid.xml,def
GR_BearMuscleTissue.description,Grafts of bear muscle tissue on the subject's torso increase overall strength and stamina. These grafts however tend to stimulate the production of an abundance of body hair.,description,HediffDef/Hediffs_Local_Implants_Humanoid.xml,def
GR_BearMuscleTissue.label,humanoid implant: bear muscle tissue,label,HediffDef/Hediffs_Local_Implants_Humanoid.xml,def
GR_HibernationModule.description,A biochip that modifies the brain to reduce the need for sleep.,description,HediffDef/Hediffs_Local_Implants_Humanoid.xml,def
GR_HibernationModule.label,humanoid implant: hibernation module,label,HediffDef/Hediffs_Local_Implants_Humanoid.xml,def
GR_Ovipositor.description,"You know you have gone too far in your scientific experiments when you are implanting a human being with an ovipositor. This will enable the colonist to lay chicken eggs twice a day. It hurts as hell, though. Also, yuck.",description,HediffDef/Hediffs_Local_Implants_Humanoid.xml,def
GR_Ovipositor.label,humanoid implant: ovipositor,label,HediffDef/Hediffs_Local_Implants_Humanoid.xml,def
GR_MuffaloMammaries.description,"By implanting muffalo mammaries into a colonist... Wait, what??? Who came up with this idea????? Anyway... this implant allows your colonist to be milked... What the...",description,HediffDef/Hediffs_Local_Implants_Humanoid.xml,def
GR_MuffaloMammaries.label,humanoid implant: muffalo mammaries,label,HediffDef/Hediffs_Local_Implants_Humanoid.xml,def
GR_MuffaloMuscles.description,"By weaving muffalo muscle strands with the subject's muscular system, strength, resilience and carrying capacity are greatly increased.",description,HediffDef/Hediffs_Local_Implants_Humanoid.xml,def
GR_MuffaloMuscles.label,humanoid implant: muffalo strengthened muscles,label,HediffDef/Hediffs_Local_Implants_Humanoid.xml,def
GR_MuffaloSkin.description,"A synthetic skin substitute that is much thicker and a much better insulator than human skin. This provides a measure of defense but, more importantly, makes the subject more resistant to low temperatures.",description,HediffDef/Hediffs_Local_Implants_Humanoid.xml,def
GR_MuffaloSkin.label,humanoid implant: muffalo skin,label,HediffDef/Hediffs_Local_Implants_Humanoid.xml,def
GR_BoomalopeNodules.description,"These skin nodules can be integrated in a human's torso, causing a huge explosion if the subjects dies violently.",description,HediffDef/Hediffs_Local_Implants_Humanoid.xml,def
GR_BoomalopeNodules.label,humanoid implant: boomalope nodules,label,HediffDef/Hediffs_Local_Implants_Humanoid.xml,def
GR_ChemfuelStomach.description,A reinforced bionic stomach that uses a combination of gastric acid and chemfuel to efficiently digest food.,description,HediffDef/Hediffs_Local_Implants_Humanoid.xml,def
GR_ChemfuelStomach.label,humanoid implant: chemfuel stomach,label,HediffDef/Hediffs_Local_Implants_Humanoid.xml,def
GR_ChemfuelHeart.description,A reinforced bionic heart that acts like a miniature 4-stroke internal combustion engine powered by chemfuel to pump blood through the body.,description,HediffDef/Hediffs_Local_Implants_Humanoid.xml,def
GR_ChemfuelHeart.label,humanoid implant: chemfuel heart,label,HediffDef/Hediffs_Local_Implants_Humanoid.xml,def
GR_WolfMuscularFibers.description,"The subject's legs can be modified by weaving hybrid human/wolf muscle fibers within the base tissue, giving her a significant strength and speed boost.",description,HediffDef/Hediffs_Local_Implants_Humanoid.xml,def
GR_WolfMuscularFibers.label,humanoid implant: wolf muscular fibers,label,HediffDef/Hediffs_Local_Implants_Humanoid.xml,def
GR_DevouringJaws.description,"A set of improved teeth designed to rapidly chew and ingest any kind of food. Leaves kind of a mess, though...",description,HediffDef/Hediffs_Local_Implants_Humanoid.xml,def
GR_DevouringJaws.label,humanoid implant: devouring jaws,label,HediffDef/Hediffs_Local_Implants_Humanoid.xml,def
GR_NeuronReinforcement.description,"A biochip using animal stem cells to reinforce the natural abilities of human neurons, increasing learning and research speed.",description,HediffDef/Hediffs_Local_Implants_Humanoid.xml,def
GR_NeuronReinforcement.label,humanoid implant: neuron reinforcement,label,HediffDef/Hediffs_Local_Implants_Humanoid.xml,def
GR_MousePheromones.description,"A bionic vomeronasal organ that allows the subject pheromonal communication with other animals, increasing the chance of taming and training them successfully.",description,HediffDef/Hediffs_Local_Implants_Humanoid.xml,def
GR_MousePheromones.label,humanoid implant: mouse pheromones,label,HediffDef/Hediffs_Local_Implants_Humanoid.xml,def
GR_MoleratNerveDampener.description,"A biochip that reduces pain sensitivity, allowing the subject to survive pain shock.",description,HediffDef/Hediffs_Local_Implants_Humanoid.xml,def
GR_MoleratNerveDampener.label,humanoid implant: mole-rat nerve dampener,label,HediffDef/Hediffs_Local_Implants_Humanoid.xml,def
GR_BunnyEars.description,"This huge leporid ear gives amazing enhanced hearing. Also, super kawaii!",description,HediffDef/Hediffs_Local_Implants_Humanoid.xml,def
GR_BunnyEars.label,humanoid implant: bunny ear,label,HediffDef/Hediffs_Local_Implants_Humanoid.xml,def
GR_InsectoidAntennae.description,"These hybrid humanoid / insectoid feeling appendages can be implanted in a subject's head, completely modifying the way the subject ""sees"" and feels the surrounding world. The experience may be slightly overwhelming due to sensorial overload.",description,HediffDef/Hediffs_Local_Implants_Humanoid.xml,def
GR_InsectoidAntennae.label,humanoid implant: insectoid antennae,label,HediffDef/Hediffs_Local_Implants_Humanoid.xml,def
GR_CompoundEye.description,"This hybrid humanoid / insectoid eye provides improved vision in a wide range of different wavelengths, including those usually outside the human range, completely modifying the way the subject perceives his surroundings.",description,HediffDef/Hediffs_Local_Implants_Humanoid.xml,def
GR_CompoundEye.label,humanoid implant: compound insectoid eye,label,HediffDef/Hediffs_Local_Implants_Humanoid.xml,def
GR_CatEye.description,"This hybrid humanoid / feline eye provides improved night vision, at the expense of a certain short-sightedness outside and during the day. Ideal for nyctophile colonists.",description,HediffDef/Hediffs_Local_Implants_Humanoid.xml,def
GR_CatEye.label,humanoid implant: cat eye,label,HediffDef/Hediffs_Local_Implants_Humanoid.xml,def
GR_PsychicDampeners.description,"Artificial hearing aids that block psychic emanations, providing considerable resistance to mechanoids' psychic attacks.",description,HediffDef/Hediffs_Local_Implants_Humanoid.xml,def
GR_PsychicDampeners.label,humanoid implant: psychic dampeners,label,HediffDef/Hediffs_Local_Implants_Humanoid.xml,def
GR_KidneyToxicFilters.description,"This is a bioelectronic kidney prosthesis that greatly improves the efficiency of the subject's kidney by using insectoid tissue, providing resistence to toxic substances.",description,HediffDef/Hediffs_Local_Implants_Humanoid.xml,def
GR_KidneyToxicFilters.label,humanoid implant: kidney toxic filters,label,HediffDef/Hediffs_Local_Implants_Humanoid.xml,def
GR_HumanThrumboHorn.description,A genetically modified thrumbo horn that can be implanted in a subject's forehead. Nasty.,description,HediffDef/Hediffs_Local_Implants_Humanoid.xml,def
GR_HumanThrumboHorn.label,humanoid implant: thrumbo horn,label,HediffDef/Hediffs_Local_Implants_Humanoid.xml,def
GR_HumanThrumboHorn.comps.0.tools.0.label,thrumbo horn,label,HediffDef/Hediffs_Local_Implants_Humanoid.xml,def
GR_ThrumboSkin.description,A synthetic skin substitute that is much thicker and a much better insulator than human skin. This provides a lot of defense and makes the subject more resistant to extremes of temperature.,description,HediffDef/Hediffs_Local_Implants_Humanoid.xml,def
GR_ThrumboSkin.label,humanoid implant: thrumbo skin,label,HediffDef/Hediffs_Local_Implants_Humanoid.xml,def
GR_VenomousFangs.description,"This hybrid implant substitutes the subject's jaw with a set of venomous fangs. Useful in combat, but not very comfortable.",description,HediffDef/Hediffs_Local_Implants_Humanoid.xml,def
GR_VenomousFangs.label,humanoid implant: venomous fangs,label,HediffDef/Hediffs_Local_Implants_Humanoid.xml,def
GR_VenomousFangs.comps.0.tools.0.label,venomous fangs,label,HediffDef/Hediffs_Local_Implants_Humanoid.xml,def
GR_IguanaScales.description,"A synthetic skin substitute that is much thicker and a much better insulator than human skin. This provides a measure of defense but, more importantly, makes the subject more resistant to high temperatures.",description,HediffDef/Hediffs_Local_Implants_Humanoid.xml,def
GR_IguanaScales.label,humanoid implant: iguana scales,label,HediffDef/Hediffs_Local_Implants_Humanoid.xml,def
GR_TalkingToHumans.label,chitchat,label,InteractionDef/Interactions_Social.xml,def
GR_TalkingToHumans.logRulesInitiator.rulesStrings.0,r_logentry->[INITIATOR_nameDef] and [RECIPIENT_nameDef] [talkedabout] [animalthings].,li,InteractionDef/Interactions_Social.xml,def
GR_TalkingToHumans.logRulesInitiator.rulesStrings.1,r_logentry->[INITIATOR_nameDef] [talkedabout] [animalthings] with [RECIPIENT_nameDef].,li,InteractionDef/Interactions_Social.xml,def
GR_TalkingToHumans.logRulesInitiator.rulesStrings.2,r_logentry(p=0.8)->[INITIATOR_nameDef] [commentedabout] [animalthings] to [RECIPIENT_nameDef].,li,InteractionDef/Interactions_Social.xml,def
GR_TalkingToHumans.logRulesInitiator.rulesStrings.3,talkedabout(p=4)->chatted about,li,InteractionDef/Interactions_Social.xml,def
GR_TalkingToHumans.logRulesInitiator.rulesStrings.4,talkedabout->shared a word about,li,InteractionDef/Interactions_Social.xml,def
GR_TalkingToHumans.logRulesInitiator.rulesStrings.5,talkedabout->spoke about,li,InteractionDef/Interactions_Social.xml,def
GR_TalkingToHumans.logRulesInitiator.rulesStrings.6,talkedabout->gabbed about,li,InteractionDef/Interactions_Social.xml,def
GR_TalkingToHumans.logRulesInitiator.rulesStrings.7,talkedabout->talked about,li,InteractionDef/Interactions_Social.xml,def
GR_TalkingToHumans.logRulesInitiator.rulesStrings.8,talkedabout->mumbled about,li,InteractionDef/Interactions_Social.xml,def
GR_TalkingToHumans.logRulesInitiator.rulesStrings.9,talkedabout->quipped about,li,InteractionDef/Interactions_Social.xml,def
GR_TalkingToHumans.logRulesInitiator.rulesStrings.10,commentedabout->said something about,li,InteractionDef/Interactions_Social.xml,def
GR_TalkingToHumans.logRulesInitiator.rulesStrings.11,commentedabout->stammered about,li,InteractionDef/Interactions_Social.xml,def
GR_TalkingToHumans.logRulesInitiator.rulesStrings.12,commentedabout->made a comment about,li,InteractionDef/Interactions_Social.xml,def
GR_TalkingToHumans.logRulesInitiator.rulesStrings.13,commentedabout->commented about,li,InteractionDef/Interactions_Social.xml,def
GR_TalkingToHumans.logRulesInitiator.rulesStrings.14,commentedabout->mused about,li,InteractionDef/Interactions_Social.xml,def
GR_TalkingToHumans.logRulesInitiator.rulesStrings.15,animalthings->the futility of the human condition,li,InteractionDef/Interactions_Social.xml,def
GR_TalkingToHumans.logRulesInitiator.rulesStrings.16,"animalthings->rejecting humanity, returning to monkey",li,InteractionDef/Interactions_Social.xml,def
GR_TalkingToHumans.logRulesInitiator.rulesStrings.17,animalthings->an ancient movie where monkeys inherited the planet,li,InteractionDef/Interactions_Social.xml,def
GR_TalkingToHumans.logRulesInitiator.rulesStrings.18,animalthings->the transcendental aesthetic of the totality our faculties,li,InteractionDef/Interactions_Social.xml,def
GR_TalkingToHumans.logRulesInitiator.rulesStrings.19,animalthings->the never-ending regress in the series of empirical conditions,li,InteractionDef/Interactions_Social.xml,def
GR_TalkingToHumans.logRulesInitiator.rulesStrings.20,animalthings->how enlightenment is man's release from his self-incurred tutelage,li,InteractionDef/Interactions_Social.xml,def
GR_TalkingToHumans.logRulesInitiator.rulesStrings.21,animalthings->how language is the house of being,li,InteractionDef/Interactions_Social.xml,def
GR_TalkingToHumans.logRulesInitiator.rulesStrings.22,animalthings->existance being suffering,li,InteractionDef/Interactions_Social.xml,def
GR_TalkingToHumans.logRulesInitiator.rulesStrings.23,animalthings->the reasons for being created,li,InteractionDef/Interactions_Social.xml,def
GR_TalkingToHumans.logRulesInitiator.rulesStrings.24,animalthings->release from the constant suffering of life,li,InteractionDef/Interactions_Social.xml,def
GR_TalkingToHumans.logRulesInitiator.rulesStrings.25,"animalthings->fucking magnets, how do they work?",li,InteractionDef/Interactions_Social.xml,def
GR_TalkingToHumans.logRulesInitiator.rulesStrings.26,"animalthings->eating without a table, and the barbarism of Man",li,InteractionDef/Interactions_Social.xml,def
GR_TalkingToHumans.logRulesInitiator.rulesStrings.27,"animalthings->what the deal is with Thrumbos, huh? Are they aliens, or what?",li,InteractionDef/Interactions_Social.xml,def
GR_TalkingToHumans.logRulesInitiator.rulesStrings.28,"animalthings->bloat, as dumb, stupid animals are wont to do",li,InteractionDef/Interactions_Social.xml,def
GR_TalkingToHumans.logRulesInitiator.rulesStrings.29,animalthings->the necessity of a killbox to protect the colony,li,InteractionDef/Interactions_Social.xml,def
GR_TalkingToHumans.logRulesInitiator.rulesStrings.30,animalthings->the ethical concerns of human cloning,li,InteractionDef/Interactions_Social.xml,def
GR_TalkingToHumans.logRulesInitiator.rulesStrings.31,animalthings->all those anime mods. What are people thinking?,li,InteractionDef/Interactions_Social.xml,def
GR_TalkingToHumans.logRulesInitiator.rulesStrings.32,animalthings->the forbidden mod,li,InteractionDef/Interactions_Social.xml,def
GR_TalkingToHumans.logRulesInitiator.rulesStrings.33,animalthings->Bearofleets,li,InteractionDef/Interactions_Social.xml,def
GR_UwUTalkingToHumans.label,UwU pounce,label,InteractionDef/Interactions_Social.xml,def
GR_UwUTalkingToHumans.logRulesInitiator.rulesStrings.0,r_logentry->[INITIATOR_nameDef] approached [RECIPIENT_nameDef] with a playful pounce and [talkedabout] [animalthings].,li,InteractionDef/Interactions_Social.xml,def
GR_UwUTalkingToHumans.logRulesInitiator.rulesStrings.1,"r_logentry->[INITIATOR_nameDef], purring seductively, [talkedabout] [animalthings] with [RECIPIENT_nameDef].",li,InteractionDef/Interactions_Social.xml,def
GR_UwUTalkingToHumans.logRulesInitiator.rulesStrings.2,"r_logentry->[INITIATOR_nameDef] said ""UwU, what's this?"" and [talkedabout] [animalthings] with [RECIPIENT_nameDef].",li,InteractionDef/Interactions_Social.xml,def
GR_UwUTalkingToHumans.logRulesInitiator.rulesStrings.3,talkedabout(p=4)->stammered abouwt,li,InteractionDef/Interactions_Social.xml,def
GR_UwUTalkingToHumans.logRulesInitiator.rulesStrings.4,talkedabout->sputtered abouwt,li,InteractionDef/Interactions_Social.xml,def
GR_UwUTalkingToHumans.logRulesInitiator.rulesStrings.5,talkedabout->hesitantly mused abouwt,li,InteractionDef/Interactions_Social.xml,def
GR_UwUTalkingToHumans.logRulesInitiator.rulesStrings.6,talkedabout->tawked abouwt,li,InteractionDef/Interactions_Social.xml,def
GR_UwUTalkingToHumans.logRulesInitiator.rulesStrings.7,talkedabout->squirmed abouwt,li,InteractionDef/Interactions_Social.xml,def
GR_UwUTalkingToHumans.logRulesInitiator.rulesStrings.8,talkedabout->shyly conversed abouwt,li,InteractionDef/Interactions_Social.xml,def
GR_UwUTalkingToHumans.logRulesInitiator.rulesStrings.9,animalthings->if a squiwwew couwd tawk duwu uwu think iwt wouwd have a weawwy high voice ow a weawwy wow voice?,li,InteractionDef/Interactions_Social.xml,def
GR_UwUTalkingToHumans.logRulesInitiator.rulesStrings.10,animalthings->whawt wouwd youw dweam job combination be? Mine wouwd be a space-cowboy!,li,InteractionDef/Interactions_Social.xml,def
GR_UwUTalkingToHumans.logRulesInitiator.rulesStrings.11,animalthings->how mozzawewwa iws juwst the best type of cheese,li,InteractionDef/Interactions_Social.xml,def
GR_UwUTalkingToHumans.logRulesInitiator.rulesStrings.12,animalthings->needing tuwu be punished,li,InteractionDef/Interactions_Social.xml,def
GR_UwUTalkingToHumans.logRulesInitiator.rulesStrings.13,animalthings->nuzzling a necky wecky,li,InteractionDef/Interactions_Social.xml,def
GR_UwUTalkingToHumans.logRulesInitiator.rulesStrings.14,animalthings->the x3 nyeccesity fow c-comfowt and secuwity in these t-twying times,li,InteractionDef/Interactions_Social.xml,def
GR_UwUTalkingToHumans.logRulesInitiator.rulesStrings.15,"animalthings->eating without a t-tabwe, and the x3 bawbawism of Man",li,InteractionDef/Interactions_Social.xml,def
GR_UwUTalkingToHumans.logRulesInitiator.rulesStrings.16,animalthings->the x3 dangews inhewent t-to wiving in a smaww *starts twerking* communyity ;;w;; in the x3 W-W-Wim,li,InteractionDef/Interactions_Social.xml,def
GR_UwUTalkingToHumans.logRulesInitiator.rulesStrings.17,animalthings->the Empiwe *sweats* and theiw i-incwedibwy advanced technyowogy,li,InteractionDef/Interactions_Social.xml,def
GR_UseGenomeExcavator.reportString,using genome excavator.,reportString,JobDef/Jobs_Work.xml,def
GR_HumanoidHybridTalk.reportString,talking with TargetA.,reportString,JobDef/Jobs_Work.xml,def
GR_HumanoidHybridRecruit.reportString,convincing TargetA.,reportString,JobDef/Jobs_Work.xml,def
GR_AnimalDeconstructJob.reportString,deconstructing TargetA.,reportString,JobDef/Jobs_Work.xml,def
GR_AnimalHuntJob.reportString,hunting TargetA.,reportString,JobDef/Jobs_Work.xml,def
GR_AnimalHarvestJob.reportString,harvesting TargetA.,reportString,JobDef/Jobs_Work.xml,def
GR_InsertIngredients.reportString,inserting ingredients on TargetA.,reportString,JobDef/Jobs_Work.xml,def
GR_InsertGrowthCell.reportString,inserting growth cell on TargetA.,reportString,JobDef/Jobs_Work.xml,def
GR_InsertArchotechGrowthCell.reportString,inserting archotech growth cell on TargetA.,reportString,JobDef/Jobs_Work.xml,def
GR_ArchotechDNAExtractionJob.reportString,carrying TargetA to TargetB.,reportString,JobDef/Jobs_Work.xml,def
GR_ParagonConversionJob.reportString,carrying TargetA to TargetB.,reportString,JobDef/Jobs_Work.xml,def
GR_GeneticsTab.label,Genetics,label,DesignationCategoryDef/DesignationCategories.xml,def
GR_GeneticsTab.description,Items added by Vanilla Genetics Expanded.,description,DesignationCategoryDef/DesignationCategories.xml,def
GR_OpportunitySite_AbandonedLab.questNameRules.rulesStrings.0,questName(priority=1)->[journey] the [adjectiveLab] [ruins],li,QuestScriptDef/Script_AbandonedLab.xml,def
GR_OpportunitySite_AbandonedLab.questNameRules.rulesStrings.1,journey->Journey to,li,QuestScriptDef/Script_AbandonedLab.xml,def
GR_OpportunitySite_AbandonedLab.questNameRules.rulesStrings.2,journey->Expedition to,li,QuestScriptDef/Script_AbandonedLab.xml,def
GR_OpportunitySite_AbandonedLab.questNameRules.rulesStrings.3,journey->Mission to,li,QuestScriptDef/Script_AbandonedLab.xml,def
GR_OpportunitySite_AbandonedLab.questNameRules.rulesStrings.4,journey->Exploration of,li,QuestScriptDef/Script_AbandonedLab.xml,def
GR_OpportunitySite_AbandonedLab.questNameRules.rulesStrings.5,journey->Investigation of,li,QuestScriptDef/Script_AbandonedLab.xml,def
GR_OpportunitySite_AbandonedLab.questNameRules.rulesStrings.6,journey->Research into,li,QuestScriptDef/Script_AbandonedLab.xml,def
GR_OpportunitySite_AbandonedLab.questNameRules.rulesStrings.7,adjectiveLab->Abandoned,li,QuestScriptDef/Script_AbandonedLab.xml,def
GR_OpportunitySite_AbandonedLab.questNameRules.rulesStrings.8,adjectiveLab->Derelict,li,QuestScriptDef/Script_AbandonedLab.xml,def
GR_OpportunitySite_AbandonedLab.questNameRules.rulesStrings.9,adjectiveLab->Dilapidated,li,QuestScriptDef/Script_AbandonedLab.xml,def
GR_OpportunitySite_AbandonedLab.questNameRules.rulesStrings.10,adjectiveLab->Run down,li,QuestScriptDef/Script_AbandonedLab.xml,def
GR_OpportunitySite_AbandonedLab.questNameRules.rulesStrings.11,adjectiveLab->Desolate,li,QuestScriptDef/Script_AbandonedLab.xml,def
GR_OpportunitySite_AbandonedLab.questNameRules.rulesStrings.12,ruins->lab,li,QuestScriptDef/Script_AbandonedLab.xml,def
GR_OpportunitySite_AbandonedLab.questNameRules.rulesStrings.13,ruins->installation,li,QuestScriptDef/Script_AbandonedLab.xml,def
GR_OpportunitySite_AbandonedLab.questNameRules.rulesStrings.14,ruins->laboratory,li,QuestScriptDef/Script_AbandonedLab.xml,def
GR_OpportunitySite_AbandonedLab.questNameRules.rulesStrings.15,ruins->reseach post,li,QuestScriptDef/Script_AbandonedLab.xml,def
GR_OpportunitySite_AbandonedLab.questDescriptionRules.rulesStrings.0,"questDescription(askerIsNull==true)->We've intercepted radio transmissions from a seemingly abandoned genetics research lab not far from [map_definite]. The site may have some interesting ancient technology scattered around, so it could be a good idea to investigate it.\n\nWe should be well prepared, as genetic monstrosities may still be roaming the derelict installation.",li,QuestScriptDef/Script_AbandonedLab.xml,def
GR_OpportunitySite_AbandonedLab.root.nodes.9.node.nodes.0.label,Quest expired: [resolvedQuestName],label,QuestScriptDef/Script_AbandonedLab.xml,def
GR_OpportunitySite_AbandonedLab.root.nodes.9.node.nodes.0.text,Intercepted communications indicate the abandoned lab has been scavenged by others. The quest [resolvedQuestName] has expired.,text,QuestScriptDef/Script_AbandonedLab.xml,def
GR_OpportunitySite_BiomechanicalLab.questNameRules.rulesStrings.0,questName(priority=1)->[journey] the [adjectiveLab] [ruins],li,QuestScriptDef/Script_BiomechanicalLabComplex.xml,def
GR_OpportunitySite_BiomechanicalLab.questNameRules.rulesStrings.1,journey->Mission to,li,QuestScriptDef/Script_BiomechanicalLabComplex.xml,def
GR_OpportunitySite_BiomechanicalLab.questNameRules.rulesStrings.2,journey->Exploration of,li,QuestScriptDef/Script_BiomechanicalLabComplex.xml,def
GR_OpportunitySite_BiomechanicalLab.questNameRules.rulesStrings.3,journey->Investigation of,li,QuestScriptDef/Script_BiomechanicalLabComplex.xml,def
GR_OpportunitySite_BiomechanicalLab.questNameRules.rulesStrings.4,journey->Research into,li,QuestScriptDef/Script_BiomechanicalLabComplex.xml,def
GR_OpportunitySite_BiomechanicalLab.questNameRules.rulesStrings.5,adjectiveLab->Mysterious,li,QuestScriptDef/Script_BiomechanicalLabComplex.xml,def
GR_OpportunitySite_BiomechanicalLab.questNameRules.rulesStrings.6,adjectiveLab->Hidden,li,QuestScriptDef/Script_BiomechanicalLabComplex.xml,def
GR_OpportunitySite_BiomechanicalLab.questNameRules.rulesStrings.7,adjectiveLab->Concealed,li,QuestScriptDef/Script_BiomechanicalLabComplex.xml,def
GR_OpportunitySite_BiomechanicalLab.questNameRules.rulesStrings.8,adjectiveLab->Secret,li,QuestScriptDef/Script_BiomechanicalLabComplex.xml,def
GR_OpportunitySite_BiomechanicalLab.questNameRules.rulesStrings.9,adjectiveLab->Camouflaged,li,QuestScriptDef/Script_BiomechanicalLabComplex.xml,def
GR_OpportunitySite_BiomechanicalLab.questNameRules.rulesStrings.10,ruins->biomechanical lab,li,QuestScriptDef/Script_BiomechanicalLabComplex.xml,def
GR_OpportunitySite_BiomechanicalLab.questNameRules.rulesStrings.11,ruins->biomechanical complex,li,QuestScriptDef/Script_BiomechanicalLabComplex.xml,def
GR_OpportunitySite_BiomechanicalLab.questNameRules.rulesStrings.12,ruins->mechanoid installation,li,QuestScriptDef/Script_BiomechanicalLabComplex.xml,def
GR_OpportunitySite_BiomechanicalLab.questDescriptionRules.rulesStrings.0,"questDescription(askerIsNull==true)->The biomechanical lab beacon managed to decode the strange radio signals emanating from inside the strange mechanoid chip, revealing the coordinates of a lab complex not far from [map_definite]. This site seems to have been better hidden than the abandoned labs we have been exploring lately.\n\nThe beacon also revealed the original function of the lab complex: infusing paragon hybrids with reconstructive mechanites to somehow increase their power. Perhaps we should travel to the site with some of these hybrids.",li,QuestScriptDef/Script_BiomechanicalLabComplex.xml,def
GR_OpportunitySite_BiomechanicalLab.root.nodes.9.node.nodes.0.label,Quest expired: [resolvedQuestName],label,QuestScriptDef/Script_BiomechanicalLabComplex.xml,def
GR_OpportunitySite_BiomechanicalLab.root.nodes.9.node.nodes.0.text,Intercepted communications indicate the biomechanical lab has been scavenged by others. The quest [resolvedQuestName] has expired.,text,QuestScriptDef/Script_BiomechanicalLabComplex.xml,def
GR_CraftImmunobooster.label,Craft Immunobooster,label,RecipeDef/Recipes_Boosters.xml,def
GR_CraftImmunobooster.description,Craft an immunobooster.,description,RecipeDef/Recipes_Boosters.xml,def
GR_CraftImmunoboosterBulk.label,Craft 5x Immunobooster,label,RecipeDef/Recipes_Boosters.xml,def
GR_CraftImmunoboosterBulk.description,Craft immunoboosters in bulk.,description,RecipeDef/Recipes_Boosters.xml,def
GR_CraftHarmonobooster.label,Craft Harmonobooster,label,RecipeDef/Recipes_Boosters.xml,def
GR_CraftHarmonobooster.description,Craft a harmonobooster.,description,RecipeDef/Recipes_Boosters.xml,def
GR_CraftHarmonoboosterBulk.label,Craft 5x Harmonobooster,label,RecipeDef/Recipes_Boosters.xml,def
GR_CraftHarmonoboosterBulk.description,Craft harmonoboosters in bulk.,description,RecipeDef/Recipes_Boosters.xml,def
GR_CraftTempobooster.label,Craft Tempobooster,label,RecipeDef/Recipes_Boosters.xml,def
GR_CraftTempobooster.description,Craft a tempobooster.,description,RecipeDef/Recipes_Boosters.xml,def
GR_CraftTempoboosterBulk.label,Craft 5x Tempobooster,label,RecipeDef/Recipes_Boosters.xml,def
GR_CraftTempoboosterBulk.description,Craft tempoboosters in bulk.,description,RecipeDef/Recipes_Boosters.xml,def
GR_CraftFertilityUnblocker.label,Craft Fertility Unblocker,label,RecipeDef/Recipes_Boosters.xml,def
GR_CraftFertilityUnblocker.description,Craft a fertility unblocker.,description,RecipeDef/Recipes_Boosters.xml,def
GR_CraftFertilityUnblockerBulk.label,Craft 5x Fertility Unblocker,label,RecipeDef/Recipes_Boosters.xml,def
GR_CraftFertilityUnblockerBulk.description,Craft fertility unblockers in bulk.,description,RecipeDef/Recipes_Boosters.xml,def
GR_CraftStabilizator.label,Craft Stabilizator,label,RecipeDef/Recipes_Boosters.xml,def
GR_CraftStabilizator.description,Craft a stabilizator.,description,RecipeDef/Recipes_Boosters.xml,def
GR_CraftStabilizatorBulk.label,Craft 5x Stabilizator,label,RecipeDef/Recipes_Boosters.xml,def
GR_CraftStabilizatorBulk.description,Craft stabilizators in bulk.,description,RecipeDef/Recipes_Boosters.xml,def
GR_CraftController.label,Craft Controller,label,RecipeDef/Recipes_Boosters.xml,def
GR_CraftController.description,Craft a controller.,description,RecipeDef/Recipes_Boosters.xml,def
GR_CraftControllerBulk.label,Craft 5x Controller,label,RecipeDef/Recipes_Boosters.xml,def
GR_CraftControllerBulk.description,Craft controllers in bulk.,description,RecipeDef/Recipes_Boosters.xml,def
GR_CraftGenomeExcavator.label,Craft Genome excavator,label,RecipeDef/Recipes_Excavators.xml,def
GR_CraftGenomeExcavator.description,Craft a genome excavator to extract genomes from tamed or dead animals. This excavator can extract tier 1 and tier 2 genomes.,description,RecipeDef/Recipes_Excavators.xml,def
GR_GenoframeAwfulRecipe.label,Create Genoframe (Awful),label,RecipeDef/Recipes_Genoframes.xml,def
GR_GenoframeAwfulRecipe.description,Create an awful quality genoframe from an animal corpse.,description,RecipeDef/Recipes_Genoframes.xml,def
GR_GenoframePoorRecipe.label,Create Genoframe (Poor),label,RecipeDef/Recipes_Genoframes.xml,def
GR_GenoframePoorRecipe.description,Create a poor quality genoframe from two awful quality genoframes.,description,RecipeDef/Recipes_Genoframes.xml,def
GR_GenoframeNormalRecipe.label,Create Genoframe (Normal),label,RecipeDef/Recipes_Genoframes.xml,def
GR_GenoframeNormalRecipe.description,Create a normal quality genoframe from two poor quality genoframes.,description,RecipeDef/Recipes_Genoframes.xml,def
GR_GenoframeGoodRecipe.label,Create Genoframe (Good),label,RecipeDef/Recipes_Genoframes.xml,def
GR_GenoframeGoodRecipe.description,Create a good quality genoframe from two normal quality genoframes.,description,RecipeDef/Recipes_Genoframes.xml,def
GR_GenoframeExcellentRecipe.label,Create Genoframe (Excellent),label,RecipeDef/Recipes_Genoframes.xml,def
GR_GenoframeExcellentRecipe.description,Create an excellent quality genoframe from two good quality genoframes.,description,RecipeDef/Recipes_Genoframes.xml,def
GR_GenoframeMasterworkRecipe.label,Create Genoframe (Masterwork),label,RecipeDef/Recipes_Genoframes.xml,def
GR_GenoframeMasterworkRecipe.description,Create a masterwork quality genoframe from two excellent quality genoframes.,description,RecipeDef/Recipes_Genoframes.xml,def
GR_GenoframeLegendaryRecipe.label,Create Genoframe (Legendary),label,RecipeDef/Recipes_Genoframes.xml,def
GR_GenoframeLegendaryRecipe.description,Create a legendary quality genoframe from two masterwork quality genoframes.,description,RecipeDef/Recipes_Genoframes.xml,def
GR_ExtractGenesBear.label,extract genes from an ursine,label,RecipeDef/Recipes_Genomes.xml,def
GR_ExtractGenesBear.description,Extract genetic material from an ursine corpse.,description,RecipeDef/Recipes_Genomes.xml,def
GR_ExtractGenesBear.jobString,Extracting Genetic Material,jobString,RecipeDef/Recipes_Genomes.xml,def
GR_ExtractGenesBird.label,extract genes from an avian,label,RecipeDef/Recipes_Genomes.xml,def
GR_ExtractGenesBird.description,Extract genetic material from any avian corpse.,description,RecipeDef/Recipes_Genomes.xml,def
GR_ExtractGenesBird.jobString,Extracting Genetic Material,jobString,RecipeDef/Recipes_Genomes.xml,def
GR_ExtractGenesBoomalope.label,extract genes from a boom animal,label,RecipeDef/Recipes_Genomes.xml,def
GR_ExtractGenesBoomalope.description,Extract genetic material from a boom animal corpse.,description,RecipeDef/Recipes_Genomes.xml,def
GR_ExtractGenesBoomalope.jobString,Extracting Genetic Material,jobString,RecipeDef/Recipes_Genomes.xml,def
GR_ExtractGenesMuffalo.label,extract genes from a muffalo,label,RecipeDef/Recipes_Genomes.xml,def
GR_ExtractGenesMuffalo.description,"Extract genetic material from a muffalo, bison or yak corpse.",description,RecipeDef/Recipes_Genomes.xml,def
GR_ExtractGenesMuffalo.jobString,Extracting Genetic Material,jobString,RecipeDef/Recipes_Genomes.xml,def
GR_ExtractGenesCanine.label,extract genes from a canine,label,RecipeDef/Recipes_Genomes.xml,def
GR_ExtractGenesCanine.description,"Extract genetic material from a wolf, warg, dog or any other canine's corpse.",description,RecipeDef/Recipes_Genomes.xml,def
GR_ExtractGenesCanine.jobString,Extracting Genetic Material,jobString,RecipeDef/Recipes_Genomes.xml,def
GR_ExtractGenesRodent.label,extract genes from a rodent or leporid,label,RecipeDef/Recipes_Genomes.xml,def
GR_ExtractGenesRodent.description,Extract genetic material from a rodent or leporid corpse.,description,RecipeDef/Recipes_Genomes.xml,def
GR_ExtractGenesRodent.jobString,Extracting Genetic Material,jobString,RecipeDef/Recipes_Genomes.xml,def
GR_ExtractGenesFeline.label,extract genes from a feline,label,RecipeDef/Recipes_Genomes.xml,def
GR_ExtractGenesFeline.description,Extract genetic material from a feline corpse.,description,RecipeDef/Recipes_Genomes.xml,def
GR_ExtractGenesFeline.jobString,Extracting Genetic Material,jobString,RecipeDef/Recipes_Genomes.xml,def
GR_ExtractGenesHuman.label,extract genes from a humanoid,label,RecipeDef/Recipes_Genomes.xml,def
GR_ExtractGenesHuman.description,Extract genetic material from a humanoid.,description,RecipeDef/Recipes_Genomes.xml,def
GR_ExtractGenesHuman.jobString,Extracting Genetic Material,jobString,RecipeDef/Recipes_Genomes.xml,def
GR_BearLeg.label,animal Implant: bear leg,label,RecipeDef/Recipes_Implants_Animals.xml,def
GR_BearLeg.description,"Craft a prosthetic animal leg strengthened with bear muscles, and ending in sharp bear claws that add a powerful melee attack.",description,RecipeDef/Recipes_Implants_Animals.xml,def
GR_BearLeg.jobString,Making bear leg implant.,jobString,RecipeDef/Recipes_Implants_Animals.xml,def
GR_LizardLeg.label,animal Implant: bionic lizard leg,label,RecipeDef/Recipes_Implants_Animals.xml,def
GR_LizardLeg.description,Craft a bionic animal leg reinforced with tough lizard skin.,description,RecipeDef/Recipes_Implants_Animals.xml,def
GR_LizardLeg.jobString,Making lizard leg implant.,jobString,RecipeDef/Recipes_Implants_Animals.xml,def
GR_ThrumboLeg.label,animal Implant: bionic elephant leg,label,RecipeDef/Recipes_Implants_Animals.xml,def
GR_ThrumboLeg.description,Craft a bionic animal leg reinforced with muscle tissue from a powerful elephant.,description,RecipeDef/Recipes_Implants_Animals.xml,def
GR_ThrumboLeg.jobString,Making bionic elephant leg implant.,jobString,RecipeDef/Recipes_Implants_Animals.xml,def
GR_CatTail.label,animal Implant: cat tail,label,RecipeDef/Recipes_Implants_Animals.xml,def
GR_CatTail.description,Craft a tail implant that uses genetic splicing with feline genes to substitute a broken or missing tail. This implant is not meant to replace a healthy tail. Note that only creatures with a natural tail can use this.,description,RecipeDef/Recipes_Implants_Animals.xml,def
GR_CatTail.jobString,Making cat tail implant.,jobString,RecipeDef/Recipes_Implants_Animals.xml,def
GR_ScytherTail.label,animal Implant: scyther tail,label,RecipeDef/Recipes_Implants_Animals.xml,def
GR_ScytherTail.description,"Craft a scyther tail by attaching a scyther blade to an animal's tail. Uhmmm... where did you put all those old scyther blades? You asked around and no caravans seem to be trading them nowadays... Well, you will have to manufacture one using a cocktail of different genes. Note that only creatures with a natural tail can use this.",description,RecipeDef/Recipes_Implants_Animals.xml,def
GR_ScytherTail.jobString,Making scyther tail implant.,jobString,RecipeDef/Recipes_Implants_Animals.xml,def
GR_MechaTail.label,animal Implant: reinforced tail,label,RecipeDef/Recipes_Implants_Animals.xml,def
GR_MechaTail.description,"Craft an advanced animal tail, even more powerful than a natural one. Note that only creatures with a natural tail can use this.",description,RecipeDef/Recipes_Implants_Animals.xml,def
GR_MechaTail.jobString,Making reinforced tail implant.,jobString,RecipeDef/Recipes_Implants_Animals.xml,def
GR_CanidEye.label,animal Implant: canid eye,label,RecipeDef/Recipes_Implants_Animals.xml,def
GR_CanidEye.description,Craft an eye implant that uses genetic splicing with canid genes to give an old (or damaged) eye decent vision. This implant is not meant to replace healthy eyes.,description,RecipeDef/Recipes_Implants_Animals.xml,def
GR_CanidEye.jobString,Making canid eye implant.,jobString,RecipeDef/Recipes_Implants_Animals.xml,def
GR_InsectileEye.label,animal Implant: insectile eye,label,RecipeDef/Recipes_Implants_Animals.xml,def
GR_InsectileEye.description,"Craft a bionic implant which gives the creature compound insectile eyes. Compared with simple eyes, compound eyes possess a very large view angle, and can detect fast movement.",description,RecipeDef/Recipes_Implants_Animals.xml,def
GR_InsectileEye.jobString,Making insectile eye implant.,jobString,RecipeDef/Recipes_Implants_Animals.xml,def
GR_ThrumboEye.label,animal Implant: bionic thrumbo eye,label,RecipeDef/Recipes_Implants_Animals.xml,def
GR_ThrumboEye.description,Craft a bionic eye reinforced with specialized photoreceptors from a powerful thrumbo.,description,RecipeDef/Recipes_Implants_Animals.xml,def
GR_ThrumboEye.jobString,Making thrumbo eye implant.,jobString,RecipeDef/Recipes_Implants_Animals.xml,def
GR_RodentEar.label,animal Implant: rodent ear,label,RecipeDef/Recipes_Implants_Animals.xml,def
GR_RodentEar.description,Craft an ear implant that uses genetic splicing with rodent genes to give an old (or damaged) ear decent hearing. This implant is not meant to replace healthy ears.,description,RecipeDef/Recipes_Implants_Animals.xml,def
GR_RodentEar.jobString,Making rodent ear implant.,jobString,RecipeDef/Recipes_Implants_Animals.xml,def
GR_MothTympanalOrgan.label,animal Implant: moth tympanal organ,label,RecipeDef/Recipes_Implants_Animals.xml,def
GR_MothTympanalOrgan.description,Craft a bionic implant adding a moth tympanal organ to the creature's ear. Moths can hear sounds of a higher frequency than any bat can produce.,description,RecipeDef/Recipes_Implants_Animals.xml,def
GR_MothTympanalOrgan.jobString,Making moth tympanal organ implant.,jobString,RecipeDef/Recipes_Implants_Animals.xml,def
GR_MechaReceptors.label,animal Implant: elephant auditory receptor,label,RecipeDef/Recipes_Implants_Animals.xml,def
GR_MechaReceptors.description,Craft an elephant auditory receptor that can scan a really wide band of frequencies.,description,RecipeDef/Recipes_Implants_Animals.xml,def
GR_MechaReceptors.jobString,Making elephant auditory receptor implant.,jobString,RecipeDef/Recipes_Implants_Animals.xml,def
GR_RodentNose.label,animal Implant: rodent nose,label,RecipeDef/Recipes_Implants_Animals.xml,def
GR_RodentNose.description,Craft an implant that uses genetic splicing with rodent genes to give an old (or damaged) nose decent smelling. This implant is not meant to replace healthy noses. Can't be installed on birds and insects.,description,RecipeDef/Recipes_Implants_Animals.xml,def
GR_RodentNose.jobString,Making rodent nose implant.,jobString,RecipeDef/Recipes_Implants_Animals.xml,def
GR_InsectoidPheromones.label,animal Implant: insectoid pheromones,label,RecipeDef/Recipes_Implants_Animals.xml,def
GR_InsectoidPheromones.description,"Craft an implant that uses genetic splicing with insectoid genes to give the ability to detect pheromones, thus improving the olfactory system. Can't be installed on birds and (ironically) insects.",description,RecipeDef/Recipes_Implants_Animals.xml,def
GR_InsectoidPheromones.jobString,Making insectoid pheromones implant.,jobString,RecipeDef/Recipes_Implants_Animals.xml,def
GR_MiniatureThrumboHorn.label,animal Implant: miniature thrumbo horn,label,RecipeDef/Recipes_Implants_Animals.xml,def
GR_MiniatureThrumboHorn.description,"Craft a bionic implant adding a small thrumbo horn where the creature's nose used to be. This implant acts as a nose, allowing the creature to breathe and smell, and can be used by the creature in melee. Birds, insects, and creatures that already have a thrumbo horn don't have enough space on their skull to install this implant.",description,RecipeDef/Recipes_Implants_Animals.xml,def
GR_MiniatureThrumboHorn.jobString,Making miniature thrumbo horn implant.,jobString,RecipeDef/Recipes_Implants_Animals.xml,def
GR_WolfJaws.label,animal Implant: wolf fangs,label,RecipeDef/Recipes_Implants_Animals.xml,def
GR_WolfJaws.description,Craft an implant that uses genetic splicing with wolf genes to give an old (or damaged) jaw decent functioning. This implant is not meant to replace healthy jaws.,description,RecipeDef/Recipes_Implants_Animals.xml,def
GR_WolfJaws.jobString,Making wolf fangs implant.,jobString,RecipeDef/Recipes_Implants_Animals.xml,def
GR_InsectMandibles.label,animal Implant: insect mandibles,label,RecipeDef/Recipes_Implants_Animals.xml,def
GR_InsectMandibles.description,"Craft a bionic implant adding insect mandibles to the creature's face. Insect mandibles improve manipulation and eating, while also working as an offensive weapon",description,RecipeDef/Recipes_Implants_Animals.xml,def
GR_InsectMandibles.jobString,Making insect mandibles implant.,jobString,RecipeDef/Recipes_Implants_Animals.xml,def
GR_ThrumboJaws.label,animal Implant: bionic thrumbo jaws,label,RecipeDef/Recipes_Implants_Animals.xml,def
GR_ThrumboJaws.description,"Craft a bionic implant adding thrumbo jaws to the creature's mouth. These creatures devour trees, so you can imagine their jaws are up to the task.",description,RecipeDef/Recipes_Implants_Animals.xml,def
GR_ThrumboJaws.jobString,Making bionic thrumbo jaws implant.,jobString,RecipeDef/Recipes_Implants_Animals.xml,def
GR_MuffaloSpine.label,animal Implant: muffalo spine,label,RecipeDef/Recipes_Implants_Animals.xml,def
GR_MuffaloSpine.description,Craft a spine implant that uses genetic splicing with muffalo genes to give an old (or damaged) spine decent functioning. This implant is not meant to replace healthy spines.,description,RecipeDef/Recipes_Implants_Animals.xml,def
GR_MuffaloSpine.jobString,Making muffalo spine implant.,jobString,RecipeDef/Recipes_Implants_Animals.xml,def
GR_CrocodileSpine.label,animal Implant: crocodile spine,label,RecipeDef/Recipes_Implants_Animals.xml,def
GR_CrocodileSpine.description,Craft a bionic implant adding a sturdy crocodile spine to the creature's skeletal system.,description,RecipeDef/Recipes_Implants_Animals.xml,def
GR_CrocodileSpine.jobString,Making crocodile spine implant.,jobString,RecipeDef/Recipes_Implants_Animals.xml,def
GR_MechaSpine.label,animal Implant: reinforced bionic spine,label,RecipeDef/Recipes_Implants_Animals.xml,def
GR_MechaSpine.description,Craft a bionic implant adding a plasteel structure with active mechanites to the creature's skeletal system.,description,RecipeDef/Recipes_Implants_Animals.xml,def
GR_MechaSpine.jobString,Making reinforced bionic spine implant.,jobString,RecipeDef/Recipes_Implants_Animals.xml,def
GR_ChickenBrains.label,animal Implant: chicken brains,label,RecipeDef/Recipes_Implants_Animals.xml,def
GR_ChickenBrains.description,Craft an implant that uses chicken brain tissue to patch damaged neurological pathways. This implant is intended for brain-dead creatures.,description,RecipeDef/Recipes_Implants_Animals.xml,def
GR_ChickenBrains.jobString,Making wolf jaws implant.,jobString,RecipeDef/Recipes_Implants_Animals.xml,def
GR_MonitorLizardBrain.label,animal Implant: monitor lizard brain,label,RecipeDef/Recipes_Implants_Animals.xml,def
GR_MonitorLizardBrain.description,Craft a bionic implant using monitor lizard brain tissue. This highly intelligent reptile has very quick reflexes.,description,RecipeDef/Recipes_Implants_Animals.xml,def
GR_MonitorLizardBrain.jobString,Making monitor lizard brain implant.,jobString,RecipeDef/Recipes_Implants_Animals.xml,def
GR_ThrumboBrain.label,animal Implant: bionic thrumbo brain,label,RecipeDef/Recipes_Implants_Animals.xml,def
GR_ThrumboBrain.description,Craft a bionic brain implant using thrumbo neural tissue. Superb intelligence and reflexes.,description,RecipeDef/Recipes_Implants_Animals.xml,def
GR_ThrumboBrain.jobString,Making bionic thrumbo brain implant.,jobString,RecipeDef/Recipes_Implants_Animals.xml,def
GR_BoomalopeHeart.label,animal Implant: boomalope heart,label,RecipeDef/Recipes_Implants_Animals.xml,def
GR_BoomalopeHeart.description,"Craft an implant that uses chemfuel to pump blood through the animal's body. This implant is intended for creatures whose heart is failing catastrophically, since it is less efficient than a natural heart.",description,RecipeDef/Recipes_Implants_Animals.xml,def
GR_BoomalopeHeart.jobString,Making boomalope heart implant.,jobString,RecipeDef/Recipes_Implants_Animals.xml,def
GR_ChitinousHeart.label,animal Implant: chitinous heart,label,RecipeDef/Recipes_Implants_Animals.xml,def
GR_ChitinousHeart.description,"Craft a bionic heart implant using a reinforced shell of insectoid chitin for protection. This is a heart designed to take a beating. Pun intended, but it's the last one, I promise.",description,RecipeDef/Recipes_Implants_Animals.xml,def
GR_ChitinousHeart.jobString,Making chitinous heart implant.,jobString,RecipeDef/Recipes_Implants_Animals.xml,def
GR_MechaHeart.label,animal Implant: reinforced bionic heart,label,RecipeDef/Recipes_Implants_Animals.xml,def
GR_MechaHeart.description,Craft a bionic heart strengthened by the action of active mechanites.,description,RecipeDef/Recipes_Implants_Animals.xml,def
GR_MechaHeart.jobString,Making reinforced bionic heart implant.,jobString,RecipeDef/Recipes_Implants_Animals.xml,def
GR_MuffaloLung.label,animal Implant: muffalo lung,label,RecipeDef/Recipes_Implants_Animals.xml,def
GR_MuffaloLung.description,Craft an implant that uses muffalo genes to increase breathing capacity.,description,RecipeDef/Recipes_Implants_Animals.xml,def
GR_MuffaloLung.jobString,Making muffalo lung implant.,jobString,RecipeDef/Recipes_Implants_Animals.xml,def
GR_BearLiver.label,animal Implant: bear liver,label,RecipeDef/Recipes_Implants_Animals.xml,def
GR_BearLiver.description,Craft an implant that uses bear genes to improve function of the liver. Specially useful for those alcoholic chickens.,description,RecipeDef/Recipes_Implants_Animals.xml,def
GR_BearLiver.jobString,Making bear liver implant.,jobString,RecipeDef/Recipes_Implants_Animals.xml,def
GR_ChickenKidney.label,animal Implant: chicken kidney,label,RecipeDef/Recipes_Implants_Animals.xml,def
GR_ChickenKidney.description,"Craft an implant that uses chicken genes to improve function of the kidney. Birds have large kidneys. Yep, you learned that today.",description,RecipeDef/Recipes_Implants_Animals.xml,def
GR_ChickenKidney.jobString,Making chicken kidney implant.,jobString,RecipeDef/Recipes_Implants_Animals.xml,def
GR_BoomalopeStomach.label,animal Implant: boomalope stomach,label,RecipeDef/Recipes_Implants_Animals.xml,def
GR_BoomalopeStomach.description,Craft an implant that uses boomalope genes to improve function of the stomach.,description,RecipeDef/Recipes_Implants_Animals.xml,def
GR_BoomalopeStomach.jobString,Making boomalope stomach implant.,jobString,RecipeDef/Recipes_Implants_Animals.xml,def
GR_CraftBearClaws.label,Human Implant: bear claws,label,RecipeDef/Recipes_Implants_Humanoid.xml,def
GR_CraftBearClaws.description,"Craft bear claws, a hybrid implant containing humanoid and bear DNA that adds a powerful melee attack.",description,RecipeDef/Recipes_Implants_Humanoid.xml,def
GR_CraftBearClaws.jobString,Crafting Bear Claws,jobString,RecipeDef/Recipes_Implants_Humanoid.xml,def
GR_CraftDiggingBearClaws.label,Human Implant: digging mole claws,label,RecipeDef/Recipes_Implants_Humanoid.xml,def
GR_CraftDiggingBearClaws.description,"Craft digging mole claws, grotesque but powerful hand blades that have been modified to be used in mining operations, increasing both speed and yield.",description,RecipeDef/Recipes_Implants_Humanoid.xml,def
GR_CraftDiggingBearClaws.jobString,Crafting digging mole claws,jobString,RecipeDef/Recipes_Implants_Humanoid.xml,def
GR_CraftBearMuscleTissue.label,Human Implant: bear muscle tissue,label,RecipeDef/Recipes_Implants_Humanoid.xml,def
GR_CraftBearMuscleTissue.description,"Craft bear muscle tissue, a hybrid implant containing humanoid and bear DNA that adds strength and stamina.",description,RecipeDef/Recipes_Implants_Humanoid.xml,def
GR_CraftBearMuscleTissue.jobString,Crafting Bear Muscle Tissue,jobString,RecipeDef/Recipes_Implants_Humanoid.xml,def
GR_CraftHibernationModule.label,Human Implant: hibernation module,label,RecipeDef/Recipes_Implants_Humanoid.xml,def
GR_CraftHibernationModule.description,"Craft hibernation module, a biochip that modifies the brain to reduce the need for sleep.",description,RecipeDef/Recipes_Implants_Humanoid.xml,def
GR_CraftHibernationModule.jobString,Crafting hibernation module,jobString,RecipeDef/Recipes_Implants_Humanoid.xml,def
GR_CraftOvipositor.label,Human Implant: ovipositor,label,RecipeDef/Recipes_Implants_Humanoid.xml,def
GR_CraftOvipositor.description,"Craft an ovipositor, a hybrid implant containing humanoid and chicken DNA that... are you sure this is a good idea? Really? Free range human eggs? Ugh...",description,RecipeDef/Recipes_Implants_Humanoid.xml,def
GR_CraftOvipositor.jobString,Crafting Ovipositor,jobString,RecipeDef/Recipes_Implants_Humanoid.xml,def
GR_CraftMuffaloMuscles.label,Human Implant: muffalo muscles,label,RecipeDef/Recipes_Implants_Humanoid.xml,def
GR_CraftMuffaloMuscles.description,"Craft muffalo muscles, a hybrid implant containing humanoid and muffalo DNA that strengthens the subject's muscular system.",description,RecipeDef/Recipes_Implants_Humanoid.xml,def
GR_CraftMuffaloMuscles.jobString,Crafting muffalo muscles,jobString,RecipeDef/Recipes_Implants_Humanoid.xml,def
GR_CraftMuffaloMammaries.label,Human Implant: muffalo mammaries,label,RecipeDef/Recipes_Implants_Humanoid.xml,def
GR_CraftMuffaloMammaries.description,"By implanting muffalo mammaries into a colonist... Wait, what??? Who came up with this idea????? Anyway... this implant allows your colonist to be milked... What the...",description,RecipeDef/Recipes_Implants_Humanoid.xml,def
GR_CraftMuffaloMammaries.jobString,Crafting muffalo mammaries,jobString,RecipeDef/Recipes_Implants_Humanoid.xml,def
GR_CraftMuffaloSkin.label,Human Implant: muffalo skin,label,RecipeDef/Recipes_Implants_Humanoid.xml,def
GR_CraftMuffaloSkin.description,"Craft muffalo skin, a synthetic skin substitute that is much thicker and a much better insulator than human skin. This provides a measure of defense but, more importantly, makes the subject more resistant to low temperatures.",description,RecipeDef/Recipes_Implants_Humanoid.xml,def
GR_CraftMuffaloSkin.jobString,Crafting muffalo skin,jobString,RecipeDef/Recipes_Implants_Humanoid.xml,def
GR_CraftBoomalopeNodules.label,Human Implant: boomalope nodules,label,RecipeDef/Recipes_Implants_Humanoid.xml,def
GR_CraftBoomalopeNodules.description,"Craft boomalope nodules, a hybrid implant containing humanoid and boomalope DNA that causes a huge explosion if the subject dies violently.",description,RecipeDef/Recipes_Implants_Humanoid.xml,def
GR_CraftBoomalopeNodules.jobString,Crafting boomalope nodules,jobString,RecipeDef/Recipes_Implants_Humanoid.xml,def
GR_CraftChemfuelStomach.label,Human Implant: chemfuel stomach,label,RecipeDef/Recipes_Implants_Humanoid.xml,def
GR_CraftChemfuelStomach.description,"Craft chemfuel stomach, a reinforced bionic stomach that uses a combination of gastric acid and chemfuel to efficiently digest food.",description,RecipeDef/Recipes_Implants_Humanoid.xml,def
GR_CraftChemfuelStomach.jobString,Crafting chemfuel stomach,jobString,RecipeDef/Recipes_Implants_Humanoid.xml,def
GR_CraftChemfuelHeart.label,Human Implant: chemfuel heart,label,RecipeDef/Recipes_Implants_Humanoid.xml,def
GR_CraftChemfuelHeart.description,"Craft chemfuel heart, a reinforced bionic heart that acts like a miniature 4-stroke internal combustion engine powered by chemfuel to pump blood through the body.",description,RecipeDef/Recipes_Implants_Humanoid.xml,def
GR_CraftChemfuelHeart.jobString,Crafting chemfuel heart,jobString,RecipeDef/Recipes_Implants_Humanoid.xml,def
GR_CraftWolfMuscularFibers.label,Human Implant: wolf muscular fibers,label,RecipeDef/Recipes_Implants_Humanoid.xml,def
GR_CraftWolfMuscularFibers.description,"Craft wolf muscular fibers, which can modify the subject's legs by weaving hybrid human/wolf muscle fibers within the base tissue, giving her a significant strength and speed boost.",description,RecipeDef/Recipes_Implants_Humanoid.xml,def
GR_CraftWolfMuscularFibers.jobString,Crafting wolf muscular fibers,jobString,RecipeDef/Recipes_Implants_Humanoid.xml,def
GR_CraftDevouringJaws.label,Human Implant: devouring jaws,label,RecipeDef/Recipes_Implants_Humanoid.xml,def
GR_CraftDevouringJaws.description,"Craft devouring jaws, a set of improved teeth designed to rapidly chew and ingest any kind of food. Leaves kind of a mess, though...",description,RecipeDef/Recipes_Implants_Humanoid.xml,def
GR_CraftDevouringJaws.jobString,Crafting devouring jaws,jobString,RecipeDef/Recipes_Implants_Humanoid.xml,def
GR_CraftNeuronReinforcement.label,Human Implant: neuron reinforcement,label,RecipeDef/Recipes_Implants_Humanoid.xml,def
GR_CraftNeuronReinforcement.description,"Craft neuron reinforcement. A biochip using animal stem cells to reinforce the natural abilities of human neurons, increasing learning and research speed.",description,RecipeDef/Recipes_Implants_Humanoid.xml,def
GR_CraftNeuronReinforcement.jobString,Crafting neuron reinforcement,jobString,RecipeDef/Recipes_Implants_Humanoid.xml,def
GR_CraftMousePheromones.label,Human Implant: mouse pheromones,label,RecipeDef/Recipes_Implants_Humanoid.xml,def
GR_CraftMousePheromones.description,"Craft mouse pheromones, a bionic vomeronasal organ that allows the subject pheromonal communication with other animals, increasing the chance of taming and training them successfully.",description,RecipeDef/Recipes_Implants_Humanoid.xml,def
GR_CraftMousePheromones.jobString,Crafting mouse pheromones,jobString,RecipeDef/Recipes_Implants_Humanoid.xml,def
GR_CraftMoleratNerveDampener.label,Human Implant: mole-rat nerve dampener,label,RecipeDef/Recipes_Implants_Humanoid.xml,def
GR_CraftMoleratNerveDampener.description,"Craft mole-rat nerve dampener, a biochip that reduces pain sensitivity, allowing the subject to survive pain shock.",description,RecipeDef/Recipes_Implants_Humanoid.xml,def
GR_CraftMoleratNerveDampener.jobString,Crafting mole-rat nerve dampener,jobString,RecipeDef/Recipes_Implants_Humanoid.xml,def
GR_CraftBunnyEars.label,Human Implant: bunny ear,label,RecipeDef/Recipes_Implants_Humanoid.xml,def
GR_CraftBunnyEars.description,"Craft bunny ear. This huge leporid ear gives amazing enhanced hearing. Also, super kawaii!",description,RecipeDef/Recipes_Implants_Humanoid.xml,def
GR_CraftBunnyEars.jobString,Crafting bunny ear,jobString,RecipeDef/Recipes_Implants_Humanoid.xml,def
GR_CraftCompoundEye.label,Human Implant: compound eye,label,RecipeDef/Recipes_Implants_Humanoid.xml,def
GR_CraftCompoundEye.description,"Craft compound eye. This hybrid humanoid / insectoid eye provides improved vision in a wide range of different wavelengths, including those usually outside the human range, completely modifying the way the subject perceives his surroundings.",description,RecipeDef/Recipes_Implants_Humanoid.xml,def
GR_CraftCompoundEye.jobString,Crafting compound eye,jobString,RecipeDef/Recipes_Implants_Humanoid.xml,def
GR_CraftCatEye.label,Human Implant: cat eye,label,RecipeDef/Recipes_Implants_Humanoid.xml,def
GR_CraftCatEye.description,"Craft cat eye. This hybrid humanoid / feline eye provides improved night vision, at the expense of a certain short-sightedness outside and during the day. Ideal for nyctophile colonists.",description,RecipeDef/Recipes_Implants_Humanoid.xml,def
GR_CraftCatEye.jobString,Crafting cat eye,jobString,RecipeDef/Recipes_Implants_Humanoid.xml,def
GR_CraftInsectoidAntennae.label,Human Implant: insectoid antennae,label,RecipeDef/Recipes_Implants_Humanoid.xml,def
GR_CraftInsectoidAntennae.description,"Craft hybrid humanoid / insectoid feeling appendages that can be implanted in a subject's head, completely modifying the way the subject ""sees"" and feels the surrounding world. The experience may be slightly overwhelming due to sensorial overload.",description,RecipeDef/Recipes_Implants_Humanoid.xml,def
GR_CraftInsectoidAntennae.jobString,Crafting insectoid antennae,jobString,RecipeDef/Recipes_Implants_Humanoid.xml,def
GR_CraftPsychicDampeners.label,Human Implant: psychic dampeners,label,RecipeDef/Recipes_Implants_Humanoid.xml,def
GR_CraftPsychicDampeners.description,"Craft psychic dampeners, artificial hearing aids that block psychic emanations, providing considerable resistance to mechanoids' psychic attacks.",description,RecipeDef/Recipes_Implants_Humanoid.xml,def
GR_CraftPsychicDampeners.jobString,Crafting psychic dampeners,jobString,RecipeDef/Recipes_Implants_Humanoid.xml,def
GR_CraftKidneyToxicFilters.label,Human Implant: kidney toxic filters,label,RecipeDef/Recipes_Implants_Humanoid.xml,def
GR_CraftKidneyToxicFilters.description,"Craft kidney toxic filters, bioelectronic kidney prosthesis that greatly improve the efficiency of the subject's kidneys by using insectoid tissue, providing resistence to toxic substances.",description,RecipeDef/Recipes_Implants_Humanoid.xml,def
GR_CraftKidneyToxicFilters.jobString,Crafting kidney toxic filters,jobString,RecipeDef/Recipes_Implants_Humanoid.xml,def
GR_CraftHumanThrumboHorn.label,Human Implant: thrumbo horn,label,RecipeDef/Recipes_Implants_Humanoid.xml,def
GR_CraftHumanThrumboHorn.description,A genetically modified thrumbo horn that can be implanted in a subject's forehead. Nasty.,description,RecipeDef/Recipes_Implants_Humanoid.xml,def
GR_CraftHumanThrumboHorn.jobString,Crafting thrumbo horn,jobString,RecipeDef/Recipes_Implants_Humanoid.xml,def
GR_CraftThrumboSkin.label,Human Implant: thrumbo skin,label,RecipeDef/Recipes_Implants_Humanoid.xml,def
GR_CraftThrumboSkin.description,"Craft thrumbo skin, a synthetic skin substitute that is much thicker and a much better insulator than human skin. This provides a lot of defense and makes the subject more resistant to extremes of temperature.",description,RecipeDef/Recipes_Implants_Humanoid.xml,def
GR_CraftThrumboSkin.jobString,Crafting thrumbo horn,jobString,RecipeDef/Recipes_Implants_Humanoid.xml,def
GR_CraftVenomousFangs.label,Human Implant: venomous fangs,label,RecipeDef/Recipes_Implants_Humanoid.xml,def
GR_CraftVenomousFangs.description,"This hybrid implant substitutes the subject's jaw with a set of venomous fangs. Useful in combat, but not very comfortable.",description,RecipeDef/Recipes_Implants_Humanoid.xml,def
GR_CraftVenomousFangs.jobString,Crafting venomous fangs,jobString,RecipeDef/Recipes_Implants_Humanoid.xml,def
GR_CraftIguanaScales.label,Human Implant: iguana scales,label,RecipeDef/Recipes_Implants_Humanoid.xml,def
GR_CraftIguanaScales.description,"Craft iguana scales, a synthetic skin substitute that is much thicker and a much better insulator than human skin. This provides a measure of defense but, more importantly, makes the subject more resistant to high temperatures.",description,RecipeDef/Recipes_Implants_Humanoid.xml,def
GR_CraftIguanaScales.jobString,Crafting venomous fangs,jobString,RecipeDef/Recipes_Implants_Humanoid.xml,def
GR_ExtractMilkFromMilks.label,extract milk from hybrid milks,label,RecipeDef/Recipes_Milks.xml,def
GR_ExtractMilkFromMilks.description,"Extracts regular milk from hybrid milks, maintaining nutrition value but potentially losing special qualities.",description,RecipeDef/Recipes_Milks.xml,def
GR_ExtractMilkFromMilks.jobString,Extracting milk.,jobString,RecipeDef/Recipes_Milks.xml,def
GR_CreateTemplateGenome.label,Create template genome,label,RecipeDef/Recipes_Recombinator.xml,def
GR_CreateTemplateGenome.description,Create a template genome that can be used to duplicate existing genome samples.\n\nThis recipe needs corpses totalling 100 Kg of mass.,description,RecipeDef/Recipes_Recombinator.xml,def
GR_DuplicateUrsineGenome.label,Duplicate Ursine genome,label,RecipeDef/Recipes_Recombinator.xml,def
GR_DuplicateUrsineGenome.description,Duplicate the genome using a blank template.,description,RecipeDef/Recipes_Recombinator.xml,def
GR_DuplicateAvianGenome.label,Duplicate Avian genome,label,RecipeDef/Recipes_Recombinator.xml,def
GR_DuplicateAvianGenome.description,Duplicate the genome using a blank template.,description,RecipeDef/Recipes_Recombinator.xml,def
GR_DuplicateBoomalopeGenome.label,Duplicate Booma genome,label,RecipeDef/Recipes_Recombinator.xml,def
GR_DuplicateBoomalopeGenome.description,Duplicate the genome using a blank template.,description,RecipeDef/Recipes_Recombinator.xml,def
GR_DuplicateMuffaloGenome.label,Duplicate Muffalo genome,label,RecipeDef/Recipes_Recombinator.xml,def
GR_DuplicateMuffaloGenome.description,Duplicate the genome using a blank template.,description,RecipeDef/Recipes_Recombinator.xml,def
GR_DuplicateCanineGenome.label,Duplicate Canine genome,label,RecipeDef/Recipes_Recombinator.xml,def
GR_DuplicateCanineGenome.description,Duplicate the genome using a blank template.,description,RecipeDef/Recipes_Recombinator.xml,def
GR_DuplicateRodentGenome.label,Duplicate Rodent genome,label,RecipeDef/Recipes_Recombinator.xml,def
GR_DuplicateRodentGenome.description,Duplicate the genome using a blank template.,description,RecipeDef/Recipes_Recombinator.xml,def
GR_DuplicateFelineGenome.label,Duplicate Feline genome,label,RecipeDef/Recipes_Recombinator.xml,def
GR_DuplicateFelineGenome.description,Duplicate the genome using a blank template.,description,RecipeDef/Recipes_Recombinator.xml,def
GR_DuplicateEquineGenome.label,Duplicate Equine genome,label,RecipeDef/Recipes_Recombinator.xml,def
GR_DuplicateEquineGenome.description,Duplicate the genome using a blank template.,description,RecipeDef/Recipes_Recombinator.xml,def
GR_DuplicateInsectoidGenome.label,Duplicate Insectoid genome,label,RecipeDef/Recipes_Recombinator.xml,def
GR_DuplicateInsectoidGenome.description,Duplicate the genome using a blank template.,description,RecipeDef/Recipes_Recombinator.xml,def
GR_DuplicateReptileGenome.label,Duplicate Reptile genome,label,RecipeDef/Recipes_Recombinator.xml,def
GR_DuplicateReptileGenome.description,Duplicate the genome using a blank template.,description,RecipeDef/Recipes_Recombinator.xml,def
GR_DuplicateHumanoidGenome.label,Duplicate Humanoid genome,label,RecipeDef/Recipes_Recombinator.xml,def
GR_DuplicateHumanoidGenome.description,Duplicate the genome using a blank template.,description,RecipeDef/Recipes_Recombinator.xml,def
GR_CompressedChemfuelToFuel.label,make chemfuel from deepchem,label,RecipeDef/Recipes_Refinery.xml,def
GR_CompressedChemfuelToFuel.description,Make a batch of chemfuel by converting deepchem.,description,RecipeDef/Recipes_Refinery.xml,def
GR_CompressedChemfuelToFuel.jobString,Refining chemfuel from deepchem.,jobString,RecipeDef/Recipes_Refinery.xml,def
GR_ExtractMechaMilk.label,process mechanoid milk,label,RecipeDef/Recipes_Refinery.xml,def
GR_ExtractMechaMilk.description,Extract useful materials from mechanoid milk.,description,RecipeDef/Recipes_Refinery.xml,def
GR_ExtractMechaMilk.jobString,Extracting useful materials from mechanoid milk.,jobString,RecipeDef/Recipes_Refinery.xml,def
GR_InstallBearLeg.label,<color=#E89D1B>install animal Implant: bear leg</color>,label,RecipeDef/Recipes_Surgery_Implants_Animals.xml,def
GR_InstallBearLeg.description,Installs bear leg.,description,RecipeDef/Recipes_Surgery_Implants_Animals.xml,def
GR_InstallBearLeg.jobString,Installing bear leg.,jobString,RecipeDef/Recipes_Surgery_Implants_Animals.xml,def
GR_InstallLizardLeg.label,<color=#E89D1B>install animal Implant: lizard leg</color>,label,RecipeDef/Recipes_Surgery_Implants_Animals.xml,def
GR_InstallLizardLeg.description,Installs lizard leg.,description,RecipeDef/Recipes_Surgery_Implants_Animals.xml,def
GR_InstallLizardLeg.jobString,Installing lizard leg.,jobString,RecipeDef/Recipes_Surgery_Implants_Animals.xml,def
GR_InstallThrumboLeg.label,<color=#E89D1B>install animal Implant: elephant leg</color>,label,RecipeDef/Recipes_Surgery_Implants_Animals.xml,def
GR_InstallThrumboLeg.description,Installs elephant leg.,description,RecipeDef/Recipes_Surgery_Implants_Animals.xml,def
GR_InstallThrumboLeg.jobString,Installing elephant leg.,jobString,RecipeDef/Recipes_Surgery_Implants_Animals.xml,def
GR_InstallCatTail.label,<color=#E89D1B>install animal Implant: cat tail</color>,label,RecipeDef/Recipes_Surgery_Implants_Animals.xml,def
GR_InstallCatTail.description,Installs cat tail.,description,RecipeDef/Recipes_Surgery_Implants_Animals.xml,def
GR_InstallCatTail.jobString,Installing cat tail.,jobString,RecipeDef/Recipes_Surgery_Implants_Animals.xml,def
GR_InstallScytherTail.label,<color=#E89D1B>install animal Implant: scyther tail</color>,label,RecipeDef/Recipes_Surgery_Implants_Animals.xml,def
GR_InstallScytherTail.description,Installs scyther tail.,description,RecipeDef/Recipes_Surgery_Implants_Animals.xml,def
GR_InstallScytherTail.jobString,Installing scyther tail.,jobString,RecipeDef/Recipes_Surgery_Implants_Animals.xml,def
GR_InstallMechaTail.label,<color=#E89D1B>install animal Implant: reinforced tail</color>,label,RecipeDef/Recipes_Surgery_Implants_Animals.xml,def
GR_InstallMechaTail.description,Installs reinforced tail.,description,RecipeDef/Recipes_Surgery_Implants_Animals.xml,def
GR_InstallMechaTail.jobString,Installing reinforced tail.,jobString,RecipeDef/Recipes_Surgery_Implants_Animals.xml,def
GR_InstallCanidEye.label,<color=#E89D1B>install animal Implant: canid eye</color>,label,RecipeDef/Recipes_Surgery_Implants_Animals.xml,def
GR_InstallCanidEye.description,Installs canid eye.,description,RecipeDef/Recipes_Surgery_Implants_Animals.xml,def
GR_InstallCanidEye.jobString,Installing canid eye.,jobString,RecipeDef/Recipes_Surgery_Implants_Animals.xml,def
GR_InstallInsectileEye.label,<color=#E89D1B>install animal Implant: insectile eye</color>,label,RecipeDef/Recipes_Surgery_Implants_Animals.xml,def
GR_InstallInsectileEye.description,Installs insectile eye.,description,RecipeDef/Recipes_Surgery_Implants_Animals.xml,def
GR_InstallInsectileEye.jobString,Installing insectile eye.,jobString,RecipeDef/Recipes_Surgery_Implants_Animals.xml,def
GR_InstallThrumboEye.label,<color=#E89D1B>install animal Implant: bionic thrumbo eye</color>,label,RecipeDef/Recipes_Surgery_Implants_Animals.xml,def
GR_InstallThrumboEye.description,Installs thrumbo eye.,description,RecipeDef/Recipes_Surgery_Implants_Animals.xml,def
GR_InstallThrumboEye.jobString,Installing thrumbo eye.,jobString,RecipeDef/Recipes_Surgery_Implants_Animals.xml,def
GR_InstallRodentEar.label,<color=#E89D1B>install animal Implant: rodent ear</color>,label,RecipeDef/Recipes_Surgery_Implants_Animals.xml,def
GR_InstallRodentEar.description,Installs rodent ear.,description,RecipeDef/Recipes_Surgery_Implants_Animals.xml,def
GR_InstallRodentEar.jobString,Installing rodent ear.,jobString,RecipeDef/Recipes_Surgery_Implants_Animals.xml,def
GR_InstallMothTympanalOrgan.label,<color=#E89D1B>install animal Implant: moth tympanal organ</color>,label,RecipeDef/Recipes_Surgery_Implants_Animals.xml,def
GR_InstallMothTympanalOrgan.description,Installs moth tympanal organ.,description,RecipeDef/Recipes_Surgery_Implants_Animals.xml,def
GR_InstallMothTympanalOrgan.jobString,Installing moth tympanal organ.,jobString,RecipeDef/Recipes_Surgery_Implants_Animals.xml,def
GR_InstallMechaReceptors.label,<color=#E89D1B>install animal Implant: elephant auditory receptor</color>,label,RecipeDef/Recipes_Surgery_Implants_Animals.xml,def
GR_InstallMechaReceptors.description,Installs elephant auditory receptor.,description,RecipeDef/Recipes_Surgery_Implants_Animals.xml,def
GR_InstallMechaReceptors.jobString,Installing elephant auditory receptor.,jobString,RecipeDef/Recipes_Surgery_Implants_Animals.xml,def
GR_InstallRodentNose.label,<color=#E89D1B>install animal Implant: rodent nose</color>,label,RecipeDef/Recipes_Surgery_Implants_Animals.xml,def
GR_InstallRodentNose.description,Installs rodent nose.,description,RecipeDef/Recipes_Surgery_Implants_Animals.xml,def
GR_InstallRodentNose.jobString,Installing rodent nose.,jobString,RecipeDef/Recipes_Surgery_Implants_Animals.xml,def
GR_InstallInsectoidPheromones.label,<color=#E89D1B>install animal Implant: insectoid pheromones</color>,label,RecipeDef/Recipes_Surgery_Implants_Animals.xml,def
GR_InstallInsectoidPheromones.description,Installs insectoid pheromones.,description,RecipeDef/Recipes_Surgery_Implants_Animals.xml,def
GR_InstallInsectoidPheromones.jobString,Installing insectoid pheromones.,jobString,RecipeDef/Recipes_Surgery_Implants_Animals.xml,def
GR_InstallMiniatureThrumboHorn.label,<color=#E89D1B>install animal Implant: miniature thrumbo horn</color>,label,RecipeDef/Recipes_Surgery_Implants_Animals.xml,def
GR_InstallMiniatureThrumboHorn.description,Installs miniature thrumbo horn.,description,RecipeDef/Recipes_Surgery_Implants_Animals.xml,def
GR_InstallMiniatureThrumboHorn.jobString,Installing miniature thrumbo horn.,jobString,RecipeDef/Recipes_Surgery_Implants_Animals.xml,def
GR_InstallWolfJaws.label,<color=#E89D1B>install animal Implant: wolf fangs</color>,label,RecipeDef/Recipes_Surgery_Implants_Animals.xml,def
GR_InstallWolfJaws.description,Installs wolf fangs.,description,RecipeDef/Recipes_Surgery_Implants_Animals.xml,def
GR_InstallWolfJaws.jobString,Installing wolf fangs.,jobString,RecipeDef/Recipes_Surgery_Implants_Animals.xml,def
GR_InstallInsectMandibles.label,<color=#E89D1B>install animal Implant: insect mandibles</color>,label,RecipeDef/Recipes_Surgery_Implants_Animals.xml,def
GR_InstallInsectMandibles.description,Installs insect mandibles.,description,RecipeDef/Recipes_Surgery_Implants_Animals.xml,def
GR_InstallInsectMandibles.jobString,Installing insect mandibles.,jobString,RecipeDef/Recipes_Surgery_Implants_Animals.xml,def
GR_InstallThrumboJaws.label,<color=#E89D1B>install animal Implant: bionic thrumbo jaws</color>,label,RecipeDef/Recipes_Surgery_Implants_Animals.xml,def
GR_InstallThrumboJaws.description,Installs bionic thrumbo jaws.,description,RecipeDef/Recipes_Surgery_Implants_Animals.xml,def
GR_InstallThrumboJaws.jobString,Installing bionic thrumbo jaws.,jobString,RecipeDef/Recipes_Surgery_Implants_Animals.xml,def
GR_InstallMuffaloSpine.label,<color=#E89D1B>install animal Implant: muffalo spine</color>,label,RecipeDef/Recipes_Surgery_Implants_Animals.xml,def
GR_InstallMuffaloSpine.description,Installs muffalo spine.,description,RecipeDef/Recipes_Surgery_Implants_Animals.xml,def
GR_InstallMuffaloSpine.jobString,Installing muffalo spine.,jobString,RecipeDef/Recipes_Surgery_Implants_Animals.xml,def
GR_InstallCrocodileSpine.label,<color=#E89D1B>install animal Implant: crocodile spine</color>,label,RecipeDef/Recipes_Surgery_Implants_Animals.xml,def
GR_InstallCrocodileSpine.description,Installs crocodile spine.,description,RecipeDef/Recipes_Surgery_Implants_Animals.xml,def
GR_InstallCrocodileSpine.jobString,Installing crocodile spine.,jobString,RecipeDef/Recipes_Surgery_Implants_Animals.xml,def
GR_InstallMechaSpine.label,<color=#E89D1B>install animal Implant: reinforced bionic spine (tier 3)</color>,label,RecipeDef/Recipes_Surgery_Implants_Animals.xml,def
GR_InstallMechaSpine.description,Installs reinforced bionic spine.,description,RecipeDef/Recipes_Surgery_Implants_Animals.xml,def
GR_InstallMechaSpine.jobString,Installing reinforced bionic spine.,jobString,RecipeDef/Recipes_Surgery_Implants_Animals.xml,def
GR_InstallChickenBrains.label,<color=#E89D1B>install animal Implant: chicken brains</color>,label,RecipeDef/Recipes_Surgery_Implants_Animals.xml,def
GR_InstallChickenBrains.description,Installs chicken brains.,description,RecipeDef/Recipes_Surgery_Implants_Animals.xml,def
GR_InstallChickenBrains.jobString,Installing chicken brains.,jobString,RecipeDef/Recipes_Surgery_Implants_Animals.xml,def
GR_InstallMonitorLizardBrain.label,<color=#E89D1B>install animal Implant: monitor lizard brain</color>,label,RecipeDef/Recipes_Surgery_Implants_Animals.xml,def
GR_InstallMonitorLizardBrain.description,Installs monitor lizard brain.,description,RecipeDef/Recipes_Surgery_Implants_Animals.xml,def
GR_InstallMonitorLizardBrain.jobString,Installing monitor lizard brain.,jobString,RecipeDef/Recipes_Surgery_Implants_Animals.xml,def
GR_InstallThrumboBrain.label,<color=#E89D1B>install animal Implant: bionic thrumbo brain</color>,label,RecipeDef/Recipes_Surgery_Implants_Animals.xml,def
GR_InstallThrumboBrain.description,Installs bionic thrumbo brain.,description,RecipeDef/Recipes_Surgery_Implants_Animals.xml,def
GR_InstallThrumboBrain.jobString,Installing bionic thrumbo brain.,jobString,RecipeDef/Recipes_Surgery_Implants_Animals.xml,def
GR_InstallBoomalopeHeart.label,<color=#E89D1B>install animal Implant: boomalope heart</color>,label,RecipeDef/Recipes_Surgery_Implants_Animals.xml,def
GR_InstallBoomalopeHeart.description,Installs boomalope heart.,description,RecipeDef/Recipes_Surgery_Implants_Animals.xml,def
GR_InstallBoomalopeHeart.jobString,Installing boomalope heart.,jobString,RecipeDef/Recipes_Surgery_Implants_Animals.xml,def
GR_InstallChitinousHeart.label,<color=#E89D1B>install animal Implant: chitinous heart</color>,label,RecipeDef/Recipes_Surgery_Implants_Animals.xml,def
GR_InstallChitinousHeart.description,Installs chitinous heart.,description,RecipeDef/Recipes_Surgery_Implants_Animals.xml,def
GR_InstallChitinousHeart.jobString,Installing chitinous heart.,jobString,RecipeDef/Recipes_Surgery_Implants_Animals.xml,def
GR_InstallMechaHeart.label,<color=#E89D1B>install animal Implant: reinforced bionic heart</color>,label,RecipeDef/Recipes_Surgery_Implants_Animals.xml,def
GR_InstallMechaHeart.description,Installs reinforced bionic heart.,description,RecipeDef/Recipes_Surgery_Implants_Animals.xml,def
GR_InstallMechaHeart.jobString,Installing reinforced bionic heart.,jobString,RecipeDef/Recipes_Surgery_Implants_Animals.xml,def
GR_InstallMuffaloLung.label,<color=#E89D1B>install animal Implant: muffalo lung</color>,label,RecipeDef/Recipes_Surgery_Implants_Animals.xml,def
GR_InstallMuffaloLung.description,Installs muffalo lung.,description,RecipeDef/Recipes_Surgery_Implants_Animals.xml,def
GR_InstallMuffaloLung.jobString,Installing muffalo lung.,jobString,RecipeDef/Recipes_Surgery_Implants_Animals.xml,def
GR_InstallBearLiver.label,<color=#E89D1B>install animal Implant: bear liver)</color>,label,RecipeDef/Recipes_Surgery_Implants_Animals.xml,def
GR_InstallBearLiver.description,Installs bear liver.,description,RecipeDef/Recipes_Surgery_Implants_Animals.xml,def
GR_InstallBearLiver.jobString,Installing bear liver.,jobString,RecipeDef/Recipes_Surgery_Implants_Animals.xml,def
GR_InstallChickenKidney.label,<color=#E89D1B>install animal Implant: chicken kidney</color>,label,RecipeDef/Recipes_Surgery_Implants_Animals.xml,def
GR_InstallChickenKidney.description,Installs chicken kidney.,description,RecipeDef/Recipes_Surgery_Implants_Animals.xml,def
GR_InstallChickenKidney.jobString,Installing chicken kidney.,jobString,RecipeDef/Recipes_Surgery_Implants_Animals.xml,def
GR_InstallBoomalopeStomach.label,<color=#E89D1B>install animal Implant: boomalope stomach</color>,label,RecipeDef/Recipes_Surgery_Implants_Animals.xml,def
GR_InstallBoomalopeStomach.description,Installs boomalope stomach.,description,RecipeDef/Recipes_Surgery_Implants_Animals.xml,def
GR_InstallBoomalopeStomach.jobString,Installing boomalope stomach.,jobString,RecipeDef/Recipes_Surgery_Implants_Animals.xml,def
GR_InstallBearClaws.label,<color=#E89D1B>install bear claws</color>,label,RecipeDef/Recipes_Surgery_Implants_Humanoid.xml,def
GR_InstallBearClaws.description,Installs bear claws.,description,RecipeDef/Recipes_Surgery_Implants_Humanoid.xml,def
GR_InstallBearClaws.jobString,Installing bear claws.,jobString,RecipeDef/Recipes_Surgery_Implants_Humanoid.xml,def
GR_InstallDiggingBearClaws.label,<color=#E89D1B>install digging mole claws</color>,label,RecipeDef/Recipes_Surgery_Implants_Humanoid.xml,def
GR_InstallDiggingBearClaws.description,Installs digging mole claws.,description,RecipeDef/Recipes_Surgery_Implants_Humanoid.xml,def
GR_InstallDiggingBearClaws.jobString,Installing digging mole claws.,jobString,RecipeDef/Recipes_Surgery_Implants_Humanoid.xml,def
GR_InstallBearMuscleTissue.label,<color=#E89D1B>install bear muscle tissue</color>,label,RecipeDef/Recipes_Surgery_Implants_Humanoid.xml,def
GR_InstallBearMuscleTissue.description,Installs bear muscle tissue.,description,RecipeDef/Recipes_Surgery_Implants_Humanoid.xml,def
GR_InstallBearMuscleTissue.jobString,Installing bear muscle tissue.,jobString,RecipeDef/Recipes_Surgery_Implants_Humanoid.xml,def
GR_RemoveBearMuscleTissueImplant.label,remove bear muscle tissue implant,label,RecipeDef/Recipes_Surgery_Implants_Humanoid.xml,def
GR_RemoveBearMuscleTissueImplant.description,Remove bear muscle tissue implant.,description,RecipeDef/Recipes_Surgery_Implants_Humanoid.xml,def
GR_RemoveBearMuscleTissueImplant.jobString,Removing bear muscle tissue implant.,jobString,RecipeDef/Recipes_Surgery_Implants_Humanoid.xml,def
GR_InstallHibernationModule.label,<color=#E89D1B>install hibernation module</color>,label,RecipeDef/Recipes_Surgery_Implants_Humanoid.xml,def
GR_InstallHibernationModule.description,Installs hibernation module.,description,RecipeDef/Recipes_Surgery_Implants_Humanoid.xml,def
GR_InstallHibernationModule.jobString,Installing hibernation module.,jobString,RecipeDef/Recipes_Surgery_Implants_Humanoid.xml,def
GR_RemoveHibernationModuleImplant.label,remove hibernation module implant,label,RecipeDef/Recipes_Surgery_Implants_Humanoid.xml,def
GR_RemoveHibernationModuleImplant.description,Remove hibernation module implant.,description,RecipeDef/Recipes_Surgery_Implants_Humanoid.xml,def
GR_RemoveHibernationModuleImplant.jobString,Removing hibernation module implant.,jobString,RecipeDef/Recipes_Surgery_Implants_Humanoid.xml,def
GR_InstallOvipositor.label,<color=#E89D1B>install ovipositor</color>,label,RecipeDef/Recipes_Surgery_Implants_Humanoid.xml,def
GR_InstallOvipositor.description,Installs ovipositor.,description,RecipeDef/Recipes_Surgery_Implants_Humanoid.xml,def
GR_InstallOvipositor.jobString,Installing ovipositor.,jobString,RecipeDef/Recipes_Surgery_Implants_Humanoid.xml,def
GR_RemoveOvipositorImplant.label,remove ovipositor,label,RecipeDef/Recipes_Surgery_Implants_Humanoid.xml,def
GR_RemoveOvipositorImplant.description,Remove ovipositor.,description,RecipeDef/Recipes_Surgery_Implants_Humanoid.xml,def
GR_RemoveOvipositorImplant.jobString,Removing ovipositor.,jobString,RecipeDef/Recipes_Surgery_Implants_Humanoid.xml,def
GR_InstallMuffaloMuscles.label,<color=#E89D1B>install muffalo strengthened muscles</color>,label,RecipeDef/Recipes_Surgery_Implants_Humanoid.xml,def
GR_InstallMuffaloMuscles.description,Installs muffalo strengthened muscles.,description,RecipeDef/Recipes_Surgery_Implants_Humanoid.xml,def
GR_InstallMuffaloMuscles.jobString,Installing muffalo strengthened muscles.,jobString,RecipeDef/Recipes_Surgery_Implants_Humanoid.xml,def
GR_RemoveMuffaloMusclesImplant.label,remove muffalo strengthened muscles implant,label,RecipeDef/Recipes_Surgery_Implants_Humanoid.xml,def
GR_RemoveMuffaloMusclesImplant.description,Remove muffalo strengthened muscles implant.,description,RecipeDef/Recipes_Surgery_Implants_Humanoid.xml,def
GR_RemoveMuffaloMusclesImplant.jobString,Removing muffalo strengthened muscles implant.,jobString,RecipeDef/Recipes_Surgery_Implants_Humanoid.xml,def
GR_InstallMuffaloMammaries.label,<color=#E89D1B>install muffalo mammaries</color>,label,RecipeDef/Recipes_Surgery_Implants_Humanoid.xml,def
GR_InstallMuffaloMammaries.description,Installs muffalo mammaries.,description,RecipeDef/Recipes_Surgery_Implants_Humanoid.xml,def
GR_InstallMuffaloMammaries.jobString,Installing muffalo mammaries.,jobString,RecipeDef/Recipes_Surgery_Implants_Humanoid.xml,def
GR_RemoveMuffaloMammariesImplant.label,remove muffalo mammaries implant,label,RecipeDef/Recipes_Surgery_Implants_Humanoid.xml,def
GR_RemoveMuffaloMammariesImplant.description,Remove muffalo mammaries implant.,description,RecipeDef/Recipes_Surgery_Implants_Humanoid.xml,def
GR_RemoveMuffaloMammariesImplant.jobString,Removing muffalo mammaries implant.,jobString,RecipeDef/Recipes_Surgery_Implants_Humanoid.xml,def
GR_InstallMuffaloSkin.label,<color=#E89D1B>install muffalo skin</color>,label,RecipeDef/Recipes_Surgery_Implants_Humanoid.xml,def
GR_InstallMuffaloSkin.description,Installs muffalo skin.,description,RecipeDef/Recipes_Surgery_Implants_Humanoid.xml,def
GR_InstallMuffaloSkin.jobString,Installing muffalo skin.,jobString,RecipeDef/Recipes_Surgery_Implants_Humanoid.xml,def
GR_RemoveMuffaloSkinImplant.label,remove muffalo skin implant,label,RecipeDef/Recipes_Surgery_Implants_Humanoid.xml,def
GR_RemoveMuffaloSkinImplant.description,Remove muffalo skin implant.,description,RecipeDef/Recipes_Surgery_Implants_Humanoid.xml,def
GR_RemoveMuffaloSkinImplant.jobString,Removing muffalo skin implant.,jobString,RecipeDef/Recipes_Surgery_Implants_Humanoid.xml,def
GR_InstallBoomalopeNodules.label,<color=#E89D1B>install boomalope nodules</color>,label,RecipeDef/Recipes_Surgery_Implants_Humanoid.xml,def
GR_InstallBoomalopeNodules.description,Installs boomalope nodules.,description,RecipeDef/Recipes_Surgery_Implants_Humanoid.xml,def
GR_InstallBoomalopeNodules.jobString,Installing boomalope nodules.,jobString,RecipeDef/Recipes_Surgery_Implants_Humanoid.xml,def
GR_RemoveBoomalopeNodulesImplant.label,remove boomalope nodules implant,label,RecipeDef/Recipes_Surgery_Implants_Humanoid.xml,def
GR_RemoveBoomalopeNodulesImplant.description,Remove boomalope nodules implant.,description,RecipeDef/Recipes_Surgery_Implants_Humanoid.xml,def
GR_RemoveBoomalopeNodulesImplant.jobString,Removing boomalope nodules implant.,jobString,RecipeDef/Recipes_Surgery_Implants_Humanoid.xml,def
GR_InstallChemfuelStomach.label,<color=#E89D1B>install chemfuel stomach</color>,label,RecipeDef/Recipes_Surgery_Implants_Humanoid.xml,def
GR_InstallChemfuelStomach.description,Installs chemfuel stomach.,description,RecipeDef/Recipes_Surgery_Implants_Humanoid.xml,def
GR_InstallChemfuelStomach.jobString,Installing chemfuel stomach.,jobString,RecipeDef/Recipes_Surgery_Implants_Humanoid.xml,def
GR_InstallChemfuelHeart.label,<color=#E89D1B>install chemfuel heart</color>,label,RecipeDef/Recipes_Surgery_Implants_Humanoid.xml,def
GR_InstallChemfuelHeart.description,Installs chemfuel heart.,description,RecipeDef/Recipes_Surgery_Implants_Humanoid.xml,def
GR_InstallChemfuelHeart.jobString,Installing chemfuel heart.,jobString,RecipeDef/Recipes_Surgery_Implants_Humanoid.xml,def
GR_InstallWolfMuscularFibers.label,<color=#E89D1B>install wolf muscular fibers</color>,label,RecipeDef/Recipes_Surgery_Implants_Humanoid.xml,def
GR_InstallWolfMuscularFibers.description,Installs wolf muscular fibers.,description,RecipeDef/Recipes_Surgery_Implants_Humanoid.xml,def
GR_InstallWolfMuscularFibers.jobString,Installing wolf muscular fibers.,jobString,RecipeDef/Recipes_Surgery_Implants_Humanoid.xml,def
GR_RemoveWolfMuscularFibersImplant.label,remove wolf muscular fibers implant,label,RecipeDef/Recipes_Surgery_Implants_Humanoid.xml,def
GR_RemoveWolfMuscularFibersImplant.description,Remove wolf muscular fibers implant.,description,RecipeDef/Recipes_Surgery_Implants_Humanoid.xml,def
GR_RemoveWolfMuscularFibersImplant.jobString,Removing wolf muscular fibers implant.,jobString,RecipeDef/Recipes_Surgery_Implants_Humanoid.xml,def
GR_InstallDevouringJaws.label,<color=#E89D1B>install devouring jaws</color>,label,RecipeDef/Recipes_Surgery_Implants_Humanoid.xml,def
GR_InstallDevouringJaws.description,Installs devouring jaws.,description,RecipeDef/Recipes_Surgery_Implants_Humanoid.xml,def
GR_InstallDevouringJaws.jobString,Installing devouring jaws.,jobString,RecipeDef/Recipes_Surgery_Implants_Humanoid.xml,def
GR_InstallNeuronReinforcement.label,<color=#E89D1B>install neuron reinforcement</color>,label,RecipeDef/Recipes_Surgery_Implants_Humanoid.xml,def
GR_InstallNeuronReinforcement.description,Installs neuron reinforcement.,description,RecipeDef/Recipes_Surgery_Implants_Humanoid.xml,def
GR_InstallNeuronReinforcement.jobString,Installing neuron reinforcement.,jobString,RecipeDef/Recipes_Surgery_Implants_Humanoid.xml,def
GR_RemoveNeuronReinforcementImplant.label,remove neuron reinforcement implant,label,RecipeDef/Recipes_Surgery_Implants_Humanoid.xml,def
GR_RemoveNeuronReinforcementImplant.description,Remove neuron reinforcement implant.,description,RecipeDef/Recipes_Surgery_Implants_Humanoid.xml,def
GR_RemoveNeuronReinforcementImplant.jobString,Removing neuron reinforcement implant.,jobString,RecipeDef/Recipes_Surgery_Implants_Humanoid.xml,def
GR_InstallMousePheromones.label,<color=#E89D1B>install mouse pheromones</color>,label,RecipeDef/Recipes_Surgery_Implants_Humanoid.xml,def
GR_InstallMousePheromones.description,Installs mouse pheromones.,description,RecipeDef/Recipes_Surgery_Implants_Humanoid.xml,def
GR_InstallMousePheromones.jobString,Installing mouse pheromones.,jobString,RecipeDef/Recipes_Surgery_Implants_Humanoid.xml,def
GR_InstallMoleratNerveDampener.label,<color=#E89D1B>install mole-rat nerve dampener</color>,label,RecipeDef/Recipes_Surgery_Implants_Humanoid.xml,def
GR_InstallMoleratNerveDampener.description,Installs mole-rat nerve dampener.,description,RecipeDef/Recipes_Surgery_Implants_Humanoid.xml,def
GR_InstallMoleratNerveDampener.jobString,Installing mole-rat nerve dampener.,jobString,RecipeDef/Recipes_Surgery_Implants_Humanoid.xml,def
GR_InstallBunnyEars.label,<color=#E89D1B>install bunny ear</color>,label,RecipeDef/Recipes_Surgery_Implants_Humanoid.xml,def
GR_InstallBunnyEars.description,Installs bunny ear.,description,RecipeDef/Recipes_Surgery_Implants_Humanoid.xml,def
GR_InstallBunnyEars.jobString,Installing bunny ear.,jobString,RecipeDef/Recipes_Surgery_Implants_Humanoid.xml,def
GR_InstallCompoundEye.label,<color=#E89D1B>install compound eye</color>,label,RecipeDef/Recipes_Surgery_Implants_Humanoid.xml,def
GR_InstallCompoundEye.description,Installs compound eye.,description,RecipeDef/Recipes_Surgery_Implants_Humanoid.xml,def
GR_InstallCompoundEye.jobString,Installing compound eye.,jobString,RecipeDef/Recipes_Surgery_Implants_Humanoid.xml,def
GR_InstallCatEye.label,<color=#E89D1B>install cat eye</color>,label,RecipeDef/Recipes_Surgery_Implants_Humanoid.xml,def
GR_InstallCatEye.description,Installs cat eye.,description,RecipeDef/Recipes_Surgery_Implants_Humanoid.xml,def
GR_InstallCatEye.jobString,Installing cat eye.,jobString,RecipeDef/Recipes_Surgery_Implants_Humanoid.xml,def
GR_InstallInsectoidAntennae.label,<color=#E89D1B>install insectoid antennae</color>,label,RecipeDef/Recipes_Surgery_Implants_Humanoid.xml,def
GR_InstallInsectoidAntennae.description,Installs insectoid antennae.,description,RecipeDef/Recipes_Surgery_Implants_Humanoid.xml,def
GR_InstallInsectoidAntennae.jobString,Installing insectoid antennae.,jobString,RecipeDef/Recipes_Surgery_Implants_Humanoid.xml,def
GR_InstallPsychicDampeners.label,<color=#E89D1B>install psychic dampeners</color>,label,RecipeDef/Recipes_Surgery_Implants_Humanoid.xml,def
GR_InstallPsychicDampeners.description,Installs psychic dampeners.,description,RecipeDef/Recipes_Surgery_Implants_Humanoid.xml,def
GR_InstallPsychicDampeners.jobString,Installing psychic dampeners.,jobString,RecipeDef/Recipes_Surgery_Implants_Humanoid.xml,def
GR_RemovePsychicDampenersImplant.label,remove psychic dampeners implant,label,RecipeDef/Recipes_Surgery_Implants_Humanoid.xml,def
GR_RemovePsychicDampenersImplant.description,Remove psychic dampeners implant.,description,RecipeDef/Recipes_Surgery_Implants_Humanoid.xml,def
GR_RemovePsychicDampenersImplant.jobString,Removing psychic dampeners implant.,jobString,RecipeDef/Recipes_Surgery_Implants_Humanoid.xml,def
GR_InstallKidneyToxicFilters.label,<color=#E89D1B>install kidney toxic filters</color>,label,RecipeDef/Recipes_Surgery_Implants_Humanoid.xml,def
GR_InstallKidneyToxicFilters.description,Installs kidney toxic filters.,description,RecipeDef/Recipes_Surgery_Implants_Humanoid.xml,def
GR_InstallKidneyToxicFilters.jobString,Installing kidney toxic filters.,jobString,RecipeDef/Recipes_Surgery_Implants_Humanoid.xml,def
GR_InstallHumanThrumboHorn.label,<color=#E89D1B>install thrumbo horn</color>,label,RecipeDef/Recipes_Surgery_Implants_Humanoid.xml,def
GR_InstallHumanThrumboHorn.description,Installs thrumbo horn.,description,RecipeDef/Recipes_Surgery_Implants_Humanoid.xml,def
GR_InstallHumanThrumboHorn.jobString,Installing thrumbo horn.,jobString,RecipeDef/Recipes_Surgery_Implants_Humanoid.xml,def
GR_InstallThrumboSkin.label,<color=#E89D1B>install thrumbo skin</color>,label,RecipeDef/Recipes_Surgery_Implants_Humanoid.xml,def
GR_InstallThrumboSkin.description,Installs thrumbo skin.,description,RecipeDef/Recipes_Surgery_Implants_Humanoid.xml,def
GR_InstallThrumboSkin.jobString,Installing thrumbo skin.,jobString,RecipeDef/Recipes_Surgery_Implants_Humanoid.xml,def
GR_RemoveThrumboSkinImplant.label,remove thrumbo skin implant,label,RecipeDef/Recipes_Surgery_Implants_Humanoid.xml,def
GR_RemoveThrumboSkinImplant.description,Remove thrumbo skin implant.,description,RecipeDef/Recipes_Surgery_Implants_Humanoid.xml,def
GR_RemoveThrumboSkinImplant.jobString,Removing thrumbo skin implant.,jobString,RecipeDef/Recipes_Surgery_Implants_Humanoid.xml,def
GR_InstallVenomousFangs.label,<color=#E89D1B>install venomous fangs</color>,label,RecipeDef/Recipes_Surgery_Implants_Humanoid.xml,def
GR_InstallVenomousFangs.description,Installs venomous fangs.,description,RecipeDef/Recipes_Surgery_Implants_Humanoid.xml,def
GR_InstallVenomousFangs.jobString,Installing venomous fangs.,jobString,RecipeDef/Recipes_Surgery_Implants_Humanoid.xml,def
GR_RemoveVenomousFangsImplant.label,remove venomous fangs implant,label,RecipeDef/Recipes_Surgery_Implants_Humanoid.xml,def
GR_RemoveVenomousFangsImplant.description,Remove venomous fangs implant.,description,RecipeDef/Recipes_Surgery_Implants_Humanoid.xml,def
GR_RemoveVenomousFangsImplant.jobString,Removing venomous fangs implant.,jobString,RecipeDef/Recipes_Surgery_Implants_Humanoid.xml,def
GR_InstallIguanaScales.label,<color=#E89D1B>install iguana scales</color>,label,RecipeDef/Recipes_Surgery_Implants_Humanoid.xml,def
GR_InstallIguanaScales.description,Installs iguana scales.,description,RecipeDef/Recipes_Surgery_Implants_Humanoid.xml,def
GR_InstallIguanaScales.jobString,Installing iguana scales.,jobString,RecipeDef/Recipes_Surgery_Implants_Humanoid.xml,def
GR_RemoveIguanaScalesImplant.label,remove iguana scales implant,label,RecipeDef/Recipes_Surgery_Implants_Humanoid.xml,def
GR_RemoveIguanaScalesImplant.description,Remove iguana scales implant.,description,RecipeDef/Recipes_Surgery_Implants_Humanoid.xml,def
GR_RemoveIguanaScalesImplant.jobString,Removing iguana scales implant.,jobString,RecipeDef/Recipes_Surgery_Implants_Humanoid.xml,def
GR_GeneticAlteration.label,genetic alteration,label,ResearchProjectDef/ResearchGenetic.xml,def
GR_GeneticAlteration.description,Craft the Tissue Grinder and Genome Extractor Table to create genoframes and genomes respectively.,description,ResearchProjectDef/ResearchGenetic.xml,def
GR_GeneticAlteration.generalRules.rulesStrings.0,subject->unveiling genetic fabrics,li,ResearchProjectDef/ResearchGenetic.xml,def
GR_GeneticAlteration.generalRules.rulesStrings.1,"subject_story->embarked on the journey to manipulate the very blueprint of life, crafting tools to unravel and reweave genetic threads",li,ResearchProjectDef/ResearchGenetic.xml,def
GR_GeneticAlteration.generalRules.rulesStrings.2,"subject_story->created the Tissue Grinder and Genome Extractor Table, key instruments in the quest to understand and harness genetic potential",li,ResearchProjectDef/ResearchGenetic.xml,def
GR_GeneticAlteration.generalRules.rulesStrings.3,subject_gerund->laying the groundwork for a future where biology meets creativity,li,ResearchProjectDef/ResearchGenetic.xml,def
GR_GeneticEngineering.label,genetic creation,label,ResearchProjectDef/ResearchGenetic.xml,def
GR_GeneticEngineering.description,"Create new hybrids with the Genomorpher, gestate them in an Electrowomb and create boosters at the Genetics Tinkering Table.",description,ResearchProjectDef/ResearchGenetic.xml,def
GR_GeneticEngineering.generalRules.rulesStrings.0,subject->the architects of life,li,ResearchProjectDef/ResearchGenetic.xml,def
GR_GeneticEngineering.generalRules.rulesStrings.1,"subject_story->transcended traditional breeding, employing the Genomorpher to forge new forms of life",li,ResearchProjectDef/ResearchGenetic.xml,def
GR_GeneticEngineering.generalRules.rulesStrings.2,"subject_story->ushered in the age of the Electrowomb, where gestation becomes a process guided by precision and intent",li,ResearchProjectDef/ResearchGenetic.xml,def
GR_GeneticEngineering.generalRules.rulesStrings.3,subject_gerund->sculpting the living world with visionary hands,li,ResearchProjectDef/ResearchGenetic.xml,def
GR_GeneticDuplication.label,genetic duplication,label,ResearchProjectDef/ResearchGenetic.xml,def
GR_GeneticDuplication.description,Manufacture Template Genomes through the Genome Recombinator and duplicate existing Genomes.,description,ResearchProjectDef/ResearchGenetic.xml,def
GR_GeneticDuplication.generalRules.rulesStrings.0,subject->mirroring life,li,ResearchProjectDef/ResearchGenetic.xml,def
GR_GeneticDuplication.generalRules.rulesStrings.1,"subject_story->mastered the art of genomic replication, ensuring valuable genetic traits can be preserved and replicated",li,ResearchProjectDef/ResearchGenetic.xml,def
GR_GeneticDuplication.generalRules.rulesStrings.2,"subject_story->innovated with the Genome Recombinator, a breakthrough in the efficient duplication of genetic material",li,ResearchProjectDef/ResearchGenetic.xml,def
GR_GeneticDuplication.generalRules.rulesStrings.3,subject_gerund->duplicating the essence of life for prosperity and progress,li,ResearchProjectDef/ResearchGenetic.xml,def
GR_HybridImplantology.label,genetic augmentation,label,ResearchProjectDef/ResearchGenetic.xml,def
GR_HybridImplantology.description,Grow bio-engineered implants for hybrids and animals alike on the Implant augmentator.,description,ResearchProjectDef/ResearchGenetic.xml,def
GR_HybridImplantology.generalRules.rulesStrings.0,subject->fusing flesh and innovation,li,ResearchProjectDef/ResearchGenetic.xml,def
GR_HybridImplantology.generalRules.rulesStrings.1,"subject_story->pioneered the growth of bio-engineered implants, merging organic life with enhancements",li,ResearchProjectDef/ResearchGenetic.xml,def
GR_HybridImplantology.generalRules.rulesStrings.2,"subject_story->explored the possibilities of augmentation, not just for survival but for the evolution of abilities",li,ResearchProjectDef/ResearchGenetic.xml,def
GR_HybridImplantology.generalRules.rulesStrings.3,subject_gerund->cultivating the next step in organismal advancement,li,ResearchProjectDef/ResearchGenetic.xml,def
GR_GeneticCompatibility.label,genetic compatibility,label,ResearchProjectDef/ResearchGenetic.xml,def
GR_GeneticCompatibility.description,Grow bio-engineered implants for humans on the Implant augmentator.,description,ResearchProjectDef/ResearchGenetic.xml,def
GR_GeneticCompatibility.generalRules.rulesStrings.0,subject->bridging genomes,li,ResearchProjectDef/ResearchGenetic.xml,def
GR_GeneticCompatibility.generalRules.rulesStrings.1,"subject_story->extended the boundaries of bio-engineering to humans, ensuring compatibility between their biology and the myriad forms of life",li,ResearchProjectDef/ResearchGenetic.xml,def
GR_GeneticCompatibility.generalRules.rulesStrings.2,"subject_story->focused on the harmony of existence, where human potential can be expanded through genetic synergy",li,ResearchProjectDef/ResearchGenetic.xml,def
GR_GeneticCompatibility.generalRules.rulesStrings.3,subject_gerund->harmonizing human essence with the genetic chorus of the cosmos,li,ResearchProjectDef/ResearchGenetic.xml,def
GR_GeneticMechahybridization.label,genetic mechahybridization,label,ResearchProjectDef/ResearchGenetic.xml,def
GR_GeneticMechahybridization.description,"Create Biomechanical Lab beacons to find mechahybridizers, and construct mechahybrid antennas to support more mechanoid hybrids.",description,ResearchProjectDef/ResearchGenetic.xml,def
GR_GeneticMechahybridization.generalRules.rulesStrings.0,subject->the synthesis of organic and machine,li,ResearchProjectDef/ResearchGenetic.xml,def
GR_GeneticMechahybridization.generalRules.rulesStrings.1,"subject_story->ventured into uncharted territories, blending organic life with mechanoid essence to birth new forms of existence",li,ResearchProjectDef/ResearchGenetic.xml,def
GR_GeneticMechahybridization.generalRules.rulesStrings.2,"subject_story->established the Biomechanical Lab, a beacon for those who dare to redefine life's boundaries",li,ResearchProjectDef/ResearchGenetic.xml,def
GR_GeneticMechahybridization.generalRules.rulesStrings.3,subject_gerund->forging the future with strands of DNA and circuits entwined,li,ResearchProjectDef/ResearchGenetic.xml,def
GR_GeneticReseach.label,Genetic Research,label,ResearchTabDef/ResearchTabs.xml,def
GR_GenLab.label,genetic laboratory,label,RoomRoleDef/RoomRoles.xml,def
GR_AllowUnextracted.label,allow unextracted,label,SpecialThingFilterDef/SpecialThingFilters.xml,def
GR_AllowUnextracted.description,Allow corpses that haven't had their genomes extracted by a genome excavator.,description,SpecialThingFilterDef/SpecialThingFilters.xml,def
GR_AllowExtracted.label,allow extracted,label,SpecialThingFilterDef/SpecialThingFilters.xml,def
GR_AllowExtracted.description,Allow corpses that have had their genomes extracted by a genome excavator.,description,SpecialThingFilterDef/SpecialThingFilters.xml,def
GR_ManhunterMonstrosities.label,roaming monstrosities,label,IncidentDef/Incidents_Map_Threats.xml,def
GR_Transcended.label,participated in archotech awakening,label,TaleDef/Tales_Event.xml,def
GR_Transcended.rulePack.rulesStrings.0,tale_noun->[PAWN_nameDef] participating in the archotech awakening,li,TaleDef/Tales_Event.xml,def
GR_Transcended.rulePack.rulesStrings.1,image->[PAWN_nameFull] toggling on the archotech AI [circumstance_group],li,TaleDef/Tales_Event.xml,def
GR_Transcended.rulePack.rulesStrings.2,image->[PAWN_nameFull] trembling in fear of the archotech AI [circumstance_group],li,TaleDef/Tales_Event.xml,def
GR_Transcended.rulePack.rulesStrings.3,image->[PAWN_nameFull] looking with unease at the archotech AI [circumstance_group],li,TaleDef/Tales_Event.xml,def
GR_Transcended.rulePack.rulesStrings.4,image->[PAWN_nameFull] checking the integrity of the archotech project [circumstance_group],li,TaleDef/Tales_Event.xml,def
GR_Transcended.rulePack.rulesStrings.5,circumstance_phrase->in front of a [TerrainFeature],li,TaleDef/Tales_Event.xml,def
GR_Transcended.rulePack.rulesStrings.6,circumstance_phrase->with incredible intelligence,li,TaleDef/Tales_Event.xml,def
GR_Transcended.rulePack.rulesStrings.7,circumstance_phrase->in a lab coat,li,TaleDef/Tales_Event.xml,def
GR_Transcended.rulePack.rulesStrings.8,circumstance_phrase->with electricity coiling dramatically,li,TaleDef/Tales_Event.xml,def
GR_Transcended.rulePack.rulesStrings.9,circumstance_phrase->cackling madly,li,TaleDef/Tales_Event.xml,def
GR_Transcended.rulePack.rulesStrings.10,desc_sentence->[PAWN_pronoun] is concentrating intently on the controls.,li,TaleDef/Tales_Event.xml,def
GR_Transcended.rulePack.rulesStrings.11,desc_sentence->[PAWN_pronoun] has [PAWN_possessive] eyes slanted and looks confident.,li,TaleDef/Tales_Event.xml,def
GR_Transcended.rulePack.rulesStrings.12,"desc_sentence->[PAWN_pronoun] is fidgeting, [PAWN_possessive] eyes open wide.",li,TaleDef/Tales_Event.xml,def
GR_Transcended.rulePack.rulesStrings.13,desc_sentence->[PAWN_pronoun] is smiling with grim joy.,li,TaleDef/Tales_Event.xml,def
GR_Transcended.rulePack.rulesStrings.14,desc_sentence->[PAWN_pronoun] seems to be fully in control of the situation (but reaaaally isn't).,li,TaleDef/Tales_Event.xml,def
GR_Transcended.rulePack.rulesStrings.15,desc_sentence->There is a trace of ozone in the air.,li,TaleDef/Tales_Event.xml,def
GR_Transcended.rulePack.rulesStrings.16,"desc_sentence->A nearby [Animal] is looking up, startled.",li,TaleDef/Tales_Event.xml,def
GR_Transcended.rulePack.rulesStrings.17,desc_sentence->A [Animal] is fleeing the lab in fear.,li,TaleDef/Tales_Event.xml,def
GR_Transcended.rulePack.rulesStrings.18,desc_sentence->There is a [TerrainFeature] in the background.,li,TaleDef/Tales_Event.xml,def
GR_Transcended.rulePack.rulesStrings.19,"desc_sentence->A [PersonJob] watches silently from afar, fearing for his future.",li,TaleDef/Tales_Event.xml,def
GR_CrackedConcrete.label,cracked concrete,label,TerrainDef/Terrain_Floors.xml,def
GR_CrackedConcrete.description,Rough concrete. Broken due to lack of maintenance.,description,TerrainDef/Terrain_Floors.xml,def
GR_PavedTile.label,rusted laboratory tile,label,TerrainDef/Terrain_Floors.xml,def
GR_PavedTile.description,Rusted metallic tiles.,description,TerrainDef/Terrain_Floors.xml,def
GR_PavedTileClean.label,laboratory tile,label,TerrainDef/Terrain_Floors.xml,def
GR_PavedTileClean.description,Clean metallic tiles.,description,TerrainDef/Terrain_Floors.xml,def
GR_WhiteTile.label,white laboratory tile,label,TerrainDef/Terrain_Floors.xml,def
GR_WhiteTile.description,White clean tiles.,description,TerrainDef/Terrain_Floors.xml,def
GR_MechTile.label,mech laboratory tile,label,TerrainDef/Terrain_Floors.xml,def
GR_MechTile.description,Mech lab tiles.,description,TerrainDef/Terrain_Floors.xml,def
GR_RustedMechTile.label,rusted mech laboratory tile,label,TerrainDef/Terrain_Floors.xml,def
GR_RustedMechTile.description,Rusted mech lab tiles.,description,TerrainDef/Terrain_Floors.xml,def
GR_GeneticMaterial.label,genetic materials,label,ThingCategoryDef/ThingCategories.xml,def
GR_GeneticMaterialTierOne.label,genetic materials (tier 1),label,ThingCategoryDef/ThingCategories.xml,def
GR_GeneticMaterialTierTwoOrThree.label,genetic materials (tiers 2 and 3),label,ThingCategoryDef/ThingCategories.xml,def
GR_GenomeExcavators.label,genome excavators,label,ThingCategoryDef/ThingCategories.xml,def
GR_Incubators.label,growth cells,label,ThingCategoryDef/ThingCategories.xml,def
GR_Genoframes.label,genoframes,label,ThingCategoryDef/ThingCategories.xml,def
GR_Boosters.label,boosters,label,ThingCategoryDef/ThingCategories.xml,def
GR_Corpses.label,hybrid and paragon corpses,label,ThingCategoryDef/ThingCategories.xml,def
GR_HumanoidCorpses.label,humanoid hybrid corpses,label,ThingCategoryDef/ThingCategories.xml,def
GR_ImplantCategory.label,hybrid implants,label,ThingCategoryDef/ThingCategories.xml,def
GR_HugeBearCatRug.label,huge bearcat rug,label,ThingDef/Buildings_Art.xml,def
GR_HugeBearCatRug.description,A bearcat pelt rug. This thing seems to be quite more exotic than other pelt rugs!,description,ThingDef/Buildings_Art.xml,def
GR_HugeBearRug.label,huge bear rug,label,ThingDef/Buildings_Art.xml,def
GR_HugeBearRug.description,A bear pelt rug. Taxidermy seems to be in vogue on the Rim!,description,ThingDef/Buildings_Art.xml,def
GR_WolfRug.label,wolf rug,label,ThingDef/Buildings_Art.xml,def
GR_WolfRug.description,A wolf pelt rug. Taxidermy seems to be in vogue on the Rim!,description,ThingDef/Buildings_Art.xml,def
GR_MuffaloRug.label,muffalo pelt rug,label,ThingDef/Buildings_Art.xml,def
GR_MuffaloRug.description,A muffalo pelt rug. Taxidermy seems to be in vogue on the Rim!,description,ThingDef/Buildings_Art.xml,def
GR_DNAStorageBank.label,DNA storage bank,label,ThingDef/Buildings_Endgame.xml,def
GR_DNAStorageBank.description,"A vital piece of archotechnology that is part of the process in creating an Archocentipede.\n\nThis machine is able to extract genetic material from live hybrids and stores it for later use, preventing deterioration. Depending on the base Genoframe, the amount of viable genetic material extracted will vary.\n\nEach storage bank can only store the genetic material from a single animal branch, such as ursine or feline. Inserting a hybrid into the database yields half as much valuable data compared to a paragon. DNA storage banks need to be in line of sight of the archocentipede former to connect to it properly.\n\nDetailed yields for paragons (half for hybrids):\n\nAwful quality: yields 1%\nPoor quality: yields 3%\nNormal quality: yields 6%\nGood quality: yields 12%\nExcellent quality: yields 25%\nMasterwork quality: yields 50%\nLegendary quality: yields 100%",description,ThingDef/Buildings_Endgame.xml,def
GR_ArchocentipedeFormer.label,archocentipede former,label,ThingDef/Buildings_Endgame.xml,def
GR_ArchocentipedeFormer.description,"The archotech version of the Genomorpher, this machine combines the best genetic material of all the animal branches into a single Archocentipede Growthcell. The way it functions is beyond understanding and is impossible to replicate even with the best glitterworld technology.\n\nIn order for this machine to function, it requires multiple connecting DNA Storage Banks which each have the complete genetic data from the different animal branches. Each storage bank will be completely drained in order to ensure that the resulting Growthcell is perfect in every single way.\n\nThe resulting Archocentipede Growthcell requires its own special Archowomb, as it is impossible to replicate the necessary nurturing environment.\n\nGenomes needed:",description,ThingDef/Buildings_Endgame.xml,def
GR_ArchoWomb.label,archowomb,label,ThingDef/Buildings_Endgame.xml,def
GR_ArchoWomb.description,"A relatively massive machine designed to simulate the environment of a mother’s womb specifically for the Archocentipede. Once the Growthcell has been inserted, the embryo can start growing all the way to its adult life stage before being released.\n\nCare should be taken before beginning the process, as the resulting energy signature will force any and all hostiles to attack the colony before the monstrosity can be born. The procedure will last 15 days and once finished, the creature will be under the player’s control with peerless combat prowess.",description,ThingDef/Buildings_Endgame.xml,def
GR_AncientCryofreezer.label,ancient cryofreezer,label,ThingDef/Buildings_Junk.xml,def
GR_AncientCryofreezer.description,"A super-charged air-conditioning unit designed for its intended purpose of preventing genomes from breaking down entropically. Unfortunately, that temperature is also beyond the comfort range of almost all organic life but it can no longer maintain the desired output of approaching absolute zero.",description,ThingDef/Buildings_Junk.xml,def
GR_AncientElectrowomb.label,ancient electrowomb,label,ThingDef/Buildings_Junk.xml,def
GR_AncientElectrowomb.description,"This device has collapsed in on itself, rendering it useless.",description,ThingDef/Buildings_Junk.xml,def
GR_AncientElectrowombSpawner.label,ancient electrowomb,label,ThingDef/Buildings_Junk.xml,def
GR_AncientElectrowombSpawner.description,"This device has collapsed in on itself, rendering it useless.",description,ThingDef/Buildings_Junk.xml,def
GR_AncientElectrowombLarge.label,ancient large electrowomb,label,ThingDef/Buildings_Junk.xml,def
GR_AncientElectrowombLarge.description,"The exterior shell has completely fallen apart, yet it seems that it exploded instead of imploded.",description,ThingDef/Buildings_Junk.xml,def
GR_AncientGenomeRecombinator.label,ancient genome recombinator,label,ThingDef/Buildings_Junk.xml,def
GR_AncientGenomeRecombinator.description,A very old recombinator that somehow possesses an awful stench and excessive mould.,description,ThingDef/Buildings_Junk.xml,def
GR_AncientGenomorpher.label,ancient genomorpher,label,ThingDef/Buildings_Junk.xml,def
GR_AncientGenomorpher.description,"A Genomorpher that has fallen into complete disrepair, some salvage still remains.",description,ThingDef/Buildings_Junk.xml,def
GR_AncientGenomeExtractor.label,ancient genome extractor table,label,ThingDef/Buildings_Junk.xml,def
GR_AncientGenomeExtractor.description,"Lacking proper maintenance for so long, this machine is rusted shut.",description,ThingDef/Buildings_Junk.xml,def
GR_AncientGeneticsTinkeringTable.label,ancient genetics tinkering table,label,ThingDef/Buildings_Junk.xml,def
GR_AncientGeneticsTinkeringTable.description,"Most of the useful and otherwise functional parts are missing, indicating intentional sabotage.",description,ThingDef/Buildings_Junk.xml,def
GR_AncientTissueGrinder.label,ancient tissue grinder,label,ThingDef/Buildings_Junk.xml,def
GR_AncientTissueGrinder.description,The machinery and electronics are irreparable but could be broken down for scrap.,description,ThingDef/Buildings_Junk.xml,def
GR_RuinedAncientBioBattery.label,ancient ruined bio-battery tank,label,ThingDef/Buildings_Junk.xml,def
GR_RuinedAncientBioBattery.description,This ancient tank once converted biological matter into an electrical current. It is now completely broken and useless.,description,ThingDef/Buildings_Junk.xml,def
GR_RuinedAncientGeneTailoringPod.label,ancient ruined gene-tailoring pod,label,ThingDef/Buildings_Junk.xml,def
GR_RuinedAncientGeneTailoringPod.description,This ancient structure was once used to inject nanomachines in a subject in an attempt to create the perfect soldier. It now lies rusted and unsalvageable.,description,ThingDef/Buildings_Junk.xml,def
GR_AncientBioBattery.label,ancient microbiobattery,label,ThingDef/Buildings_Junk.xml,def
GR_AncientBioBattery.description,"A very efficient battery that has somehow managed to survive for so long without maintenance, purpose-built to power genome storage rooms.",description,ThingDef/Buildings_Junk.xml,def
GR_RuinedGenePod.label,ancient ruined genepod,label,ThingDef/Buildings_Junk.xml,def
GR_RuinedGenePod.description,An ancient genepod that was used to combine genetic material. This machine is obsolete and damaged beyond repair.,description,ThingDef/Buildings_Junk.xml,def
GR_RuinedAnimalControlHub.label,ancient animal control hub,label,ThingDef/Buildings_Junk.xml,def
GR_RuinedAnimalControlHub.description,"It seems that this structure was capable of emitting some kind of electromagnetic radiation used to control brain function of certain animals. This was crude and primitive technology prone to failure and instability, and as such it is completely useless now.",description,ThingDef/Buildings_Junk.xml,def
GR_RuinedAnimalEnrichmentCenter.label,ancient animal enrichment center,label,ThingDef/Buildings_Junk.xml,def
GR_RuinedAnimalEnrichmentCenter.description,"Whatever was held inside this dank, rusted metal coffin has long since escaped. It is damaged beyond all repair.",description,ThingDef/Buildings_Junk.xml,def
GR_RuinedArchotechPlatform.label,ancient construction platform,label,ThingDef/Buildings_Junk.xml,def
GR_RuinedArchotechPlatform.description,This deteriorated platform seems to have been used to assemble some kind of machinery. It now lays bare and empty.,description,ThingDef/Buildings_Junk.xml,def
GR_RuinedGeneDuplicator.label,ancient gene duplicator,label,ThingDef/Buildings_Junk.xml,def
GR_RuinedGeneDuplicator.description,"This semi-spherical vat seems to have held some kind of viscuous liquid inside, as evidenced by the rancid-smelling residue coating its insides. It is now completely ruined and only useful as metal scrap.",description,ThingDef/Buildings_Junk.xml,def
GR_RuinedGeneRecombinator.label,ancient gene recombinator,label,ThingDef/Buildings_Junk.xml,def
GR_RuinedGeneRecombinator.description,"A completely obsolete model of gene recombinator, that is also deteriorated and rusted beyond and salvaging.",description,ThingDef/Buildings_Junk.xml,def
GR_RuinedGeneticDatabase.label,ancient genetic database,label,ThingDef/Buildings_Junk.xml,def
GR_RuinedGeneticDatabase.description,"This ancient computer was used to storage genetic information and feed genetic dataprints to other machines, but its components have deteriorated so far that all the data it contained has degraded to nothingness.",description,ThingDef/Buildings_Junk.xml,def
GR_RuinedGeneticExtractionTable.label,ancient genetic extraction table,label,ThingDef/Buildings_Junk.xml,def
GR_RuinedGeneticExtractionTable.description,Yet another workstation that has deteriorated beyond all recovery. A foul-smelling vial of stagnant liquid warns you to keep away from it.,description,ThingDef/Buildings_Junk.xml,def
GR_RuinedGeneticStorage.label,ancient genetic storage,label,ThingDef/Buildings_Junk.xml,def
GR_RuinedGeneticStorage.description,"This little wheeled table housed a small specialized computer and refrigerated trays to store genetic material, but it is now so damaged it can only be used as scrap.",description,ThingDef/Buildings_Junk.xml,def
GR_RuinedGenomeSequencer.label,ancient genome sequencer,label,ThingDef/Buildings_Junk.xml,def
GR_RuinedGenomeSequencer.description,A large centrifuge used in gene sequencing. Its corroded parts will never be of use to anyone again.,description,ThingDef/Buildings_Junk.xml,def
GR_RuinedHexagelPlant.label,ancient hexagel core reactor,label,ThingDef/Buildings_Junk.xml,def
GR_RuinedHexagelPlant.description,A derelict bio-energy power plant.,description,ThingDef/Buildings_Junk.xml,def
GR_RuinedIncubator.label,ancient ruined incubator,label,ThingDef/Buildings_Junk.xml,def
GR_RuinedIncubator.description,This small canister has been smashed to pieces and whatever it contained has long evaporated.,description,ThingDef/Buildings_Junk.xml,def
GR_RuinedLabBarrel.label,ancient ruined lab barrel,label,ThingDef/Buildings_Junk.xml,def
GR_RuinedLabBarrel.description,Whatever this barrel held has long ago evaporated.,description,ThingDef/Buildings_Junk.xml,def
GR_Rack.label,ancient server rack,label,ThingDef/Buildings_Junk.xml,def
GR_Rack.description,"This server rack once housed a lot of genetic information, but all its data has now degraded completely.",description,ThingDef/Buildings_Junk.xml,def
GR_CommsTable.label,ancient comms table,label,ThingDef/Buildings_Junk.xml,def
GR_CommsTable.description,This was once a smart table. But now it's dumb.,description,ThingDef/Buildings_Junk.xml,def
GR_LooseCables.label,loose cables,label,ThingDef/Buildings_Junk.xml,def
GR_LooseCables.description,This tangle of decayed cables were probably once housed inside the ceiling panels.,description,ThingDef/Buildings_Junk.xml,def
GR_AncientCrate.label,ancient ruined crate,label,ThingDef/Buildings_Junk.xml,def
GR_AncientCrate.description,Whatever this crate contained has long ago rotted and turned to dust.,description,ThingDef/Buildings_Junk.xml,def
GR_AncientCrateDouble.label,ancient ruined crate,label,ThingDef/Buildings_Junk.xml,def
GR_AncientCrateDouble.description,Whatever this crate contained has long ago rotted and turned to dust.,description,ThingDef/Buildings_Junk.xml,def
GR_AncientCratePile.label,pile of ancient ruined crates,label,ThingDef/Buildings_Junk.xml,def
GR_AncientCratePile.description,Whatever these crates contained has long ago rotted and turned to dust.,description,ThingDef/Buildings_Junk.xml,def
GR_AncientTechCrate.label,ancient mechanized crate,label,ThingDef/Buildings_Junk.xml,def
GR_AncientTechCrate.description,Whatever this crate contained has long ago rotted and turned to dust.,description,ThingDef/Buildings_Junk.xml,def
GR_RuinedBarrelDouble.label,ancient ruined lab barrels,label,ThingDef/Buildings_Junk.xml,def
GR_RuinedBarrelDouble.description,Whatever this barrel held has long ago evaporated.,description,ThingDef/Buildings_Junk.xml,def
GR_RuinedVials.label,ancient ruined vials,label,ThingDef/Buildings_Junk.xml,def
GR_RuinedVials.description,Small canisters that once held some valuable liquids.,description,ThingDef/Buildings_Junk.xml,def
GR_RuinedLabShelf.label,ancient lab shelf,label,ThingDef/Buildings_Junk.xml,def
GR_RuinedLabShelf.description,Rusted shelving units coated in grime and dust.,description,ThingDef/Buildings_Junk.xml,def
GR_RuinedMechanoidTinkeringTable.label,ancient mechanoid tinkering table,label,ThingDef/Buildings_Junk.xml,def
GR_RuinedMechanoidTinkeringTable.description,"This workbench appears to have been used to try and reverse engineer mechanoid components, but it is damaged to the point of uselessness.",description,ThingDef/Buildings_Junk.xml,def
GR_RuinedMutaniteCentrifuge.label,ancient mutanite centrifuge,label,ThingDef/Buildings_Junk.xml,def
GR_RuinedMutaniteCentrifuge.description,"A machine used to process mutagenic minerals, now completely broken and unsalvageable.",description,ThingDef/Buildings_Junk.xml,def
GR_RuinedNutrientVat.label,ancient nutrient vat,label,ThingDef/Buildings_Junk.xml,def
GR_RuinedNutrientVat.description,A slurry of liquefied organic pulp filled this reinforced glass vat. It now lays broken and empty.,description,ThingDef/Buildings_Junk.xml,def
GR_RuinedPulper.label,ancient pulper,label,ThingDef/Buildings_Junk.xml,def
GR_RuinedPulper.description,A weird-looking machine that shredded wood into organic pulp. Broken beyond repair.,description,ThingDef/Buildings_Junk.xml,def
GR_RuinedPulpRecycler.label,ancient pulp recycler,label,ThingDef/Buildings_Junk.xml,def
GR_RuinedPulpRecycler.description,"An obsolete, ancient machine that recycled wood, corpses and bones into organic pulp. Broken beyond repair.",description,ThingDef/Buildings_Junk.xml,def
GR_RuinedRefrigeratedCoils.label,ancient refrigerated coils,label,ThingDef/Buildings_Junk.xml,def
GR_RuinedRefrigeratedCoils.description,These structural cryofuel coils have been completely ruined by time and neglect. They can no longer function.,description,ThingDef/Buildings_Junk.xml,def
GR_RuinedTissueGrowingVat.label,ancient tissue growing vat,label,ThingDef/Buildings_Junk.xml,def
GR_RuinedTissueGrowingVat.description,A metal sarcophagus used to grow bio-mechanic implants in a controlled manner. Its machinery has been gutted and has later decayed into rusted scrap.,description,ThingDef/Buildings_Junk.xml,def
GR_LabLockerBank.label,ancient lab locker bank,label,ThingDef/Buildings_Junk.xml,def
GR_LabLockerBank.description,"An ancient, rusted bank of lockers. All of the lockers have been forced open with nothing valuable left behind.",description,ThingDef/Buildings_Junk.xml,def
GR_MonitorBank.label,ancient monitor banks,label,ThingDef/Buildings_Junk.xml,def
GR_MonitorBank.description,These monitors will never show any information again.,description,ThingDef/Buildings_Junk.xml,def
GR_SignA.label,ancient sign,label,ThingDef/Buildings_Junk.xml,def
GR_SignA.description,A weathered sign advertising a company that has long been forgotten.,description,ThingDef/Buildings_Junk.xml,def
GR_SignB.label,ancient sign,label,ThingDef/Buildings_Junk.xml,def
GR_SignB.description,A weathered sign advertising a company that has long been forgotten.,description,ThingDef/Buildings_Junk.xml,def
GR_SignC.label,ancient sign,label,ThingDef/Buildings_Junk.xml,def
GR_SignC.description,A weathered sign advertising a company that has long been forgotten.,description,ThingDef/Buildings_Junk.xml,def
GR_SignD.label,ancient sign,label,ThingDef/Buildings_Junk.xml,def
GR_SignD.description,A weathered sign advertising a company that has long been forgotten.,description,ThingDef/Buildings_Junk.xml,def
GR_SignE.label,ancient sign,label,ThingDef/Buildings_Junk.xml,def
GR_SignE.description,A weathered sign advertising a company that has long been forgotten.,description,ThingDef/Buildings_Junk.xml,def
GR_SignF.label,ancient sign,label,ThingDef/Buildings_Junk.xml,def
GR_SignF.description,A weathered sign advertising a company that has long been forgotten.,description,ThingDef/Buildings_Junk.xml,def
GR_SignG.label,ancient sign,label,ThingDef/Buildings_Junk.xml,def
GR_SignG.description,A weathered sign advertising a company that has long been forgotten.,description,ThingDef/Buildings_Junk.xml,def
GR_SignH.label,ancient sign,label,ThingDef/Buildings_Junk.xml,def
GR_SignH.description,A weathered sign advertising a company that has long been forgotten.,description,ThingDef/Buildings_Junk.xml,def
GR_Toilet.label,ancient toilet,label,ThingDef/Buildings_Junk.xml,def
GR_Toilet.description,Drinking from this will give you more than just a few rads...,description,ThingDef/Buildings_Junk.xml,def
GR_Sink.label,ancient sink,label,ThingDef/Buildings_Junk.xml,def
GR_Sink.description,Drinking from this will give you more than just a few rads...,description,ThingDef/Buildings_Junk.xml,def
GR_SmallBioLight.label,ancient bioluminescent light,label,ThingDef/Buildings_Junk.xml,def
GR_SmallBioLight.description,A metallic capsule filled with some bioluminescent compound. This one seems to still be producing some faint light.,description,ThingDef/Buildings_Junk.xml,def
GR_BioLight.label,ancient bioluminescent light,label,ThingDef/Buildings_Junk.xml,def
GR_BioLight.description,A metallic capsule filled with some bioluminescent compound. This one seems to still be producing some faint light.,description,ThingDef/Buildings_Junk.xml,def
GR_RandomBooster.label,random booster,label,ThingDef/Buildings_Junk.xml,def
GR_RandomBooster.description,Spawn random booster.,description,ThingDef/Buildings_Junk.xml,def
GR_RandomExcavator.label,random excavator,label,ThingDef/Buildings_Junk.xml,def
GR_RandomExcavator.description,Spawn random excavator.,description,ThingDef/Buildings_Junk.xml,def
GR_RandomGenoframe.label,random genoframe,label,ThingDef/Buildings_Junk.xml,def
GR_RandomGenoframe.description,Spawn random genoframe.,description,ThingDef/Buildings_Junk.xml,def
GR_RandomGenome.label,random genome,label,ThingDef/Buildings_Junk.xml,def
GR_RandomGenome.description,Spawn random genome.,description,ThingDef/Buildings_Junk.xml,def
GR_Ruined_Mechahybridizer.label,ancient mechahybridizer,label,ThingDef/Buildings_Junk.xml,def
GR_Ruined_Mechahybridizer.description,The broken maws of this ancient factory will never be able to close again.,description,ThingDef/Buildings_Junk.xml,def
GR_Ruined_Mechahybrid_Antenna.label,ancient mechahybrid antenna,label,ThingDef/Buildings_Junk.xml,def
GR_Ruined_Mechahybrid_Antenna.description,A collapsed antenna that is completely unable of transmitting anything ever again.,description,ThingDef/Buildings_Junk.xml,def
GR_BiomechanicalLabBeacon.label,biomechanical lab beacon,label,ThingDef/Buildings_MechBuildings.xml,def
GR_BiomechanicalLabBeacon.description,"This strange stellated octahedron seems to house an assembly of complex computer chips. It appears to be self-powered, and a faint beeping noise emanates from its core. The radio waves it is constantly emitting are being decoded, but the process seems to have destabilized its power source, and it will blow up soon!",description,ThingDef/Buildings_MechBuildings.xml,def
GR_MechahybridAntenna.label,mechahybrid antenna,label,ThingDef/Buildings_MechBuildings.xml,def
GR_MechahybridAntenna.description,"A large broadcasting server that is specifically tuned to maintain the tameness of mechahybrids. Without this server, the self-replicating mechanites within the mechahybrids will eventually no longer be able to register friendlies as their IFF updates and branches, causing them to go manhunter.\n\n<color=#E5E54C>Gameplay effect:</color> It is important to note that a single antenna can only broadcast to a limited number of mechahybrids, specifically up to 5 of them regardless of their size or complexity. Any additionally mechahybrid present beyond the initial 5 will no longer receive updates and will eventually lose their ""tameness"". Part of the broadcast will reach nearby settlements and ruins, attracting maddened mechahybrids, so they will appear from the moment you have a mechahybrid antenna in the periodic roaming monstrosities raids.",description,ThingDef/Buildings_MechBuildings.xml,def
GR_Mechahybridizer.label,mechahybridizer,label,ThingDef/Buildings_MechBuildings.xml,def
GR_Mechahybridizer.description,"A massive factory designed to improve upon genetically perfect animals by adding doses of mechanites in a controlled fashion and influencing the process to ensure the it is a success and there is no rejection of foreign materials. Once the operation begins on a creature designated as ""paragon"", the factory closes with hermetic seals and broadcasts a recovery signal to the nearest orbital mechanoid hive.\n\nOriginally designed to be part of an automated mechanoid factory placed on animal worlds, the intent was to herd animals into the system, weaponize them, and send them off for their deployment. Due to the invasive nature of the mechanites, the creature absolutely had to lack junk genetic data lest the subject perish and waste materials. Later on, the lack of such paragons resulted in it being installed in facilities with genetic modification equipment on hand and external bypasses to reduce the waste material produced from summoning a retrieval team.\n\n<color=#E5E54C>Gameplay effect:</color> If there are no intact fuses around a mechahybridizer, a mechanoid raid will arrive via drop-pod in 6 hours if the mechahybridization process is attempted.",description,ThingDef/Buildings_MechBuildings.xml,def
GR_Mechafuse.label,mechafuse,label,ThingDef/Buildings_MechBuildings.xml,def
GR_Mechafuse.description,"This piece of technology is unusual in that its design isn’t linked to the original Mechahybridizer, having been developed later on while trying to emulate the system internals. This is due to the fact that the Mechahybridizer broadcasts a signal to a nearby orbital mechanoid hive to protect the process and then recover the potential resulting mechahybrid to be dispatched into assignments. However, this process is extremely expensive and often there would be enough recovery personnel on-site, so this device was developed to reduce costs.\n\nIn the event that the Mechahybridizer attempts to send a signal once it begins the operation, this device intercepts the signal before it can extend to a sufficient distance. Upon capture, the device self-destructs to fool the system that the signal has been received and a unit has been dispatched.\n\n<color=#E5E54C>Gameplay effect:</color> If there are no intact fuses around a mechahybridizer, a mechanoid raid will arrive via drop-pod in 6 hours if the mechahybridization process is attempted.",description,ThingDef/Buildings_MechBuildings.xml,def
GR_FleshGrowth_Building.label,flesh growth,label,ThingDef/Buildings_Natural.xml,def
GR_FleshGrowth_Building.description,"Something went terribly wrong. A huge and weird growth has spawned within the electrowomb, breaking it completely and spreading all around. This growth is a hatchery for small flies that can devour any living creature to the bone. It seems to be sensitive to daylight, but no one knows how far it can spread at night.",description,ThingDef/Buildings_Natural.xml,def
GR_GenePod.label,genomorpher,label,ThingDef/Buildings_Production.xml,def
GR_GenePod.description,"A machine where the miracle - or horror - of birth happens using automated procedures, a little genetic hand-waving and a great heaping dose of lost sleep. The inserted Genoframe is influenced by two genomes, one dominant and one recessive, and can be modified with optional boosters.\n\nThe process isn’t perfect, due to material contamination, missing chromosomes or simple bad luck, and can result in something completely unwanted being developed. For the machine, it makes no difference whether it’s trying to grow an animal or a comically large fruit. The resulting growth cell has a limited lifespan as the embryonic fluid will start breaking down if not allowed to gestate properly.\n\n<color=#E5E54C>Gameplay notes:</color> If the process to deliver ingredients to the genomorpher is interrupted, the ingredients that have already been inserted in it will deteriorate and be lost.",description,ThingDef/Buildings_Production.xml,def
GR_ElectroWomb.label,electrowomb,label,ThingDef/Buildings_Production.xml,def
GR_ElectroWomb.description,"A relatively small machine designed to simulate the environment of a mother’s womb. Once a Growthcell has been inserted, the embryo can start growing all the way to its adult life stage before being released. Provides limited growing room for specimens.\n\n<color=#E5E54C>Gameplay notes:</color> This electrowomb is very cheap to build, but will produce a failure if the inserted creature has a body size bigger than 1.",description,ThingDef/Buildings_Production.xml,def
GR_LargeElectroWomb.label,large electrowomb,label,ThingDef/Buildings_Production.xml,def
GR_LargeElectroWomb.description,"A larger machine designed to simulate the environment of a mother’s womb. Once a Growthcell has been inserted, the embryo can start growing all the way to its adult life stage before being released. Provides more growing room for larger specimens.",description,ThingDef/Buildings_Production.xml,def
GR_TissueGrinder.label,tissue grinder,label,ThingDef/Buildings_Production.xml,def
GR_TissueGrinder.description,"A workplace accident waiting to happen, the Tissue Grinder takes the corpses of animals and carefully rips and tears them to pieces in order to extract useful genetic data in the form of Genoframes. The hardware is also capable of combining two identical frames into a superior form by comparing and improving upon latent and inferior genetic material.\n\nWorkspeed is influenced by someone who actually knows what they’re looking for in order to skip some of the more routine tasks, and possibly shouldn’t be placed into the hands of someone with no concept of ethics, morality or conscience.\n\n<color=#E5E54C>Gameplay notes:</color> Bear in mind that the cost in corpses effectively doubles for each quality level, making a legendary genoframe prohibitive. The main usefulness of these recipes is to convert two genoframes of a given quality to a higher one, but your main source of genoframes shouldn't be hand crafting them. Go out there and explore abandoned labs!",description,ThingDef/Buildings_Production.xml,def
GR_GeneticsTinkeringTable.label,genetics tinkering table,label,ThingDef/Buildings_Production.xml,def
GR_GeneticsTinkeringTable.description,An advanced and specialized workbench capable of manufacturing medical-grade implants and mixing genetic boosters specifically tuned to Genomorphers. These include but aren’t limited to boosters that improve the safety or stability of hybrids and even micro-controllers that enable direct user-input.,description,ThingDef/Buildings_Production.xml,def
GR_GeneticExtractionTable.label,genome extractor table,label,ThingDef/Buildings_Production.xml,def
GR_GeneticExtractionTable.description,"A specialized extraction module that is equipped to extract the genomes from a subject’s corpse. The material is converted into a soupish-mixture which is then condensed into the relevant genome. Processing speed is influenced by intelligence, as it relies on knowing which button to press, when to press it and where to find it under the intimidating number of submenus.\n\n<color=#E5E54C>Gameplay effect:</color> The genome extractor table will only work for tier 1 genomes. For tier 2 (insectoids, reptiles, equines) and tier 3 (colossals) you will need genome excavators, built on the genetics tinkering table or found on abandoned labs.",description,ThingDef/Buildings_Production.xml,def
GR_GeneRecombinator.label,genome recombinator,label,ThingDef/Buildings_Production.xml,def
GR_GeneRecombinator.description,"A specialized extraction module that is equipped to extract the genomes from a subject’s corpse. The material is converted into a soupish-mixture which is then condensed into an extremely complex genome. Completely useless by itself, but functions as a template which can be compared to another genome. The procedure removes any excess genetic information and renders them completely identical.\n\nBear in mind that this machine cannot duplicate some genomes, such as colossal.",description,ThingDef/Buildings_Production.xml,def
GR_NutrientVat.label,nutrient vat,label,ThingDef/Buildings_Production.xml,def
GR_NutrientVat.description,"A slurry of liquefied organic pulp fills this reinforced glass vat. This solution is used by genetic experiments, and increases work speed when placed near a Vanilla Genetics Expanded workbench. One workbench can use to up to two nutrient vats.",description,ThingDef/Buildings_Production.xml,def
GR_TissueGrowingVat.label,implant augmentator,label,ThingDef/Buildings_Production.xml,def
GR_TissueGrowingVat.description,"This particular machine can be explained as a simplified and miniaturized version of a Genomorpher, using only a single genome which influences an inserted Genoframe. Instead of trying to create an entire animal, it instead creates very specific limbs or organs. Due to the vastly simplified process and minimal variables, no complications arise during the process and the resulting product is similarly influenced by the quality of the Genoframe.\n\nThe Implant Augmentator can be used to create implants for animals - not just hybrids - with the quality of Genoframe dictating the deficits or bonuses those implants provide. Not all implants are created equal, some being inferior replacements and others providing new capabilities provided the animal in question can support them. Human implants are also a possibility.",description,ThingDef/Buildings_Production.xml,def
GR_TrapIED_Boom.label,boom-pustule trap,label,ThingDef/Buildings_Security.xml,def
GR_TrapIED_Boom.description,An improvised explosive trap built out of... best if you don't think about it. Cannot be placed adjacent to other traps. Animals can sense these when calm. Less potent than regular high-explosive shell traps.,description,ThingDef/Buildings_Security.xml,def
GR_RustedWallA.label,rusted laboratory wall,label,ThingDef/Buildings_Structure.xml,def
GR_RustedWallA.description,An impassable wall. Capable of holding up a roof.,description,ThingDef/Buildings_Structure.xml,def
GR_RustedWallB.label,rusted laboratory wall,label,ThingDef/Buildings_Structure.xml,def
GR_RustedWallB.description,An impassable wall. Capable of holding up a roof.,description,ThingDef/Buildings_Structure.xml,def
GR_MechLabWall.label,mech laboratory wall,label,ThingDef/Buildings_Structure.xml,def
GR_MechLabWall.description,An impassable wall. Capable of holding up a roof.,description,ThingDef/Buildings_Structure.xml,def
GR_LabDoor.label,lab door,label,ThingDef/Buildings_Structure.xml,def
GR_LabDoor.description,"Divides rooms. Simple doors must be manually opened, which slows people down. The amount of slowdown depends on what the door is made of.",description,ThingDef/Buildings_Structure.xml,def
GR_BearLeg.label,animal Implant: bear leg,label,ThingDef/Items_BodyParts_Animals.xml,def
GR_BearLeg.description,"A prosthetic animal leg strengthened with bear muscles, and ending in sharp bear claws that add a powerful melee attack.",description,ThingDef/Items_BodyParts_Animals.xml,def
GR_LizardLeg.label,animal Implant: lizard leg,label,ThingDef/Items_BodyParts_Animals.xml,def
GR_LizardLeg.description,A bionic animal leg reinforced with tough lizard skin.,description,ThingDef/Items_BodyParts_Animals.xml,def
GR_ThrumboLeg.label,animal Implant: elephant leg,label,ThingDef/Items_BodyParts_Animals.xml,def
GR_ThrumboLeg.description,A bionic animal leg reinforced with muscle tissue from a powerful elephant.,description,ThingDef/Items_BodyParts_Animals.xml,def
GR_CatTail.label,animal Implant: cat tail,label,ThingDef/Items_BodyParts_Animals.xml,def
GR_CatTail.description,A tail implant that uses genetic splicing with feline genes to substitute a broken or missing tail. This implant is not meant to replace a healthy tail. Note that only creatures with a natural tail can use this.,description,ThingDef/Items_BodyParts_Animals.xml,def
GR_ScytherTail.label,animal Implant: scyther tail,label,ThingDef/Items_BodyParts_Animals.xml,def
GR_ScytherTail.description,A scyther tail created by attaching a jury-rigged scyther blade to an animal's tail. Note that only creatures with a natural tail can use this.,description,ThingDef/Items_BodyParts_Animals.xml,def
GR_MechaTail.label,animal Implant: reinforced tail,label,ThingDef/Items_BodyParts_Animals.xml,def
GR_MechaTail.description,"An advanced animal tail, even more powerful than a natural one. Note that only creatures with a natural tail can use this.",description,ThingDef/Items_BodyParts_Animals.xml,def
GR_CanidEye.label,animal Implant: canid eye,label,ThingDef/Items_BodyParts_Animals.xml,def
GR_CanidEye.description,An eye implant that uses genetic splicing with canid genes to give an old (or damaged) eye decent vision. This implant is not meant to replace healthy eyes.,description,ThingDef/Items_BodyParts_Animals.xml,def
GR_InsectileEye.label,animal Implant: insectile eye,label,ThingDef/Items_BodyParts_Animals.xml,def
GR_InsectileEye.description,"A bionic implant which gives the creature compound insectile eyes. Compared with simple eyes, compound eyes possess a very large view angle, and can detect fast movement.",description,ThingDef/Items_BodyParts_Animals.xml,def
GR_ThrumboEye.label,animal Implant: bionic thrumbo eye,label,ThingDef/Items_BodyParts_Animals.xml,def
GR_ThrumboEye.description,A bionic eye reinforced with specialized photoreceptors from a powerful thrumbo.,description,ThingDef/Items_BodyParts_Animals.xml,def
GR_RodentEar.label,animal Implant: rodent ear,label,ThingDef/Items_BodyParts_Animals.xml,def
GR_RodentEar.description,An ear implant that uses genetic splicing with rodent genes to give an old (or damaged) ear decent hearing. This implant is not meant to replace healthy ears.,description,ThingDef/Items_BodyParts_Animals.xml,def
GR_MothTympanalOrgan.label,animal Implant: moth tympanal organ,label,ThingDef/Items_BodyParts_Animals.xml,def
GR_MothTympanalOrgan.description,A bionic implant adding a moth tympanal organ to the creature's ear. Moths can hear sounds of a higher frequency than any bat can produce.,description,ThingDef/Items_BodyParts_Animals.xml,def
GR_MechaReceptors.label,animal Implant: elephant auditory receptor,label,ThingDef/Items_BodyParts_Animals.xml,def
GR_MechaReceptors.description,This elephant auditory receptor can scan a really wide band of frequencies.,description,ThingDef/Items_BodyParts_Animals.xml,def
GR_RodentNose.label,animal Implant: rodent nose,label,ThingDef/Items_BodyParts_Animals.xml,def
GR_RodentNose.description,An implant that uses genetic splicing with rodent genes to give an old (or damaged) nose decent smelling. This implant is not meant to replace healthy noses. Can't be installed on birds and insects.,description,ThingDef/Items_BodyParts_Animals.xml,def
GR_InsectoidPheromones.label,animal Implant: pheromone receivers,label,ThingDef/Items_BodyParts_Animals.xml,def
GR_InsectoidPheromones.description,"An implant that uses genetic splicing with insectoid genes to give the ability to detect pheromones, thus improving the olfactory system. Can't be installed on birds and (ironically) insects.",description,ThingDef/Items_BodyParts_Animals.xml,def
GR_MiniatureThrumboHorn.label,animal Implant: miniature thrumbo horn,label,ThingDef/Items_BodyParts_Animals.xml,def
GR_MiniatureThrumboHorn.description,"A bionic implant adding a small thrumbo horn where the creature's nose used to be. This implant acts as a nose, allowing the creature to breathe and smell, and can be used by the creature in melee. Birds, insects, and creatures that already have a thrumbo horn don't have enough space on their skull to install this implant.",description,ThingDef/Items_BodyParts_Animals.xml,def
GR_WolfJaws.label,animal Implant: wolf fangs,label,ThingDef/Items_BodyParts_Animals.xml,def
GR_WolfJaws.description,An implant that uses genetic splicing with wolf genes to give an old (or damaged) jaw decent functioning. This implant is not meant to replace healthy jaws.,description,ThingDef/Items_BodyParts_Animals.xml,def
GR_InsectMandibles.label,animal Implant: insect mandibles,label,ThingDef/Items_BodyParts_Animals.xml,def
GR_InsectMandibles.description,"A bionic implant adding insect mandibles to the creature's face. Insect mandibles improve manipulation and eating, while also working as an offensive weapon",description,ThingDef/Items_BodyParts_Animals.xml,def
GR_ThrumboJaws.label,animal Implant: bionic thrumbo jaws,label,ThingDef/Items_BodyParts_Animals.xml,def
GR_ThrumboJaws.description,"A bionic implant adding thrumbo jaws to the creature's mouth. These creatures devour trees, so you can imagine their jaws are up to the task.",description,ThingDef/Items_BodyParts_Animals.xml,def
GR_MuffaloSpine.label,animal Implant: muffalo spine,label,ThingDef/Items_BodyParts_Animals.xml,def
GR_MuffaloSpine.description,A spine implant that uses genetic splicing with muffalo genes to give an old (or damaged) spine decent functioning. This implant is not meant to replace healthy spines.,description,ThingDef/Items_BodyParts_Animals.xml,def
GR_CrocodileSpine.label,animal Implant: crocodile spine,label,ThingDef/Items_BodyParts_Animals.xml,def
GR_CrocodileSpine.description,A bionic implant adding a sturdy crocodile spine to the creature's skeletal system.,description,ThingDef/Items_BodyParts_Animals.xml,def
GR_MechaSpine.label,animal Implant: reinforced bionic spine,label,ThingDef/Items_BodyParts_Animals.xml,def
GR_MechaSpine.description,A bionic implant adding a plasteel structure with active mechanites to the creature's skeletal system.,description,ThingDef/Items_BodyParts_Animals.xml,def
GR_ChickenBrains.label,animal Implant: chicken brains,label,ThingDef/Items_BodyParts_Animals.xml,def
GR_ChickenBrains.description,An implant that uses chicken brain tissue to patch damaged neurological pathways. This implant is intended for brain-dead creatures.,description,ThingDef/Items_BodyParts_Animals.xml,def
GR_MonitorLizardBrain.label,animal Implant: monitor lizard brain,label,ThingDef/Items_BodyParts_Animals.xml,def
GR_MonitorLizardBrain.description,A bionic implant using monitor lizard brain tissue. This highly intelligent reptile has very quick reflexes.,description,ThingDef/Items_BodyParts_Animals.xml,def
GR_ThrumboBrain.label,animal Implant: bionic thrumbo brain,label,ThingDef/Items_BodyParts_Animals.xml,def
GR_ThrumboBrain.description,A bionic brain implant using thrumbo neural tissue. Superb intelligence and reflexes.,description,ThingDef/Items_BodyParts_Animals.xml,def
GR_BoomalopeHeart.label,animal Implant: boomalope heart,label,ThingDef/Items_BodyParts_Animals.xml,def
GR_BoomalopeHeart.description,"An implant that uses chemfuel to pump blood through the animal's body. This implant is intended for creatures whose heart is failing catastrophically, since it is less efficient than a natural heart.",description,ThingDef/Items_BodyParts_Animals.xml,def
GR_ChitinousHeart.label,animal Implant: chitinous heart,label,ThingDef/Items_BodyParts_Animals.xml,def
GR_ChitinousHeart.description,"A bionic heart implant using a reinforced shell of insectoid chitin for protection. This is a heart designed to take a beating. Pun intended, but it's the last one, I promise.",description,ThingDef/Items_BodyParts_Animals.xml,def
GR_MechaHeart.label,animal Implant: reinforced bionic heart,label,ThingDef/Items_BodyParts_Animals.xml,def
GR_MechaHeart.description,A bionic heart strengthened by the action of active mechanites.,description,ThingDef/Items_BodyParts_Animals.xml,def
GR_MuffaloLung.label,animal Implant: muffalo lung,label,ThingDef/Items_BodyParts_Animals.xml,def
GR_MuffaloLung.description,An implant that uses muffalo genes to increase breathing capacity.,description,ThingDef/Items_BodyParts_Animals.xml,def
GR_BearLiver.label,animal Implant: bear liver,label,ThingDef/Items_BodyParts_Animals.xml,def
GR_BearLiver.description,An implant that uses bear genes to improve function of the liver. Specially useful for those alcoholic chickens.,description,ThingDef/Items_BodyParts_Animals.xml,def
GR_ChickenKidney.label,animal Implant: chicken kidney,label,ThingDef/Items_BodyParts_Animals.xml,def
GR_ChickenKidney.description,"An implant that uses chicken genes to improve function of the kidney. Birds have large kidneys. Yep, you learned that today.",description,ThingDef/Items_BodyParts_Animals.xml,def
GR_BoomalopeStomach.label,animal Implant: boomalope stomach,label,ThingDef/Items_BodyParts_Animals.xml,def
GR_BoomalopeStomach.description,An implant that uses boomalope genes to improve function of the stomach.,description,ThingDef/Items_BodyParts_Animals.xml,def
GR_BearClaws.label,human Implant: bear claws,label,ThingDef/Items_BodyParts_Humanoid.xml,def
GR_BearClaws.description,"An improvement over the bionic Power Claw, these claws have been vat-grown with a mixture of human and bear DNA, and replace the subject's hand with versatile, non-retractable claws.",description,ThingDef/Items_BodyParts_Humanoid.xml,def
GR_DiggingBearClaws.label,human Implant: digging mole claws,label,ThingDef/Items_BodyParts_Humanoid.xml,def
GR_DiggingBearClaws.description,"Grotesque but powerful hand blades that have been modified to be used in mining operations, increasing both speed and yield.",description,ThingDef/Items_BodyParts_Humanoid.xml,def
GR_BearMuscleTissue.label,human Implant: bear muscle tissue,label,ThingDef/Items_BodyParts_Humanoid.xml,def
GR_BearMuscleTissue.description,Grafts of bear muscle tissue on the subject's torso increase overall strength and stamina. These grafts however tend to stimulate the production of an abundance of body hair.,description,ThingDef/Items_BodyParts_Humanoid.xml,def
GR_HibernationModule.label,human Implant: hibernation module,label,ThingDef/Items_BodyParts_Humanoid.xml,def
GR_HibernationModule.description,A biochip that modifies the brain to reduce the need for sleep.,description,ThingDef/Items_BodyParts_Humanoid.xml,def
GR_Ovipositor.label,human Implant: ovipositor,label,ThingDef/Items_BodyParts_Humanoid.xml,def
GR_Ovipositor.description,"You know you have gone too far in your scientific experiments when you are implanting a human being with an ovipositor. This will enable the colonist to lay chicken eggs twice a day. It hurts as hell, though. Also, yuck.",description,ThingDef/Items_BodyParts_Humanoid.xml,def
GR_MuffaloMuscles.label,human Implant: muffalo strengthened muscles,label,ThingDef/Items_BodyParts_Humanoid.xml,def
GR_MuffaloMuscles.description,"By weaving muffalo muscle strands with the subjects muscular system, strength, resilience and carrying capacity are greatly increased.",description,ThingDef/Items_BodyParts_Humanoid.xml,def
GR_MuffaloMammaries.label,human Implant: muffalo mammaries,label,ThingDef/Items_BodyParts_Humanoid.xml,def
GR_MuffaloMammaries.description,"By implanting muffalo mammaries into a colonist... Wait, what??? Who came up with this idea????? Anyway... this implant allows your colonist to be milked... What the...",description,ThingDef/Items_BodyParts_Humanoid.xml,def
GR_MuffaloSkin.label,human Implant: muffalo skin,label,ThingDef/Items_BodyParts_Humanoid.xml,def
GR_MuffaloSkin.description,"A synthetic skin substitute that is much thicker and a much better insulator than human skin. This provides a measure of defense but, more importantly, makes the subject more resistant to low temperatures.",description,ThingDef/Items_BodyParts_Humanoid.xml,def
GR_BoomalopeNodules.label,human Implant: boomalope nodules,label,ThingDef/Items_BodyParts_Humanoid.xml,def
GR_BoomalopeNodules.description,"These skin nodules can be integrated in a human's torso, causing a huge explosion if the subjects dies violently.",description,ThingDef/Items_BodyParts_Humanoid.xml,def
GR_ChemfuelStomach.label,human Implant: chemfuel stomach,label,ThingDef/Items_BodyParts_Humanoid.xml,def
GR_ChemfuelStomach.description,A reinforced bionic stomach that uses a combination of gastric acid and chemfuel to efficiently digest food.,description,ThingDef/Items_BodyParts_Humanoid.xml,def
GR_ChemfuelHeart.label,human Implant: chemfuel heart,label,ThingDef/Items_BodyParts_Humanoid.xml,def
GR_ChemfuelHeart.description,A reinforced bionic heart that acts like a miniature 4-stroke internal combustion engine powered by chemfuel to pump blood through the body.,description,ThingDef/Items_BodyParts_Humanoid.xml,def
GR_WolfMuscularFibers.label,human Implant: wolf muscular fibers,label,ThingDef/Items_BodyParts_Humanoid.xml,def
GR_WolfMuscularFibers.description,"The subjects legs can be modified by weaving hybrid human/wolf muscle fibers within the base tissue, giving them a significant strength and speed boost.",description,ThingDef/Items_BodyParts_Humanoid.xml,def
GR_DevouringJaws.label,human Implant: devouring jaws,label,ThingDef/Items_BodyParts_Humanoid.xml,def
GR_DevouringJaws.description,"A set of improved teeth designed to rapidly chew and ingest any kind of food. Leaves kind of a mess, though...",description,ThingDef/Items_BodyParts_Humanoid.xml,def
GR_NeuronReinforcement.label,human Implant: neuron reinforcement,label,ThingDef/Items_BodyParts_Humanoid.xml,def
GR_NeuronReinforcement.description,"A biochip using animal stem cells to reinforce the natural abilities of human neurons, increasing learning and research speed.",description,ThingDef/Items_BodyParts_Humanoid.xml,def
GR_MousePheromones.label,human Implant: mouse pheromones,label,ThingDef/Items_BodyParts_Humanoid.xml,def
GR_MousePheromones.description,"A bionic vomeronasal organ that allows the subject pheromonal communication with other animals, increasing the chance of taming and training them successfully.",description,ThingDef/Items_BodyParts_Humanoid.xml,def
GR_MoleratNerveDampener.label,human Implant: mole-rat nerve dampener,label,ThingDef/Items_BodyParts_Humanoid.xml,def
GR_MoleratNerveDampener.description,"A biochip that reduces pain sensitivity, allowing the subject to survive pain shock.",description,ThingDef/Items_BodyParts_Humanoid.xml,def
GR_BunnyEars.label,human Implant: bunny ear,label,ThingDef/Items_BodyParts_Humanoid.xml,def
GR_BunnyEars.description,"This huge leporid ear gives amazing enhanced hearing. Also, super kawaii!",description,ThingDef/Items_BodyParts_Humanoid.xml,def
GR_InsectoidAntennae.label,human Implant: insectoid antennae,label,ThingDef/Items_BodyParts_Humanoid.xml,def
GR_InsectoidAntennae.description,"These hybrid humanoid / insectoid feeling appendages can be implanted in a subject's head, completely modifying the way the subject ""sees"" and feels the surrounding world. The experience may be slightly overwhelming due to sensorial overload.",description,ThingDef/Items_BodyParts_Humanoid.xml,def
GR_CompoundEye.label,human Implant: compound eye,label,ThingDef/Items_BodyParts_Humanoid.xml,def
GR_CompoundEye.description,"This hybrid humanoid / insectoid eye provides improved vision in a wide range of different wavelengths, including those usually outside the human range, completely modifying the way the subject perceives their surroundings.",description,ThingDef/Items_BodyParts_Humanoid.xml,def
GR_CatEye.label,human Implant: cat eye,label,ThingDef/Items_BodyParts_Humanoid.xml,def
GR_CatEye.description,"This hybrid humanoid / feline eye provides improved night vision, at the expense of a certain short-sightedness outside and during the day. Ideal for nyctophile colonists.",description,ThingDef/Items_BodyParts_Humanoid.xml,def
GR_PsychicDampeners.label,human Implant: psychic dampeners,label,ThingDef/Items_BodyParts_Humanoid.xml,def
GR_PsychicDampeners.description,"Artificial hearing aids that block psychic emanations, providing considerable resistance to mechanoids' psychic attacks.",description,ThingDef/Items_BodyParts_Humanoid.xml,def
GR_KidneyToxicFilters.label,human Implant: kidney toxic filters,label,ThingDef/Items_BodyParts_Humanoid.xml,def
GR_KidneyToxicFilters.description,"This is a bioelectronic kidney prosthesis that greatly improves the efficiency of the subject's kidney by using insectoid tissue, providing resistance to toxic substances.",description,ThingDef/Items_BodyParts_Humanoid.xml,def
GR_HumanThrumboHorn.label,human Implant: thrumbo horn,label,ThingDef/Items_BodyParts_Humanoid.xml,def
GR_HumanThrumboHorn.description,A genetically modified thrumbo horn that can be implanted in a subject's forehead. Nasty.,description,ThingDef/Items_BodyParts_Humanoid.xml,def
GR_ThrumboSkin.label,human Implant: thrumbo skin,label,ThingDef/Items_BodyParts_Humanoid.xml,def
GR_ThrumboSkin.description,A synthetic skin substitute that is much thicker and a much better insulator than human skin. This provides a lot of defense and makes the subject more resistant to extremes of temperature.,description,ThingDef/Items_BodyParts_Humanoid.xml,def
GR_VenomousFangs.label,human Implant: venomous fangs,label,ThingDef/Items_BodyParts_Humanoid.xml,def
GR_VenomousFangs.description,"This hybrid implant substitutes the subject's jaw with a set of venomous fangs. Useful in combat, but not very comfortable.",description,ThingDef/Items_BodyParts_Humanoid.xml,def
GR_IguanaScales.label,human Implant: iguana scales,label,ThingDef/Items_BodyParts_Humanoid.xml,def
GR_IguanaScales.description,"A synthetic skin substitute that is much thicker and a much better insulator than human skin. This provides a measure of defense but, more importantly, makes the subject more resistant to high temperatures.",description,ThingDef/Items_BodyParts_Humanoid.xml,def
GR_EggBomb.label,detonating unstable egg,label,ThingDef/Items_Misc.xml,def
GR_EggBomb.description,This huge egg is filled with unstable chemicals. It is going to explode!,description,ThingDef/Items_Misc.xml,def
GR_CompressedChemfuel.label,deepchem,label,ThingDef/Items_Misc.xml,def
GR_CompressedChemfuel.description,A very volatile sludge with a tar-like appearance. Can be used defensively or converted to regular chemfuel in a refinery.,description,ThingDef/Items_Misc.xml,def
GR_BoosterImmuno.label,immunobooster,label,ThingDef/Items_Resource_Boosters.xml,def
GR_BoosterImmuno.description,Capsules containing genetic restorative medicine that helps prevent genomes from breaking down prematurely. Effectively helps mitigate the possibility of the hybrid ending in complete failure.,description,ThingDef/Items_Resource_Boosters.xml,def
GR_BoosterHarmono.label,harmonobooster,label,ThingDef/Items_Resource_Boosters.xml,def
GR_BoosterHarmono.description,Capsules containing genetic stabilizers that help maintain the dominant-recessive genome relationship. Effectively reduces the chance of the hybrid having the opposite intended result.,description,ThingDef/Items_Resource_Boosters.xml,def
GR_BoosterTempo.label,tempobooster,label,ThingDef/Items_Resource_Boosters.xml,def
GR_BoosterTempo.description,"Capsules containing growth hormones that help speed up the hybrid’s growth process, halving the time it takes to complete.",description,ThingDef/Items_Resource_Boosters.xml,def
GR_BoosterFertility.label,fertility unblocker,label,ThingDef/Items_Resource_Boosters.xml,def
GR_BoosterFertility.description,Compressed medicine that allows hybrids to develop functional sexual organs. Effectively allows hybrids to reproduce with the exact same species.\n\nNote: Insectoid hybrids are always incapable of reproducing.,description,ThingDef/Items_Resource_Boosters.xml,def
GR_StabilizedFertilityUnblocker.label,stabilized fertility unblocker,label,ThingDef/Items_Resource_Boosters.xml,def
GR_StabilizedFertilityUnblocker.description,"Compressed medicine that allows hybrids to develop functional sexual organs. Effectively allows hybrids to reproduce with the exact same species.\n\nThis booster can't be crafted, only scavenged.\n\nNote: Insectoid hybrids are always incapable of reproducing.",description,ThingDef/Items_Resource_Boosters.xml,def
GR_BoosterStabilizator.label,stabilizator,label,ThingDef/Items_Resource_Boosters.xml,def
GR_BoosterStabilizator.description,"Compressed medicine that slows the growth of the specimen, increasing both stability and safety. Effectively increases growth time by 50% in exchange for a vastly increased chance of obtaining the intended result.",description,ThingDef/Items_Resource_Boosters.xml,def
GR_BoosterController.label,controller,label,ThingDef/Items_Resource_Boosters.xml,def
GR_BoosterController.description,Self-assembling machinery that fuses with the specimen’s nerve centers during the growth process. Effectively allows hybrids to be drafted but increases the chance of failure due to introduction of invasive foreign material.,description,ThingDef/Items_Resource_Boosters.xml,def
GR_ImprovedController.label,improved controller,label,ThingDef/Items_Resource_Boosters.xml,def
GR_ImprovedController.description,"Self-assembling machinery that fuses with the specimen’s nerve centers during the growth process. Effectively allows hybrids to be drafted.\n\nThis booster can't be crafted, only scavenged.",description,ThingDef/Items_Resource_Boosters.xml,def
GR_BoosterImmunoGreater.label,improved immunobooster,label,ThingDef/Items_Resource_Boosters.xml,def
GR_BoosterImmunoGreater.description,"Capsules containing genetic restorative medicine that helps prevent genomes from breaking down prematurely. Greatly helps mitigate the possibility of the hybrid ending in complete failure, at the expense of more processing time.\n\nThis booster can't be crafted, only scavenged.",description,ThingDef/Items_Resource_Boosters.xml,def
GR_BoosterHarmonoGreater.label,improved harmonobooster,label,ThingDef/Items_Resource_Boosters.xml,def
GR_BoosterHarmonoGreater.description,"Capsules containing genetic stabilizers that help maintain the dominant-recessive genome relationship. Greatly reduces the chance of the hybrid having the opposite intended result, at the expense of more processing time.\n\nThis booster can't be crafted, only scavenged.",description,ThingDef/Items_Resource_Boosters.xml,def
GR_MechaniteBooster.label,mechanite booster,label,ThingDef/Items_Resource_Boosters.xml,def
GR_MechaniteBooster.description,"This highly sought-after booster will result in an almost perfect hybrid: fertile, draftable and genetically stable.\n\nThis booster can't be crafted, only scavenged.",description,ThingDef/Items_Resource_Boosters.xml,def
GR_GenoframeUnfinished.label,unfinished genoframe,label,ThingDef/Items_Resource_Genoframes.xml,def
GR_GenoframeUnfinished.description,An unfinished genoframe of some kind.,description,ThingDef/Items_Resource_Genoframes.xml,def
GR_GenoframeAwful.label,Genoframe (Awful),label,ThingDef/Items_Resource_Genoframes.xml,def
GR_GenoframeAwful.description,"A stable genetic material consumed by the genomorpher machine that serves as a framework for hybrid experimentation. After the framework is used to create a growthcell, the genoframe is empty and discarded.\n\nAwful genoframe will result in a hybrid with greatly decreased stats over a normal hybrid.",description,ThingDef/Items_Resource_Genoframes.xml,def
GR_GenoframePoor.label,Genoframe (Poor),label,ThingDef/Items_Resource_Genoframes.xml,def
GR_GenoframePoor.description,"A stable genetic material consumed by the genomorpher machine that serves as a framework for hybrid experimentation. After the framework is used to create a growthcell, the genoframe is empty and discarded.\n\nPoor genoframe will result in a hybrid with slightly decreased stats over a normal hybrid.",description,ThingDef/Items_Resource_Genoframes.xml,def
GR_GenoframeNormal.label,Genoframe (Normal),label,ThingDef/Items_Resource_Genoframes.xml,def
GR_GenoframeNormal.description,"A stable genetic material consumed by the genomorpher machine that serves as a framework for hybrid experimentation. After the framework is used to create a growthcell, the genoframe is empty and discarded.\n\nNormal genoframe will result in a hybrid with baseline stats.",description,ThingDef/Items_Resource_Genoframes.xml,def
GR_GenoframeGood.label,Genoframe (Good),label,ThingDef/Items_Resource_Genoframes.xml,def
GR_GenoframeGood.description,"A stable genetic material consumed by the genomorpher machine that serves as a framework for hybrid experimentation. After the framework is used to create a growthcell, the genoframe is empty and discarded.\n\nGood genoframe will result in a hybrid with slightly improved stats over a normal hybrid.",description,ThingDef/Items_Resource_Genoframes.xml,def
GR_GenoframeExcellent.label,Genoframe (Excellent),label,ThingDef/Items_Resource_Genoframes.xml,def
GR_GenoframeExcellent.description,"A stable genetic material consumed by the genomorpher machine that serves as a framework for hybrid experimentation. After the framework is used to create a growthcell, the genoframe is empty and discarded.\n\nExcellent genoframe will result in a hybrid with significantly improved stats over a normal hybrid.",description,ThingDef/Items_Resource_Genoframes.xml,def
GR_GenoframeMasterwork.label,Genoframe (Masterwork),label,ThingDef/Items_Resource_Genoframes.xml,def
GR_GenoframeMasterwork.description,"A stable genetic material consumed by the genomorpher machine that serves as a framework for hybrid experimentation. After the framework is used to create a growthcell, the genoframe is empty and discarded.\n\nMasterwork genoframe will result in a hybrid with superior stats over a normal hybrid.",description,ThingDef/Items_Resource_Genoframes.xml,def
GR_GenoframeLegendary.label,Genoframe (Legendary),label,ThingDef/Items_Resource_Genoframes.xml,def
GR_GenoframeLegendary.description,"A stable genetic material consumed by the genomorpher machine that serves as a framework for hybrid experimentation. After the framework is used to create a growthcell, the genoframe is empty and discarded.\n\nLegendary genoframe will result in an incredibly powerful hybrid that’s eclipsing normal creatures.",description,ThingDef/Items_Resource_Genoframes.xml,def
GR_GenomeExcavator.label,genome excavator,label,ThingDef/Items_Resource_GenomeExcavators.xml,def
GR_GenomeExcavator.description,"A simplified genome extraction device designed to be usable by even the most simple-minded goon, as such it resembles a caulking gun that works in reverse. The best genetic material can be found in the brain and the automated, single-use design instantly compresses this material into a usable genome.\n\nThe desired subject needs to be docile and trusting of the user who intends on scooping out their brain in a process that is not-quite instantaneous. It is recommended to anesthetize the creature as any sudden movement on their part will interrupt the whole process. Alternatively, it will also work on a dead body...\n\n<color=#E5E54C>Gameplay effect:</color> This excavator can be used to acquire the following genomes:",description,ThingDef/Items_Resource_GenomeExcavators.xml,def
GR_GenomeExcavator.comps.0.useLabel,Use genome excavator,useLabel,ThingDef/Items_Resource_GenomeExcavators.xml,def
GR_ArchotechGenomeExcavator.label,archotech genome excavator,label,ThingDef/Items_Resource_GenomeExcavators.xml,def
GR_ArchotechGenomeExcavator.description,"An advanced genome extraction device that is capable of self-arming and self-guiding at the touch of a button. The best genetic material can be found in the brain and the automated design instantly compresses this material into a usable genome. Each device holds up to three charges before it becomes useless.\n\nThe desired subject needs to be docile and trusting of the user who intends on scooping out their brain in a process that is guaranteed to be painless and instantaneous. It is recommended to anesthetize the creature as any sudden movement on their part will interrupt the whole process. Alternatively, it will also work on a dead body... The device is much better at compressing material and as such can be used on even the largest of organisms.\n\n<color=#E5E54C>Gameplay effect:</color> This excavator can be used to acquire the following genomes:",description,ThingDef/Items_Resource_GenomeExcavators.xml,def
GR_ArchotechGenomeExcavator.comps.0.useLabel,Use genome excavator,useLabel,ThingDef/Items_Resource_GenomeExcavators.xml,def
GR_UrsineGenetic.label,ursine genome,label,ThingDef/Items_Resource_Genomes.xml,def
GR_UrsineGenetic.description,"A payload of ursine genetic material. Can be used at the genomorpher to create a growth cell of a hybrid animal. This tier 1 genome can be used as either a primary or secondary genome.\n\n<color=#E5E54C>Gameplay effect:</color> All primary ursine hybrids have stunning attacks, and high body size.\n\n<color=#E5E54C>Extraction:</color> Can be extracted via the genome extractor table or any genome excavator from:",description,ThingDef/Items_Resource_Genomes.xml,def
GR_AvianGenetic.label,avian genome,label,ThingDef/Items_Resource_Genomes.xml,def
GR_AvianGenetic.description,A payload of avian genetic material. Can be used at the genomorpher to create a growth cell of a hybrid animal. This tier 1 genome can be used as either a primary or secondary genome.\n\n<color=#E5E54C>Gameplay effect:</color> All primary avian hybrids lay eggs. Combat avian hybrids get increased movement speed.\n\n<color=#E5E54C>Extraction:</color> Can be extracted via the genome extractor table or any genome excavator from:,description,ThingDef/Items_Resource_Genomes.xml,def
GR_BoomalopeGenetic.label,boom genome,label,ThingDef/Items_Resource_Genomes.xml,def
GR_BoomalopeGenetic.description,"A payload of boom genetic material. Can be used at the genomorpher to create a growth cell of a hybrid animal. This tier 1 genome can be used as either a primary or secondary genome.\n\n<color=#E5E54C>Gameplay effect:</color> All boom hybrids explode on death. Farm hybrids produce chemfuel, while combat hybrids can use exploding abilities.\n\n<color=#E5E54C>Extraction:</color> Can be extracted via the genome extractor table or any genome excavator from:",description,ThingDef/Items_Resource_Genomes.xml,def
GR_MuffaloGenetic.label,muffalo genome,label,ThingDef/Items_Resource_Genomes.xml,def
GR_MuffaloGenetic.description,"A payload of muffalo genetic material. Can be used at the genomorpher to create a growth cell of a hybrid animal. This tier 1 genome can be used as either a primary or secondary genome.\n\n<color=#E5E54C>Gameplay effect:</color> All muffalo hybrid animals are pack animals, with primary muffalo hybrids getting 50% increased capacity caravaning. All muffalo hybrids have an increase to minimum comfortable temperature.\n\n<color=#E5E54C>Extraction:</color> Can be extracted via the genome extractor table or any genome excavator from:",description,ThingDef/Items_Resource_Genomes.xml,def
GR_CanineGenetic.label,canine genome,label,ThingDef/Items_Resource_Genomes.xml,def
GR_CanineGenetic.description,A payload of canine genetic material. Can be used at the genomorpher to create a growth cell of a hybrid animal. This tier 1 genome can be used as either a primary or secondary genome.\n\n<color=#E5E54C>Gameplay effect:</color> All primary canine hybrids have the adrenaline rush ability. All canine hybrids have fast attack speed.\n\n<color=#E5E54C>Extraction:</color> Can be extracted via the genome extractor table or any genome excavator from:,description,ThingDef/Items_Resource_Genomes.xml,def
GR_RodentGenetic.label,rodent/leporid genome,label,ThingDef/Items_Resource_Genomes.xml,def
GR_RodentGenetic.description,"A payload of rodent genetic material. Can be used at the genomorpher to create a growth cell of a hybrid animal. This tier 1 genome can be used as either a primary or secondary genome.\n\n<color=#E5E54C>Gameplay effect:</color> All rodent hybrids have a reduced body size, but greatly increased reproduction rates (if fertile).\n\n<color=#E5E54C>Extraction:</color> Can be extracted via the genome extractor table or any genome excavator from:",description,ThingDef/Items_Resource_Genomes.xml,def
GR_FelineGenetic.label,feline genome,label,ThingDef/Items_Resource_Genomes.xml,def
GR_FelineGenetic.description,A payload of feline genetic material. Can be used at the genomorpher to create a growth cell of a hybrid animal. This tier 1 genome can be used as either a primary or secondary genome.\n\n<color=#E5E54C>Gameplay effect:</color> All feline hybrids have an inherent dodge chance. Combat feline hybrids get a further increase to dodge chance.\n\n<color=#E5E54C>Extraction:</color> Can be extracted via the genome extractor table or any genome excavator from:,description,ThingDef/Items_Resource_Genomes.xml,def
GR_HumanoidGenetic.label,humanoid genome,label,ThingDef/Items_Resource_Genomes.xml,def
GR_HumanoidGenetic.description,A payload of humanoid genetic material. Can be used at the genomorpher to create a growth cell of a hybrid animal. This tier 1 genome can be used as either a primary or secondary genome.\n\n<color=#E5E54C>Gameplay effect:</color> All humanoid hybrids have a somewhat decent level of intelligence and can do various tasks around the colony.\n\n<color=#E5E54C>Extraction:</color> Can be extracted via the genome extractor table or any genome excavator from any sentient humanoid.,description,ThingDef/Items_Resource_Genomes.xml,def
GR_EquineGenetic.label,equine genome,label,ThingDef/Items_Resource_Genomes.xml,def
GR_EquineGenetic.description,A payload of equine genetic material. Can be used at the genomorpher to create a growth cell of a hybrid animal. This tier 2 genome can only be used as primary genome.\n\n<color=#E5E54C>Gameplay effect:</color> All equine hybrids have increased caravaning speed.\n\n<color=#E5E54C>Extraction:</color> Can only be extracted via any genome excavator from:,description,ThingDef/Items_Resource_Genomes.xml,def
GR_InsectoidGenetic.label,insectoid genome,label,ThingDef/Items_Resource_Genomes.xml,def
GR_InsectoidGenetic.description,A payload of insectoid genetic material. Can be used at the genomorpher to create a growth cell of a hybrid animal. This tier 2 genome can only be used as primary genome.\n\n<color=#E5E54C>Gameplay effect:</color> All hybrids with insectoid genome get 100% toxic resistance as well as an armor increase. Combat hybrids get a further increase to armor.\n\n<color=#E5E54C>Extraction:</color> Can only be extracted via any genome excavator from:,description,ThingDef/Items_Resource_Genomes.xml,def
GR_ReptileGenetic.label,reptile genome,label,ThingDef/Items_Resource_Genomes.xml,def
GR_ReptileGenetic.description,A payload of reptile genetic material. Can be used at the genomorpher to create a growth cell of a hybrid animal. This tier 2 genome can only be used as primary genome.\n\n<color=#E5E54C>Gameplay effect:</color> All reptile hybrids have greatly increased minimum and maximum comfortable temperature. They also have melee and ranged venomous attacks.\n\n<color=#E5E54C>Extraction:</color> Can only be extracted via any genome excavator from:,description,ThingDef/Items_Resource_Genomes.xml,def
GR_ThrumboGenetic.label,colossal genome,label,ThingDef/Items_Resource_Genomes.xml,def
GR_ThrumboGenetic.description,"A payload of colossal genetic material. Can be used at the genomorpher to create a growth cell of a hybrid animal. This tier 3 genome can only be used as primary genome.\n\n<color=#E5E54C>Gameplay effect:</color> Extreme increase in size, health, damage and market value at the cost of slower attack speed.\n\n<color=#E5E54C>Extraction:</color> Can only be extracted via an archotech genome excavator from:",description,ThingDef/Items_Resource_Genomes.xml,def
GR_TemplateGenetic.label,template genome,label,ThingDef/Items_Resource_Genomes.xml,def
GR_TemplateGenetic.description,"Absolutely and completely worthless, but when properly processed alongside an actual genome it can be trimmed down to an identical copy.",description,ThingDef/Items_Resource_Genomes.xml,def
GR_GrowthCell.label,growth cell,label,ThingDef/Items_Resource_GrowthCells.xml,def
GR_GrowthCell.description,"A portable, human-made casing designed to hold an embryo until it is transferred to a relevant Electrowomb, similar to fertilized eggs that require incubation. The embryonic fluid is unstable due to the unnatural genetic combination, so it will need to be implanted within 7 days after its creation. This growth cell has to be kept at a temperature between 0 and 50 degrees Celsius.",description,ThingDef/Items_Resource_GrowthCells.xml,def
GR_ArchoGrowthcell.label,archotech growth cell,label,ThingDef/Items_Resource_GrowthCells.xml,def
GR_ArchoGrowthcell.description,"A portable, archotech-made casing designed to hold an embryo until it is transferred to a relevant Electrowomb, similar to fertilized eggs that require incubation. This particular one is completely stable and contains the embryo of an Archocentipede, which can only grow in an Archowomb.\n\nCare should be taken before beginning the process, as the resulting energy signature will force any and all hostiles to attack the colony before the monstrosity can be born.",description,ThingDef/Items_Resource_GrowthCells.xml,def
GR_ParagonChickenEggUnfertilized.label,avian paragon egg (unfert.),label,ThingDef/Items_Resource_HybridAnimalEggs.xml,def
GR_ParagonChickenEggUnfertilized.description,"Unfertilized avian paragon egg. It can be eaten raw, but it's much, much better cooked. These eggs are pure, pristine, perfect examples of chicken eggs. Immaculate eggness.",description,ThingDef/Items_Resource_HybridAnimalEggs.xml,def
GR_ParagonChickenEggFertilized.label,avian paragon egg (fert.),label,ThingDef/Items_Resource_HybridAnimalEggs.xml,def
GR_ParagonChickenEggFertilized.description,"Fertilized avian paragon egg. It can be eaten raw, but it's much, much better cooked. These eggs are pure, pristine, perfect examples of chicken eggs. Immaculate eggness. If all goes well, it should hatch into an avian paragon.",description,ThingDef/Items_Resource_HybridAnimalEggs.xml,def
GR_ParagonIguanaEggUnfertilized.label,reptile paragon egg (unfert.),label,ThingDef/Items_Resource_HybridAnimalEggs.xml,def
GR_ParagonIguanaEggUnfertilized.description,"Unfertilized reptile paragon egg. It can be eaten raw, but it's much, much better cooked.",description,ThingDef/Items_Resource_HybridAnimalEggs.xml,def
GR_ParagonIguanaEggFertilized.label,reptile paragon egg (fert.),label,ThingDef/Items_Resource_HybridAnimalEggs.xml,def
GR_ParagonIguanaEggFertilized.description,"Fertilized reptile paragon egg. It can be eaten raw, but it's much, much better cooked. If all goes well, it should hatch into a reptile paragon.",description,ThingDef/Items_Resource_HybridAnimalEggs.xml,def
GR_BearChickenEggUnfertilized.label,bearchicken egg (unfert.),label,ThingDef/Items_Resource_HybridAnimalEggs.xml,def
GR_BearChickenEggUnfertilized.description,"Unfertilized bearchicken egg. It can be eaten raw, but it's much, much better cooked.",description,ThingDef/Items_Resource_HybridAnimalEggs.xml,def
GR_BearChickenEggFertilized.label,bearchicken egg (fert.),label,ThingDef/Items_Resource_HybridAnimalEggs.xml,def
GR_BearChickenEggFertilized.description,"Fertilized bearchicken egg. If all goes well, it should hatch into one of these abominations. It can be eaten raw, but it's much better cooked.",description,ThingDef/Items_Resource_HybridAnimalEggs.xml,def
GR_ChickenbearEggUnfertilized.label,chickenbear egg (unfert.),label,ThingDef/Items_Resource_HybridAnimalEggs.xml,def
GR_ChickenbearEggUnfertilized.description,"Unfertilized Chickenbear egg. It can be eaten raw, but it's much, much better cooked.",description,ThingDef/Items_Resource_HybridAnimalEggs.xml,def
GR_ChickenbearEggFertilized.label,chickenbear egg (fert.),label,ThingDef/Items_Resource_HybridAnimalEggs.xml,def
GR_ChickenbearEggFertilized.description,"Fertilized Chickenbear egg. If all goes well, it should hatch into one of these abominations. It can be eaten raw, but it's much better cooked.",description,ThingDef/Items_Resource_HybridAnimalEggs.xml,def
GR_ChickenlopeEggUnfertilized.label,chickenlope egg (unfert.),label,ThingDef/Items_Resource_HybridAnimalEggs.xml,def
GR_ChickenlopeEggUnfertilized.description,"Unfertilized Chickenlope egg. It can be eaten raw, but it's much, much better cooked.",description,ThingDef/Items_Resource_HybridAnimalEggs.xml,def
GR_ChickenlopeEggFertilized.label,chickenlope egg (fert.),label,ThingDef/Items_Resource_HybridAnimalEggs.xml,def
GR_ChickenlopeEggFertilized.description,"Fertilized Chickenlope egg. If all goes well, it should hatch into one of these abominations. It can be eaten raw, but it's much better cooked.",description,ThingDef/Items_Resource_HybridAnimalEggs.xml,def
GR_ChickenffaloEggUnfertilized.label,chickenffalo egg (unfert.),label,ThingDef/Items_Resource_HybridAnimalEggs.xml,def
GR_ChickenffaloEggUnfertilized.description,"Unfertilized Chickenffalo egg. It can be eaten raw, but it's much, much better cooked.",description,ThingDef/Items_Resource_HybridAnimalEggs.xml,def
GR_ChickenffaloEggFertilized.label,chickenffalo egg (fert.),label,ThingDef/Items_Resource_HybridAnimalEggs.xml,def
GR_ChickenffaloEggFertilized.description,"Fertilized Chickenffalo egg. If all goes well, it should hatch into one of these abominations. It can be eaten raw, but it's much better cooked.",description,ThingDef/Items_Resource_HybridAnimalEggs.xml,def
GR_ChickenwolfEggUnfertilized.label,chickenwolf egg (unfert.),label,ThingDef/Items_Resource_HybridAnimalEggs.xml,def
GR_ChickenwolfEggUnfertilized.description,"Unfertilized Chickenwolf egg. It can be eaten raw, but it's much, much better cooked.",description,ThingDef/Items_Resource_HybridAnimalEggs.xml,def
GR_ChickenwolfEggFertilized.label,chickenwolf egg (fert.),label,ThingDef/Items_Resource_HybridAnimalEggs.xml,def
GR_ChickenwolfEggFertilized.description,"Fertilized Chickenwolf egg. If all goes well, it should hatch into one of these abominations. It can be eaten raw, but it's much better cooked.",description,ThingDef/Items_Resource_HybridAnimalEggs.xml,def
GR_ChickenrabbitEggUnfertilized.label,chickenrabbit egg (unfert.),label,ThingDef/Items_Resource_HybridAnimalEggs.xml,def
GR_ChickenrabbitEggUnfertilized.description,"Unfertilized Chickenrabbit egg. It can be eaten raw, but it's much, much better cooked. The colonists swear it was coloured like this when the animal laid it.",description,ThingDef/Items_Resource_HybridAnimalEggs.xml,def
GR_ChickenrabbitEggFertilized.label,chickenrabbit egg (fert.),label,ThingDef/Items_Resource_HybridAnimalEggs.xml,def
GR_ChickenrabbitEggFertilized.description,"Fertilized Chickenrabbit egg. If all goes well, it should hatch into one of these abominations. It can be eaten raw, but it's much better cooked. The colonists swear it was coloured like this when the animal laid it.",description,ThingDef/Items_Resource_HybridAnimalEggs.xml,def
GR_ChickencatEggUnfertilized.label,chickencat egg (unfert.),label,ThingDef/Items_Resource_HybridAnimalEggs.xml,def
GR_ChickencatEggUnfertilized.description,"Unfertilized Chickencat egg. It can be eaten raw, but it's much, much better cooked.",description,ThingDef/Items_Resource_HybridAnimalEggs.xml,def
GR_ChickencatEggFertilized.label,chickencat egg (fert.),label,ThingDef/Items_Resource_HybridAnimalEggs.xml,def
GR_ChickencatEggFertilized.description,"Fertilized Chickencat egg. If all goes well, it should hatch into one of these abominations. It can be eaten raw, but it's much better cooked.",description,ThingDef/Items_Resource_HybridAnimalEggs.xml,def
GR_BoomachickenEggUnfertilized.label,boomachicken egg (unfert.),label,ThingDef/Items_Resource_HybridAnimalEggs.xml,def
GR_BoomachickenEggUnfertilized.description,"Unfertilized Boomachicken egg. It can be eaten raw, but it's much, much better cooked.",description,ThingDef/Items_Resource_HybridAnimalEggs.xml,def
GR_BoomachickenEggFertilized.label,boomachicken egg (fert.),label,ThingDef/Items_Resource_HybridAnimalEggs.xml,def
GR_BoomachickenEggFertilized.description,"Fertilized Boomachicken egg. If all goes well, it should hatch into one of these abominations. It can be eaten raw, but it's much better cooked.",description,ThingDef/Items_Resource_HybridAnimalEggs.xml,def
GR_WolfchickenEggUnfertilized.label,wolfchicken egg (unfert.),label,ThingDef/Items_Resource_HybridAnimalEggs.xml,def
GR_WolfchickenEggUnfertilized.description,"Unfertilized Wolfchicken egg. It can be eaten raw, but it's much, much better cooked.",description,ThingDef/Items_Resource_HybridAnimalEggs.xml,def
GR_WolfchickenEggFertilized.label,wolfchicken egg (fert.),label,ThingDef/Items_Resource_HybridAnimalEggs.xml,def
GR_WolfchickenEggFertilized.description,"Fertilized Wolfchicken egg. If all goes well, it should hatch into one of these abominations. It can be eaten raw, but it's much better cooked.",description,ThingDef/Items_Resource_HybridAnimalEggs.xml,def
GR_ThrumbochickenEggUnfertilized.label,thrumbochicken egg (unfert.),label,ThingDef/Items_Resource_HybridAnimalEggs.xml,def
GR_ThrumbochickenEggUnfertilized.description,"Unfertilized Thrumbochicken egg. It can be eaten raw, but it's much, much better cooked.",description,ThingDef/Items_Resource_HybridAnimalEggs.xml,def
GR_ThrumbochickenEggFertilized.label,thrumbochicken egg (fert.),label,ThingDef/Items_Resource_HybridAnimalEggs.xml,def
GR_ThrumbochickenEggFertilized.description,"Fertilized Thrumbochicken egg. If all goes well, it should hatch into one of these abominations. It can be eaten raw, but it's much better cooked.",description,ThingDef/Items_Resource_HybridAnimalEggs.xml,def
GR_ChickenspiderEggUnfertilized.label,chickenspider egg (unfert.),label,ThingDef/Items_Resource_HybridAnimalEggs.xml,def
GR_ChickenspiderEggUnfertilized.description,"Unfertilized Chickenspider egg. It can be eaten raw, but it's much, much better cooked. Since insectoid hybrids are always infertile, these eggs can never be fertilized.",description,ThingDef/Items_Resource_HybridAnimalEggs.xml,def
GR_ChickenlizardEggUnfertilized.label,chickenlizard egg (unfert.),label,ThingDef/Items_Resource_HybridAnimalEggs.xml,def
GR_ChickenlizardEggUnfertilized.description,"Unfertilized chickenlizard egg. It can be eaten raw, but it's much, much better cooked.",description,ThingDef/Items_Resource_HybridAnimalEggs.xml,def
GR_ChickenlizardEggFertilized.label,chickenlizard egg (fert.),label,ThingDef/Items_Resource_HybridAnimalEggs.xml,def
GR_ChickenlizardEggFertilized.description,"Fertilized chickenlizard egg. If all goes well, it should hatch into one of these abominations. It can be eaten raw, but it's much better cooked.",description,ThingDef/Items_Resource_HybridAnimalEggs.xml,def
GR_ChickenhorseEggUnfertilized.label,chickenhorse egg (unfert.),label,ThingDef/Items_Resource_HybridAnimalEggs.xml,def
GR_ChickenhorseEggUnfertilized.description,"Unfertilized chickenhorse egg. It can be eaten raw, but it's much, much better cooked.",description,ThingDef/Items_Resource_HybridAnimalEggs.xml,def
GR_ChickenhorseEggFertilized.label,chickenhorse egg (fert.),label,ThingDef/Items_Resource_HybridAnimalEggs.xml,def
GR_ChickenhorseEggFertilized.description,"Fertilized chickenhorse egg. If all goes well, it should hatch into one of these abominations. It can be eaten raw, but it's much better cooked.",description,ThingDef/Items_Resource_HybridAnimalEggs.xml,def
GR_TurkeymanEggUnfertilized.label,turkeyman egg (unfert.),label,ThingDef/Items_Resource_HybridAnimalEggs.xml,def
GR_TurkeymanEggUnfertilized.description,"Unfertilized turkeyman egg. It can be eaten raw, but it's much, much better cooked.",description,ThingDef/Items_Resource_HybridAnimalEggs.xml,def
GR_TurkeymanEggFertilized.label,turkeyman egg (fert.),label,ThingDef/Items_Resource_HybridAnimalEggs.xml,def
GR_TurkeymanEggFertilized.description,"Fertilized turkeyman egg. If all goes well, it should hatch into one of these abominations. It can be eaten raw, but it's much better cooked.",description,ThingDef/Items_Resource_HybridAnimalEggs.xml,def
GR_WeirdMilk.label,weird milk,label,ThingDef/Items_Resource_HybridAnimalProducts_Milks.xml,def
GR_WeirdMilk.description,"This strange milk has a sour, chemical taste.",description,ThingDef/Items_Resource_HybridAnimalProducts_Milks.xml,def
GR_MechaMilk.label,mechanoid milk,label,ThingDef/Items_Resource_HybridAnimalProducts_Milks.xml,def
GR_MechaMilk.description,"This metallic, quicksilver-like substance is not edible. It can be processed in a refinery to obtain neutroamine, chemfuel and a bit of silver.",description,ThingDef/Items_Resource_HybridAnimalProducts_Milks.xml,def
GR_BearffaloMilk.label,bearffalo milk,label,ThingDef/Items_Resource_HybridAnimalProducts_Milks.xml,def
GR_BearffaloMilk.description,"Milk from a bearffalo. Quite high in fat content, and very nutritive.",description,ThingDef/Items_Resource_HybridAnimalProducts_Milks.xml,def
GR_ThrumffaloMilk.label,thrumffalo milk,label,ThingDef/Items_Resource_HybridAnimalProducts_Milks.xml,def
GR_ThrumffaloMilk.description,"Milk from a thrumffalo. Very nutritive. Also with a sky-high cholesterol content, but in the Rim nobody judges you.",description,ThingDef/Items_Resource_HybridAnimalProducts_Milks.xml,def
GR_MuffalochickenMilk.label,muffalochicken milk,label,ThingDef/Items_Resource_HybridAnimalProducts_Milks.xml,def
GR_MuffalochickenMilk.description,"This lumpy milk seems to have concentrated protein chunks, tasting like chicken nuggets. Disgusting, but colonists seem to like it.",description,ThingDef/Items_Resource_HybridAnimalProducts_Milks.xml,def
GR_ChickenffaloMilk.label,chickenffalo milk,label,ThingDef/Items_Resource_HybridAnimalProducts_Milks.xml,def
GR_ChickenffaloMilk.description,Milk from a chickenffalo. Looks like watered down milk. Probably not much better than water.,description,ThingDef/Items_Resource_HybridAnimalProducts_Milks.xml,def
GR_MuffalobearMilk.label,muffalobear milk,label,ThingDef/Items_Resource_HybridAnimalProducts_Milks.xml,def
GR_MuffalobearMilk.description,"A delicious milk with roasted overtones. Very pleasurable to eat, but not very nutritious.",description,ThingDef/Items_Resource_HybridAnimalProducts_Milks.xml,def
GR_WolffaloMilk.label,hairy milk,label,ThingDef/Items_Resource_HybridAnimalProducts_Milks.xml,def
GR_WolffaloMilk.description,"This milk seems to be filled with strands of grey wool. Disgusting, and quite hard to drink...",description,ThingDef/Items_Resource_HybridAnimalProducts_Milks.xml,def
GR_RatMilk.label,ratffalo milk,label,ThingDef/Items_Resource_HybridAnimalProducts_Milks.xml,def
GR_RatMilk.description,"This milk has a rich, thick quality to it. It's origins, however, might be a bit dubious... Unless you trust mafia guys called Tony.",description,ThingDef/Items_Resource_HybridAnimalProducts_Milks.xml,def
GR_Chickenbearfeathers.label,chickenbear feathers,label,ThingDef/Items_Resource_HybridAnimalProducts_Other.xml,def
GR_Chickenbearfeathers.description,"Chickenbear feathers can be gathered and processed into a fine powder called featherdust, which produces a mild euphoric sensation when burned and inhaled.",description,ThingDef/Items_Resource_HybridAnimalProducts_Other.xml,def
GR_HugeBearPelt.label,huge bear pelt,label,ThingDef/Items_Resource_HybridAnimalProducts_Other.xml,def
GR_HugeBearPelt.description,This enormous bear pelt is probably valuable as a trade good. Or it can also be repurposed as a huge rug.,description,ThingDef/Items_Resource_HybridAnimalProducts_Other.xml,def
GR_HugeBearCatPelt.label,bearcat pelt,label,ThingDef/Items_Resource_HybridAnimalProducts_Other.xml,def
GR_HugeBearCatPelt.description,This enormous bear pelt is probably valuable as a trade good. Or it can also be repurposed as a huge rug.,description,ThingDef/Items_Resource_HybridAnimalProducts_Other.xml,def
GR_WolfPelt.label,wolf pelt,label,ThingDef/Items_Resource_HybridAnimalProducts_Other.xml,def
GR_WolfPelt.description,This wolf pelt can be used as a trade good. It can also be crafted into a decorative wolf rug.,description,ThingDef/Items_Resource_HybridAnimalProducts_Other.xml,def
GR_MuffaloPelt.label,muffalo pelt,label,ThingDef/Items_Resource_HybridAnimalProducts_Other.xml,def
GR_MuffaloPelt.description,Cool! You can now make your own Game of Thrones / Rimworld cosplay! Or it can also be repurposed as a comfy rug.,description,ThingDef/Items_Resource_HybridAnimalProducts_Other.xml,def
GR_Castoreum.label,beaverwolf castoreum,label,ThingDef/Items_Resource_HybridAnimalProducts_Other.xml,def
GR_Castoreum.description,"Castoreum is a yellowish exudate from the castor sacs of beavers. It is historically used as a food additive and natural flavour, often as a substitute vanilla flavour.",description,ThingDef/Items_Resource_HybridAnimalProducts_Other.xml,def
GR_ThinHybridWool.label,thin hybrid wool,label,ThingDef/Items_Resource_HybridAnimalProducts_Wools.xml,def
GR_ThinHybridWool.description,"Brittle, strange smelling wool. Not the best wool to craft apparel with, though it's better than nothing. Provides nice heat insulation.",description,ThingDef/Items_Resource_HybridAnimalProducts_Wools.xml,def
GR_ThickHybridWool.label,thick hybrid wool,label,ThingDef/Items_Resource_HybridAnimalProducts_Wools.xml,def
GR_ThickHybridWool.description,"Coarse, strong wool. Provides heat and cold protection, as well as decent defense.",description,ThingDef/Items_Resource_HybridAnimalProducts_Wools.xml,def
GR_LuxuriantHybridWool.label,luxuriant hybrid wool,label,ThingDef/Items_Resource_HybridAnimalProducts_Wools.xml,def
GR_LuxuriantHybridWool.description,This wool is extremely thick and warm. Probably the best wool in the animal kingdom.,description,ThingDef/Items_Resource_HybridAnimalProducts_Wools.xml,def
GR_HybridSilk.label,hybrid silk,label,ThingDef/Items_Resource_HybridAnimalProducts_Wools.xml,def
GR_HybridSilk.description,"Fabric spun from silk fibers. Resists blunt and sharp damage easily, but provides almost no protection against extreme heat.",description,ThingDef/Items_Resource_HybridAnimalProducts_Wools.xml,def
GR_HybridChitin.label,hybrid chitin,label,ThingDef/Items_Resource_HybridAnimalProducts_Wools.xml,def
GR_HybridChitin.description,"Overlapping plates of hardened chitin. Really durable in combat, but provides little protection from weather.",description,ThingDef/Items_Resource_HybridAnimalProducts_Wools.xml,def
GR_HybridScales.label,hybrid scales,label,ThingDef/Items_Resource_HybridAnimalProducts_Wools.xml,def
GR_HybridScales.description,"Light, pliable sheets of scaly skin. Light, strong, and insulates well.",description,ThingDef/Items_Resource_HybridAnimalProducts_Wools.xml,def
GR_MechaWool.label,mechanoid wool,label,ThingDef/Items_Resource_HybridAnimalProducts_Wools.xml,def
GR_MechaWool.description,"This wool seems to be strengthened by plasteel micro-fibers, and covered with advanced circuitry.",description,ThingDef/Items_Resource_HybridAnimalProducts_Wools.xml,def
GR_TastyMeat.label,crispy meat,label,ThingDef/Items_Resource_Meats.xml,def
GR_TastyMeat.description,"Raw meat from a manchicken. Unbelievably tasty, and unbelievably unethical. Light, nutritive and with no poisoning chance.",description,ThingDef/Items_Resource_Meats.xml,def
GR_MechanoidChip.label,mechanoid chip,label,ThingDef/Items_Resource_MechanoidChip.xml,def
GR_MechanoidChip.description,"This strange stellated octahedron seems to house an assembly of complex computer chips. It appears to be self-powered, and a faint beeping noise emanates from its core. It is constantly emitting encoded radio waves, and perhaps these could be suitably amplified if the technology behind it could be properly reverse engineered.\n\n<color=#E5E54C>Gameplay effect:</color> Mechanoid chips can only be found in abandoned labs, and can be used to build biomechanical lab beacons, that will allow you to find a biomechanical lab complex, as well as mechahybrid antennas.",description,ThingDef/Items_Resource_MechanoidChip.xml,def
GR_Proj_ThrownSac.label,thrown sac,label,ThingDef/Animal_Projectiles.xml,def
GR_Web.label,web,label,ThingDef/Animal_Projectiles.xml,def
GR_PlasmaBurst.label,plasma burst,label,ThingDef/Animal_Projectiles.xml,def
GR_Distortion.label,spatial distortion,label,ThingDef/Animal_Projectiles.xml,def
GR_SmokeBomb.label,smokepop shell,label,ThingDef/Animal_Projectiles.xml,def
GR_FireSpit.label,fire spit,label,ThingDef/Animal_Projectiles.xml,def
GR_IncendiaryMote.label,incendiary bolt,label,ThingDef/Animal_Projectiles.xml,def
GR_SniperFlechette.label,sniper flechette,label,ThingDef/Animal_Projectiles.xml,def
GR_RazorProjectile.label,razor scythe,label,ThingDef/Animal_Projectiles.xml,def
GR_Laser.label,laser beam,label,ThingDef/Animal_Projectiles.xml,def
GR_Disintegrator.label,disintegrator beam,label,ThingDef/Animal_Projectiles.xml,def
GR_StunBolt.label,stun bolt,label,ThingDef/Animal_Projectiles.xml,def
GR_PoisonBlast.label,poison blast,label,ThingDef/Animal_Projectiles.xml,def
GR_HairballProjectile.label,hairball,label,ThingDef/Animal_Projectiles.xml,def
GR_GreatHairballProjectile.label,greater hairball,label,ThingDef/Animal_Projectiles.xml,def
GR_CryoBlast.label,cryo blast,label,ThingDef/Animal_Projectiles.xml,def
GR_Warhead.label,antigrain warhead,label,ThingDef/Animal_Projectiles.xml,def
GR_FlameBreathAnimated.label,flame breath,label,VEF.Weapons.ExpandableProjectileDef/Animal_Projectiles.xml,def
GR_PoisonBreathAnimated.label,poison breath,label,VEF.Weapons.ExpandableProjectileDef/Animal_Projectiles.xml,def
GR_PoisonBreath.label,poison breath,label,ThingDef/Animal_Projectiles.xml,def
GR_FilthMucus.label,mucus,label,ThingDef/Filth_Various.xml,def
GR_Filth_Fuel.label,chemfuel puddle,label,ThingDef/Filth_Various.xml,def
GR_Filth_Fuel.description,A puddle of flammable chemfuel.,description,ThingDef/Filth_Various.xml,def
GR_Gas_Ice.label,ice crystals,label,ThingDef/Gas_Various.xml,def
GR_Poison_Gas.label,poison gas,label,ThingDef/Gas_Various.xml,def
GR_Hairballs.label,hairballs,label,ThingDef/Gas_Various.xml,def
GR_Poison_Cloud.label,poison cloud,label,ThingDef/Gas_Various.xml,def
GR_InsectCloudMotes.label,insect clouds,label,ThingDef/Gas_Various.xml,def
GR_Gas_Dust.label,dust,label,ThingDef/Gas_Various.xml,def
GR_ArchotechCentipede.label,archocentipede,label,ThingDef/Races_Animal_ArchotechCentipede.xml,def
GR_ArchotechCentipede.description,"The Archocentipede is the end result of the Archotech Project, aiming to provide a ""friendly"" machine superintelligence with a capable body. Even though this centipede is forcefully loyal to the colonists, and can be somewhat controlled by them, most other inhabitants of the planet will consider its existence to be an abomination, since dabbling in archotech usually signals the end of comprehensible human life.\n\nUseful abilities: What do you mean useful? You have WON the game. The Archocentipede is basically unkillable by normal means, just use it to lay waste to everything on the planet. You don't have enemies now, you have pets. Ooooor... the archotech may kill all your colonists. One of the two.\n\nBased on concept art for the Nydus Worm by Federico Dallocchio from Blizzard Entertainment at the Starcraft wiki, https://starcraft.fandom.com/wiki/Nydus_worm/Development.",description,ThingDef/Races_Animal_ArchotechCentipede.xml,def
GR_ArchotechCentipede.tools.0.label,head,label,ThingDef/Races_Animal_ArchotechCentipede.xml,def
GR_ArchotechCentipede.label,archocentipede,label,PawnKindDef/Races_Animal_ArchotechCentipede.xml,def
GR_Chickenbear.label,chickenbear,label,ThingDef/Races_Animal_AvianHybrids.xml,def
GR_Chickenbear.description,"For something so small, this animal has a hell of an appetite. Lacking in many departments, but the nutrition has to go somewhere and that’s for those looking for a non-vegan friendly option of getting high. The person who thought it would be a good idea to inhale the burning feathers of this plump creature is one stoners everywhere praise while they blaze.\n\nAn avian hybrid with recessive ursine genes. Has a considerably larger appetite and inherent wildness, but reproduces quickly.\n\n<color=#E5E54C>Gameplay effect:</color> Can be regularly plucked for chickenbear feathers. When these feathers are turned into powder at a Drug lab, they can be rolled into a joint to be smoked.",description,ThingDef/Races_Animal_AvianHybrids.xml,def
GR_Chickenbear.tools.0.label,claws,label,ThingDef/Races_Animal_AvianHybrids.xml,def
GR_Chickenbear.tools.2.label,head,label,ThingDef/Races_Animal_AvianHybrids.xml,def
GR_Chickenbear.label,chickenbear,label,PawnKindDef/Races_Animal_AvianHybrids.xml,def
GR_Chickenbear.labelFemale,chickenbear hen,labelFemale,PawnKindDef/Races_Animal_AvianHybrids.xml,def
GR_Chickenbear.lifeStages.0.label,chickenbear chick,label,PawnKindDef/Races_Animal_AvianHybrids.xml,def
GR_Chickenlope.label,chickenlope,label,ThingDef/Races_Animal_AvianHybrids.xml,def
GR_Chickenlope.description,"The ideal companion for those who love the smell of fried eggs and napalm in the morning. Regretfully they’re far too birdbrained to receive any direction, and most owners have been noted saying “I’ve made a huge mistake”.\n\nAn avian hybrid with recessive boomalope genes. Very dangerous if allowed to breed uncontrollably, so consider liberal fireproofing and selling the excess. Produces chemfuel daily as well as an egg every 2 days.",description,ThingDef/Races_Animal_AvianHybrids.xml,def
GR_Chickenlope.tools.0.label,claws,label,ThingDef/Races_Animal_AvianHybrids.xml,def
GR_Chickenlope.tools.2.label,head,label,ThingDef/Races_Animal_AvianHybrids.xml,def
GR_Chickenlope.label,chickenlope,label,PawnKindDef/Races_Animal_AvianHybrids.xml,def
GR_Chickenlope.labelFemale,chickenlope hen,labelFemale,PawnKindDef/Races_Animal_AvianHybrids.xml,def
GR_Chickenlope.lifeStages.0.label,chickenlope chick,label,PawnKindDef/Races_Animal_AvianHybrids.xml,def
GR_Chickenffalo.label,chickenffalo,label,ThingDef/Races_Animal_AvianHybrids.xml,def
GR_Chickenffalo.description,"You wouldn’t think something so small could eat so much, but that’s the price you pay for the sake of convenience. That convenience is sporadic, low in nutrition and very thin, an effect commonly described as “nerfing”.\n\nAn avian hybrid with recessive muffalo genes. Loves to wander so it must be securely penned, but they make for a surprising pack beast. Capable of producing the holy trinity of milk, eggs and wool, however they can be quite lacking in substance.",description,ThingDef/Races_Animal_AvianHybrids.xml,def
GR_Chickenffalo.tools.0.label,claws,label,ThingDef/Races_Animal_AvianHybrids.xml,def
GR_Chickenffalo.tools.1.label,head,label,ThingDef/Races_Animal_AvianHybrids.xml,def
GR_Chickenffalo.label,chickenffalo,label,PawnKindDef/Races_Animal_AvianHybrids.xml,def
GR_Chickenffalo.labelFemale,chickenffalo hen,labelFemale,PawnKindDef/Races_Animal_AvianHybrids.xml,def
GR_Chickenffalo.lifeStages.0.label,chickenffalo chick,label,PawnKindDef/Races_Animal_AvianHybrids.xml,def
GR_Chickenwolf.label,chickenwolf,label,ThingDef/Races_Animal_AvianHybrids.xml,def
GR_Chickenwolf.description,"The Tiny Terror with a disconcertingly large mouth and sharp teeth. These comic flightless web-footed little bastards may finally unwittingly help man to fathom the uncharted depths of just how dangerous they can make a living creature the size of a basketball.\n\nAn avian hybrid with recessive canine genes. Doesn’t produce much in the way of eggs but makes up for it by having a shorter gestation period and a very nasty bite. They’re also incredibly smart and agile, making them ideal for swarm tactics.",description,ThingDef/Races_Animal_AvianHybrids.xml,def
GR_Chickenwolf.tools.0.label,claws,label,ThingDef/Races_Animal_AvianHybrids.xml,def
GR_Chickenwolf.tools.2.label,head,label,ThingDef/Races_Animal_AvianHybrids.xml,def
GR_Chickenwolf.label,chickenwolf,label,PawnKindDef/Races_Animal_AvianHybrids.xml,def
GR_Chickenwolf.labelFemale,chickenwolf hen,labelFemale,PawnKindDef/Races_Animal_AvianHybrids.xml,def
GR_Chickenwolf.lifeStages.0.label,chickenwolf chick,label,PawnKindDef/Races_Animal_AvianHybrids.xml,def
GR_Chickenrabbit.label,chickenrabbit,label,ThingDef/Races_Animal_AvianHybrids.xml,def
GR_Chickenrabbit.description,"One of the few unusual animal hybrids that come with their own warning labels despite being almost entirely harmless. All it took was one absent-minded vegan to cause a single couple of “Breeders” to overpopulate and devastate the ecology of an entire continent. Fairy tales surrounding the fluffy terror have done nothing to help it be taken seriously.\n\nAn avian hybrid with recessive rodent genes. An incredibly low metabolism coupled with an incredibly high reproduction rate, these animals are very sensitive to temperature and are unusually keen on escaping to the wilds.",description,ThingDef/Races_Animal_AvianHybrids.xml,def
GR_Chickenrabbit.tools.0.label,claws,label,ThingDef/Races_Animal_AvianHybrids.xml,def
GR_Chickenrabbit.tools.2.label,head,label,ThingDef/Races_Animal_AvianHybrids.xml,def
GR_Chickenrabbit.label,chickenrabbit,label,PawnKindDef/Races_Animal_AvianHybrids.xml,def
GR_Chickenrabbit.labelFemale,chickenrabbit hen,labelFemale,PawnKindDef/Races_Animal_AvianHybrids.xml,def
GR_Chickenrabbit.lifeStages.0.label,chickenrabbit chick,label,PawnKindDef/Races_Animal_AvianHybrids.xml,def
GR_Chickencat.label,chickencat,label,ThingDef/Races_Animal_AvianHybrids.xml,def
GR_Chickencat.description,"Respectably intelligent as well as lethal, these egg-laying, plump beasties love nuzzling their owners and biting their enemies. Sometimes those are different people.\n\nAn avian hybrid with recessive feline genes. Quite clean with a low gestation period, they make for an average farm animal and an average combatant with good speed. They still require a pen, so they make for good home defence.\n\n<color=#E5E54C>Gameplay effect:</color> Like all cat hybrids, they have an improved melee dodge ability and a short nuzzle period.",description,ThingDef/Races_Animal_AvianHybrids.xml,def
GR_Chickencat.tools.0.label,claws,label,ThingDef/Races_Animal_AvianHybrids.xml,def
GR_Chickencat.tools.2.label,head,label,ThingDef/Races_Animal_AvianHybrids.xml,def
GR_Chickencat.label,chickencat,label,PawnKindDef/Races_Animal_AvianHybrids.xml,def
GR_Chickencat.labelFemale,chickencat hen,labelFemale,PawnKindDef/Races_Animal_AvianHybrids.xml,def
GR_Chickencat.lifeStages.0.label,chickencat chick,label,PawnKindDef/Races_Animal_AvianHybrids.xml,def
GR_Turkeyman.label,turkeyman,label,ThingDef/Races_Animal_AvianHybrids.xml,def
GR_Turkeyman.description,"A cheeky little shit that likes to go around and play with switches, to satisfy their curiosity much like how an ignorant child would. Perhaps a little too smart for their own good. Their behaviour is similar to failed service animals that learn how to operate household items without restraint.\n\nAn avian hybrid with recessive humanoid genes. Surprisingly hardy, quick and very intelligent, these creatures make for a particularly filthy and hungry egg-layer. Their little wings are quite dextrous and can be used to flick switches.\n\n<color=#E5E54C>Gameplay effect:</color> Humanoid hybrids will periodically engage other colonists in conversation, talking about a variety of topics. This increases the social recreation needs of those they interact with by 10% (subject to diminishing returns like all joy types). If using Ideology, humanoid hybrids are subject to precepts. Turkeymen periodically flick switches around the colony (any building that can be toggled on / off by a colonist).",description,ThingDef/Races_Animal_AvianHybrids.xml,def
GR_Turkeyman.tools.0.label,claws,label,ThingDef/Races_Animal_AvianHybrids.xml,def
GR_Turkeyman.tools.1.label,toothed beak,label,ThingDef/Races_Animal_AvianHybrids.xml,def
GR_Turkeyman.tools.2.label,head,label,ThingDef/Races_Animal_AvianHybrids.xml,def
GR_Turkeyman.label,turkeyman,label,PawnKindDef/Races_Animal_AvianHybrids.xml,def
GR_Turkeyman.labelFemale,turkeywoman,labelFemale,PawnKindDef/Races_Animal_AvianHybrids.xml,def
GR_Turkeyman.lifeStages.0.label,turkeybaby,label,PawnKindDef/Races_Animal_AvianHybrids.xml,def
GR_Turkeyman.lifeStages.0.labelPlural,turkeybabies,labelPlural,PawnKindDef/Races_Animal_AvianHybrids.xml,def
GR_Boomabear.label,boomabear,label,ThingDef/Races_Animal_BoomHybrids.xml,def
GR_Boomabear.description,"Originally intended as a way to make boomalopes more combat viable, their powerful muscles have instead been focused on compressing its produced chemfuel as a way to store greater amounts of chemfuel without care of how dangerous it is.\n\nA boomalope hybrid with recessive ursine genes. Consumes more than twice as much compared to a boomalope but produces deepchem instead. They’re also capable of defending themselves should any predator be foolish enough to go after them.",description,ThingDef/Races_Animal_BoomHybrids.xml,def
GR_Boomabear.tools.1.label,head,label,ThingDef/Races_Animal_BoomHybrids.xml,def
GR_Boomabear.label,boomabear,label,PawnKindDef/Races_Animal_BoomHybrids.xml,def
GR_Boomabear.lifeStages.0.label,boomabear calf,label,PawnKindDef/Races_Animal_BoomHybrids.xml,def
GR_Boomabear.lifeStages.0.labelPlural,boomabear calves,labelPlural,PawnKindDef/Races_Animal_BoomHybrids.xml,def
GR_Boomachicken.label,boomachicken,label,ThingDef/Races_Animal_BoomHybrids.xml,def
GR_Boomachicken.description,"A biological weapon in compact form, these living, breathing, shitting bombs are ideally assembled into a massive horde and sent squawking at the enemy. Allegedly, this particular hybrid has been brought up in certain court cases as the original creator thought it would be funny to create “lethal egg timers”.\n\nA boomalope hybrid with recessive avian genes. Produces edible eggs very slowly, but can lay a clutch of explosive eggs twice a day. They’re both reasonably intelligent and quick on their feet.",description,ThingDef/Races_Animal_BoomHybrids.xml,def
GR_Boomachicken.tools.0.label,head,label,ThingDef/Races_Animal_BoomHybrids.xml,def
GR_Boomachicken.tools.1.label,bite,label,ThingDef/Races_Animal_BoomHybrids.xml,def
GR_Boomachicken.label,boomachicken,label,PawnKindDef/Races_Animal_BoomHybrids.xml,def
GR_Boomachicken.lifeStages.0.label,boomachicken calf,label,PawnKindDef/Races_Animal_BoomHybrids.xml,def
GR_Boomachicken.lifeStages.0.labelPlural,boomachicken calves,labelPlural,PawnKindDef/Races_Animal_BoomHybrids.xml,def
GR_Boomffalo.label,boomffalo,label,ThingDef/Races_Animal_BoomHybrids.xml,def
GR_Boomffalo.description,"People love efficiency and having one thing to cover all their needs. Well this isn’t it, but it gets damn close. The chemfuel sacs have mixed with milk-producing glands, which make for a milk that smells like pure gasoline and could almost power a vehicle.\n\nA boomalope hybrid with recessive muffalo genes. Has a large appetite due to it producing multiple products, namely deepchem, thin wool and an unusual milk that shares properties with Chemshine.",description,ThingDef/Races_Animal_BoomHybrids.xml,def
GR_Boomffalo.tools.0.label,head,label,ThingDef/Races_Animal_BoomHybrids.xml,def
GR_Boomffalo.label,boomffalo,label,PawnKindDef/Races_Animal_BoomHybrids.xml,def
GR_Boomffalo.lifeStages.0.label,boomffalo calf,label,PawnKindDef/Races_Animal_BoomHybrids.xml,def
GR_Boomffalo.lifeStages.0.labelPlural,boomffalo calves,labelPlural,PawnKindDef/Races_Animal_BoomHybrids.xml,def
GR_Boomwolf.label,boomwolf,label,ThingDef/Races_Animal_BoomHybrids.xml,def
GR_Boomwolf.description,"For those who wished they could equip their canines with explosive vests, the Boomwolf stores pressurised - almost solidified - chemfuel which can be remotely discharged as a non-explosive gas. Thanks to thermodynamics, it is extremely cold upon release and can just as easily hurt the hybrid as well as everything nearby.\n\nA boomalope hybrid with recessive canine genes. Very intelligent, fast and dangerous, they make for an interesting combat animal. One of the few canine-type hybrids that work better solo than as a pack.",description,ThingDef/Races_Animal_BoomHybrids.xml,def
GR_Boomwolf.tools.1.label,head,label,ThingDef/Races_Animal_BoomHybrids.xml,def
GR_Boomwolf.label,boomwolf,label,PawnKindDef/Races_Animal_BoomHybrids.xml,def
GR_Boomwolf.lifeStages.0.label,boomwolf calf,label,PawnKindDef/Races_Animal_BoomHybrids.xml,def
GR_Boomwolf.lifeStages.0.labelPlural,boomwolf calves,labelPlural,PawnKindDef/Races_Animal_BoomHybrids.xml,def
GR_Boomsquirrel.label,boomsquirrel,label,ThingDef/Races_Animal_BoomHybrids.xml,def
GR_Boomsquirrel.description,"With adorable horns and long snoots, these squeaky lads are ideal in giving your enemy a stunning surprise. Their chemfuel mixture includes other gases that create a blinding and disorienting flashbang when remotely detonated. They’ll still make a regular boom if killed though.\n\nA boomalope hybrid with recessive rodent genes. Quite fast and intelligent, these hybrids work as excellent swarm attackers. Their rapid reproduction cycle and stunning explosion make for an ideal companion to ranged masters.",description,ThingDef/Races_Animal_BoomHybrids.xml,def
GR_Boomsquirrel.tools.0.label,left claw,label,ThingDef/Races_Animal_BoomHybrids.xml,def
GR_Boomsquirrel.tools.1.label,right claw,label,ThingDef/Races_Animal_BoomHybrids.xml,def
GR_Boomsquirrel.tools.3.label,head,label,ThingDef/Races_Animal_BoomHybrids.xml,def
GR_Boomsquirrel.label,boomsquirrel,label,PawnKindDef/Races_Animal_BoomHybrids.xml,def
GR_Boomcat.label,boomcat,label,ThingDef/Races_Animal_BoomHybrids.xml,def
GR_Boomcat.description,"Combining the frequent nuzzling of a cat and the deepchem production of a primary boomalope hybrid is surely in no way going to end badly. Better not to ignore them should they complain loudly about wanting dinner.\n\nA boomalope hybrid with recessive feline genes. They make for an interesting companion for those who desire chemfuel production but also want to be able to cuddle said creatures. They can also be butchered to retrieve an internal gland filled with deepchem.\n\n<color=#E5E54C>Gameplay effect:</color> Like all cat hybrids, they have an improved melee dodge ability and a short nuzzle period.",description,ThingDef/Races_Animal_BoomHybrids.xml,def
GR_Boomcat.tools.1.label,head,label,ThingDef/Races_Animal_BoomHybrids.xml,def
GR_Boomcat.label,boomcat,label,PawnKindDef/Races_Animal_BoomHybrids.xml,def
GR_Boomcat.lifeStages.0.label,boomcat kitten,label,PawnKindDef/Races_Animal_BoomHybrids.xml,def
GR_Boomcat.lifeStages.0.labelPlural,boomcat kittens,labelPlural,PawnKindDef/Races_Animal_BoomHybrids.xml,def
GR_Booman.label,booman,label,ThingDef/Races_Animal_BoomHybrids.xml,def
GR_Booman.description,"Outright refuses to let anyone else milk them for their chemfuel as they view it as a violation of their humanoid rights. They make for a good conversation partner even if their stance can be a little volatile.\n\nA boomalope hybrid with recessive humanoid genes. Instead of supplying a regular amount of chemfuel, this hybrid will syphon themselves to top up a limited number of machinery powered by chemfuel, such as generators and pod launchers.\n\n<color=#E5E54C>Gameplay effect:</color> Humanoid hybrids will periodically engage other colonists in conversation, talking about a variety of topics. This increases the social recreation needs of those they interact with by 10% (subject to diminishing returns like all joy types). If using Ideology, humanoid hybrids are subject to precepts. Boomen periodically refuel some machines powered by chemfuel in a 10 tile radius (chemfuel generators and pod launchers).",description,ThingDef/Races_Animal_BoomHybrids.xml,def
GR_Booman.tools.1.label,head,label,ThingDef/Races_Animal_BoomHybrids.xml,def
GR_Booman.label,booman,label,PawnKindDef/Races_Animal_BoomHybrids.xml,def
GR_Booman.labelFemale,wooman,labelFemale,PawnKindDef/Races_Animal_BoomHybrids.xml,def
GR_Booman.lifeStages.0.label,boombaby,label,PawnKindDef/Races_Animal_BoomHybrids.xml,def
GR_Booman.lifeStages.0.labelPlural,boombabies,labelPlural,PawnKindDef/Races_Animal_BoomHybrids.xml,def
GR_Wolfbear.label,wolfbear,label,ThingDef/Races_Animal_CanineHybrids.xml,def
GR_Wolfbear.description,"A massively muscled boi with strong claws, sharper teeth and a mean attitude. Adorable when it’s trying to jump you to lick your face, less so when those same paws are trying to restrain you so it can bite your head off.\n\nA canine hybrid with recessive ursine genes. Stronger, more aggressive and with a bigger appetite, this hybrid’s particular lethality comes from its tendency to attack the enemy’s head to try and decapitate them.\n\n<color=#E5E54C>Gameplay effect:</color> All canine hybrids get the Adrenaline rush ability, which allows them to move at 200% speed for a short time, but be tired and move slower for half a day afterwards. There is a 25% chance that wolfbear attacks will target its victim's head, possibly decapitating enemies. Fun!",description,ThingDef/Races_Animal_CanineHybrids.xml,def
GR_Wolfbear.tools.0.label,left claw,label,ThingDef/Races_Animal_CanineHybrids.xml,def
GR_Wolfbear.tools.1.label,right claw,label,ThingDef/Races_Animal_CanineHybrids.xml,def
GR_Wolfbear.tools.3.label,head,label,ThingDef/Races_Animal_CanineHybrids.xml,def
GR_Wolfbear.label,wolfbear,label,PawnKindDef/Races_Animal_CanineHybrids.xml,def
GR_Wolfbear.lifeStages.0.label,wolfbear puppy,label,PawnKindDef/Races_Animal_CanineHybrids.xml,def
GR_Wolfbear.lifeStages.0.labelPlural,wolfbear puppies,labelPlural,PawnKindDef/Races_Animal_CanineHybrids.xml,def
GR_Wolfalope.label,wolfalope,label,ThingDef/Races_Animal_CanineHybrids.xml,def
GR_Wolfalope.description,"Some insane madman thought it would be an excellent idea to strap a flamethrower to a dog and send it out into the world to see what happens. Don’t be surprised to find out this unusual hybrid started a massive forest fire trying to hunt a rabbit.\n\nA canine hybrid with recessive boomalope genes. A bit more dim-witted compared to their baseline, due to a large amount of brain processing power dedicated to the complex internal organs that permit it to spit out burning chemfuel. Excellent flankers thanks to their increased speed and ranged ability.\n\n<color=#E5E54C>Gameplay effect:</color> All canine hybrids get the Adrenaline rush ability, which allows them to move at 200% speed for a short time, but be tired and move slower for half a day afterwards.",description,ThingDef/Races_Animal_CanineHybrids.xml,def
GR_Wolfalope.tools.0.label,left claw,label,ThingDef/Races_Animal_CanineHybrids.xml,def
GR_Wolfalope.tools.1.label,right claw,label,ThingDef/Races_Animal_CanineHybrids.xml,def
GR_Wolfalope.tools.3.label,head,label,ThingDef/Races_Animal_CanineHybrids.xml,def
GR_Wolfalope.label,wolfalope,label,PawnKindDef/Races_Animal_CanineHybrids.xml,def
GR_Wolfalope.lifeStages.0.label,wolfalope puppy,label,PawnKindDef/Races_Animal_CanineHybrids.xml,def
GR_Wolfalope.lifeStages.0.labelPlural,wolfalope puppies,labelPlural,PawnKindDef/Races_Animal_CanineHybrids.xml,def
GR_Wolfchicken.label,wolfchicken,label,ThingDef/Races_Animal_CanineHybrids.xml,def
GR_Wolfchicken.description,"Not many people are familiar with just how vicious a chicken can be, with them even going so far to pick at their own wounds or actively eating each other if hungry. Combining that with the sleek hunting form of a wolf and making them vegetarian creates a deadly combo. You’d go mad too if you smelled something delicious but couldn’t stomach eating it.\n\nA canine hybrid with recessive avian genes. Very quick on their feet and very filthy, care must be taken as they are far less suited to cold temperatures. The inherent viciousness of chickens has been combined with a proper combat form, vastly boosting their speed after killing its prey.\n\n<color=#E5E54C>Gameplay effect:</color> All canine hybrids get the Adrenaline rush ability, which allows them to move at 200% speed for a short time, but be tired and move slower for half a day afterwards. Blood frenzy ability: after killing prey, the wolfchicken receives 200% speed for an hour.",description,ThingDef/Races_Animal_CanineHybrids.xml,def
GR_Wolfchicken.tools.0.label,left claw,label,ThingDef/Races_Animal_CanineHybrids.xml,def
GR_Wolfchicken.tools.1.label,right claw,label,ThingDef/Races_Animal_CanineHybrids.xml,def
GR_Wolfchicken.tools.3.label,head,label,ThingDef/Races_Animal_CanineHybrids.xml,def
GR_Wolfchicken.label,wolfchicken,label,PawnKindDef/Races_Animal_CanineHybrids.xml,def
GR_Wolfchicken.lifeStages.0.label,wolfchicken puppy,label,PawnKindDef/Races_Animal_CanineHybrids.xml,def
GR_Wolfchicken.lifeStages.0.labelPlural,wolfchicken puppies,labelPlural,PawnKindDef/Races_Animal_CanineHybrids.xml,def
GR_Wolffalo.label,wolffalo,label,ThingDef/Races_Animal_CanineHybrids.xml,def
GR_Wolffalo.description,"While they make for a completely daft canine hybrid, they’re still smart enough not to wander off. Anyone familiar with dogs that shed enough to make another animal will feel right at home with this hybrid. Even the milk it produces comes already laden with hair for your displeasure!\n\nA canine hybrid with recessive muffalo genes. A great producer of thick wool and, regrettably, hairy milk. This allows them to survive in even more extreme colds, but they frequently make a mess, lack most of their intellect and need to eat a lot.\n\n<color=#E5E54C>Gameplay effect:</color> All canine hybrids get the Adrenaline rush ability, which allows them to move at 200% speed for a short time, but be tired and move slower for half a day afterwards.",description,ThingDef/Races_Animal_CanineHybrids.xml,def
GR_Wolffalo.tools.0.label,left claw,label,ThingDef/Races_Animal_CanineHybrids.xml,def
GR_Wolffalo.tools.1.label,right claw,label,ThingDef/Races_Animal_CanineHybrids.xml,def
GR_Wolffalo.tools.2.label,head,label,ThingDef/Races_Animal_CanineHybrids.xml,def
GR_Wolffalo.label,wolffalo,label,PawnKindDef/Races_Animal_CanineHybrids.xml,def
GR_Wolffalo.lifeStages.0.label,wolffalo puppy,label,PawnKindDef/Races_Animal_CanineHybrids.xml,def
GR_Wolffalo.lifeStages.0.labelPlural,wolffalo puppies,labelPlural,PawnKindDef/Races_Animal_CanineHybrids.xml,def
GR_Wolfbeaver.label,wolfbeaver,label,ThingDef/Races_Animal_CanineHybrids.xml,def
GR_Wolfbeaver.description,"Probably an excellent example of a precursor to the alphabeaver, this beastie has an insane appetite and constantly growing teeth that it wears down by chewing on trees. Either consider creating a tree grove just for them to eat or moving to a jungle because they’re gonna be procreating a whole bunch.\n\nA canine hybrid with recessive rodent genes. Fast gestation period, highly intelligent, incredibly fast and lethal. The price for these benefits is that it has a constant hunger for trees and shares ancestry with another rapid dendrovore.\n\n<color=#E5E54C>Gameplay effect:</color> All canine hybrids get the Adrenaline rush ability, which allows them to move at 200% speed for a short time, but be tired and move slower for half a day afterwards.",description,ThingDef/Races_Animal_CanineHybrids.xml,def
GR_Wolfbeaver.tools.0.label,left claw,label,ThingDef/Races_Animal_CanineHybrids.xml,def
GR_Wolfbeaver.tools.1.label,right claw,label,ThingDef/Races_Animal_CanineHybrids.xml,def
GR_Wolfbeaver.tools.3.label,head,label,ThingDef/Races_Animal_CanineHybrids.xml,def
GR_Wolfbeaver.label,wolfbeaver,label,PawnKindDef/Races_Animal_CanineHybrids.xml,def
GR_Wolfbeaver.lifeStages.0.label,wolfbeaver puppy,label,PawnKindDef/Races_Animal_CanineHybrids.xml,def
GR_Wolfbeaver.lifeStages.0.labelPlural,wolfbeaver puppies,labelPlural,PawnKindDef/Races_Animal_CanineHybrids.xml,def
GR_Wolfcat.label,wolfcat,label,ThingDef/Races_Animal_CanineHybrids.xml,def
GR_Wolfcat.description,"Dogs and cats are domesticated predators who are just the absolute cutest. So someone wanted to see how dangerous they could make something by combining these two proto predators. The results could be imagined but we’ll let them speak for themselves.\n\nA canine hybrid with recessive feline genes. A combination of two predators makes for an incredible loyal killing machine. Quick, lethal, low maintenance and a desire for companionship. If that wasn’t already enough, it can even randomly attack twice by lunging with both claws and teeth.\n\n<color=#E5E54C>Gameplay effect:</color> All canine hybrids get the Adrenaline rush ability, which allows them to move at 200% speed for a short time, but be tired and move slower for half a day afterwards. Like all cat hybrids, they have an improved melee dodge ability and a short nuzzle period. Double slash: 25% of the time its attacks will strike twice.",description,ThingDef/Races_Animal_CanineHybrids.xml,def
GR_Wolfcat.tools.0.label,left claw,label,ThingDef/Races_Animal_CanineHybrids.xml,def
GR_Wolfcat.tools.1.label,right claw,label,ThingDef/Races_Animal_CanineHybrids.xml,def
GR_Wolfcat.tools.3.label,head,label,ThingDef/Races_Animal_CanineHybrids.xml,def
GR_Wolfcat.label,wolfcat,label,PawnKindDef/Races_Animal_CanineHybrids.xml,def
GR_Wolfcat.lifeStages.0.label,wolfcat puppy,label,PawnKindDef/Races_Animal_CanineHybrids.xml,def
GR_Wolfcat.lifeStages.0.labelPlural,wolfcat puppies,labelPlural,PawnKindDef/Races_Animal_CanineHybrids.xml,def
GR_Dogman.label,dogman,label,ThingDef/Races_Animal_CanineHybrids.xml,def
GR_Dogman.description,"Man’s best friend who is also himself? Have you ever thought that the folds on a dog’s skin can act almost as pockets? What if those folds held a knife and the dog could wield it? Well look no further, as this pup will answer those questions with violence.\n\nA canine hybrid with recessive humanoid genes. A smart hybrid capable of holding conversations with their technical superiors and will sometimes obey commands to slaughter other tamed colony animals.\n\n<color=#E5E54C>Gameplay effect:</color> Humanoid hybrids will periodically engage other colonists in conversation, talking about a variety of topics. This increases the social recreation needs of those they interact with by 10% (subject to diminishing returns like all joy types). If using Ideology, humanoid hybrids are subject to precepts. Dogmen will periodically obey commands to slaughter other colony (tamed) animals.",description,ThingDef/Races_Animal_CanineHybrids.xml,def
GR_Dogman.tools.0.label,left claw,label,ThingDef/Races_Animal_CanineHybrids.xml,def
GR_Dogman.tools.1.label,right claw,label,ThingDef/Races_Animal_CanineHybrids.xml,def
GR_Dogman.tools.3.label,head,label,ThingDef/Races_Animal_CanineHybrids.xml,def
GR_Dogman.label,dogman,label,PawnKindDef/Races_Animal_CanineHybrids.xml,def
GR_Dogman.labelFemale,dogwoman,labelFemale,PawnKindDef/Races_Animal_CanineHybrids.xml,def
GR_Dogman.lifeStages.0.label,dogman puppy-baby,label,PawnKindDef/Races_Animal_CanineHybrids.xml,def
GR_Dogman.lifeStages.0.labelPlural,dogman puppy-babies,labelPlural,PawnKindDef/Races_Animal_CanineHybrids.xml,def
GR_Thrumbear.label,thrumbear,label,ThingDef/Races_Animal_ColossalHybrids.xml,def
GR_Thrumbear.description,"If you thought Thrumbos were tough and hit like a tank, may I present to you the answer to all your prayers. If you can feed the thing, this absolute unit would work extremely well as an assault force against any force foolish enough to threaten its feedstock. Plus you get to ride it on long journeys, possibly clearing entire forests on the way.\n\nA colossal hybrid with recessive ursine genes. While proportionately it has a lower metabolism, its 50% increase in size still leaves it with a higher hunger rate than a thrumbo. They are however easier to train, hit much harder and can take even more punishment.\n\n<color=#E5E54C>Gameplay effect:</color> All colossal hybrids have very slow attacks, but hit very hard, and possess natural armor.",description,ThingDef/Races_Animal_ColossalHybrids.xml,def
GR_Thrumbear.tools.0.label,horn,label,ThingDef/Races_Animal_ColossalHybrids.xml,def
GR_Thrumbear.tools.2.label,left foot,label,ThingDef/Races_Animal_ColossalHybrids.xml,def
GR_Thrumbear.tools.3.label,right foot,label,ThingDef/Races_Animal_ColossalHybrids.xml,def
GR_Thrumbear.tools.4.label,head,label,ThingDef/Races_Animal_ColossalHybrids.xml,def
GR_Thrumbear.label,thrumbear,label,PawnKindDef/Races_Animal_ColossalHybrids.xml,def
GR_Thrumbear.lifeStages.0.label,thrumbear calf,label,PawnKindDef/Races_Animal_ColossalHybrids.xml,def
GR_Thrumbear.lifeStages.0.labelPlural,thrumbear calves,labelPlural,PawnKindDef/Races_Animal_ColossalHybrids.xml,def
GR_Thrumbalope.label,thrumbalope,label,ThingDef/Races_Animal_ColossalHybrids.xml,def
GR_Thrumbalope.description,"Now here’s a creature you absolutely want to keep properly fed, and you’re going to need entire fields to support a single one. The ridiculous amount of chemfuel they produce means that the ceasing of their life functions is more accurately described as “thermonuclear”. So if they are going to blow up, send them as a surprise gift to friends and family who keep trying to kill you.\n\nA colossal hybrid with recessive boomalope genes. The addition of chemfuel production has vastly increased the amount of food they need to survive, but they’re also smart enough to not need a pen. Consider keeping them far away from your growing fields if the local biome can grow vegetation fast enough to support one.\n\n<color=#E5E54C>Gameplay effect:</color> All colossal hybrids have very slow attacks, but hit very hard, and possess natural armor.",description,ThingDef/Races_Animal_ColossalHybrids.xml,def
GR_Thrumbalope.tools.0.label,horn,label,ThingDef/Races_Animal_ColossalHybrids.xml,def
GR_Thrumbalope.tools.2.label,left foot,label,ThingDef/Races_Animal_ColossalHybrids.xml,def
GR_Thrumbalope.tools.3.label,right foot,label,ThingDef/Races_Animal_ColossalHybrids.xml,def
GR_Thrumbalope.tools.4.label,head,label,ThingDef/Races_Animal_ColossalHybrids.xml,def
GR_Thrumbalope.label,thrumbalope,label,PawnKindDef/Races_Animal_ColossalHybrids.xml,def
GR_Thrumbalope.lifeStages.0.label,thrumbalope calf,label,PawnKindDef/Races_Animal_ColossalHybrids.xml,def
GR_Thrumbalope.lifeStages.0.labelPlural,thrumbalope calves,labelPlural,PawnKindDef/Races_Animal_ColossalHybrids.xml,def
GR_Thrumbochicken.label,thrumbochicken,label,ThingDef/Races_Animal_ColossalHybrids.xml,def
GR_Thrumbochicken.description,"This is probably the closest chickens will be able to get to recovering their past glory as super predators. They’ll often hunt any other animal for their next meal, multiple times a day, and you haven’t yet lived until you’ve ridden one on a long journey. If they could be further bred to cross mountains and oceans, they’d be almost perfect.\n\nA colossal hybrid with recessive avian genes. The combination of genes has turned this somewhat peaceful herbivore/dendrovore into a full carnivore, which makes it easier to support their large appetite. As an intelligent predator, it can move incredibly quickly for its size and its attacks are incredibly fierce. It also lays massive eggs that can feed entire families.\n\n<color=#E5E54C>Gameplay effect:</color> All colossal hybrids have very slow attacks, but hit very hard, and possess natural armor.",description,ThingDef/Races_Animal_ColossalHybrids.xml,def
GR_Thrumbochicken.tools.0.label,horn,label,ThingDef/Races_Animal_ColossalHybrids.xml,def
GR_Thrumbochicken.tools.2.label,head,label,ThingDef/Races_Animal_ColossalHybrids.xml,def
GR_Thrumbochicken.label,thrumbochicken,label,PawnKindDef/Races_Animal_ColossalHybrids.xml,def
GR_Thrumbochicken.lifeStages.0.label,thrumbochicken chick,label,PawnKindDef/Races_Animal_ColossalHybrids.xml,def
GR_Thrumbochicken.lifeStages.0.labelPlural,thrumbochicken chicks,labelPlural,PawnKindDef/Races_Animal_ColossalHybrids.xml,def
GR_Thrumffalo.label,thrumffalo,label,ThingDef/Races_Animal_ColossalHybrids.xml,def
GR_Thrumffalo.description,"One of the largest creatures in existence, dwarfing even the thrumbo and the mighty Gallatross. Capable of transporting a massive amount of material, producing a luxurious and excellent wool as well as thick, nutritious milk, they are almost the perfect farm animal. That is as long as you don’t look at your feed costs and die of a heart attack, but the scientists that designed this hybrid never had to worry about such things. Food is something for the proles to worry about.\n\nA colossal hybrid with recessive muffalo genes. Completely herbivorous and with an appetite large enough to cause even large colonies to starve within a single season. This hybrid can prove worth the food costs as it produces thick, delicious milk every couple of days as well as luxurious wool every couple of seasons. Slightly more dimwitted than its progenitor and will attempt to wander off in search of food if not kept penned up.\n\n<color=#E5E54C>Gameplay effect:</color> All colossal hybrids have very slow attacks, but hit very hard, and possess natural armor.",description,ThingDef/Races_Animal_ColossalHybrids.xml,def
GR_Thrumffalo.tools.0.label,horn,label,ThingDef/Races_Animal_ColossalHybrids.xml,def
GR_Thrumffalo.tools.2.label,left foot,label,ThingDef/Races_Animal_ColossalHybrids.xml,def
GR_Thrumffalo.tools.3.label,right foot,label,ThingDef/Races_Animal_ColossalHybrids.xml,def
GR_Thrumffalo.tools.4.label,head,label,ThingDef/Races_Animal_ColossalHybrids.xml,def
GR_Thrumffalo.label,thrumffalo,label,PawnKindDef/Races_Animal_ColossalHybrids.xml,def
GR_Thrumffalo.lifeStages.0.label,thrumffalo calf,label,PawnKindDef/Races_Animal_ColossalHybrids.xml,def
GR_Thrumffalo.lifeStages.0.labelPlural,thrumffalo calves,labelPlural,PawnKindDef/Races_Animal_ColossalHybrids.xml,def
GR_Thrumwolf.label,thrumwolf,label,ThingDef/Races_Animal_ColossalHybrids.xml,def
GR_Thrumwolf.description,"There’s a saying about the scientific community, namely “your scientists were so preoccupied with whether they could, they didn’t stop to think if they should”. This is entirely relevant to this creature, a super predator with practically no equal, a single one of these is enough to require an entire rainforest to support their daily sustenance. If that wasn’t bad enough, they were made along with the Thrumbocat as part of a duo.\n\nA colossal hybrid with recessive canine genes. A large predator with an insane appetite with the necessary ferocity to support itself, very few colonies can support the diet of such a hybrid. Incredibly robust, fast and a terrifying ferocity, they will hunt multiple times a day and often go after prey much bigger than themselves.\n\n<color=#E5E54C>Gameplay effect:</color> All colossal hybrids have very slow attacks, but hit very hard, and possess natural armor.",description,ThingDef/Races_Animal_ColossalHybrids.xml,def
GR_Thrumwolf.tools.0.label,horn,label,ThingDef/Races_Animal_ColossalHybrids.xml,def
GR_Thrumwolf.tools.2.label,left foot,label,ThingDef/Races_Animal_ColossalHybrids.xml,def
GR_Thrumwolf.tools.3.label,right foot,label,ThingDef/Races_Animal_ColossalHybrids.xml,def
GR_Thrumwolf.tools.4.label,head,label,ThingDef/Races_Animal_ColossalHybrids.xml,def
GR_Thrumwolf.label,thrumwolf,label,PawnKindDef/Races_Animal_ColossalHybrids.xml,def
GR_Thrumwolf.lifeStages.0.label,thrumwolf pup,label,PawnKindDef/Races_Animal_ColossalHybrids.xml,def
GR_Thrumwolf.lifeStages.0.labelPlural,thrumwolf puppies,labelPlural,PawnKindDef/Races_Animal_ColossalHybrids.xml,def
GR_Thrumbocat.label,thrumbocat,label,ThingDef/Races_Animal_ColossalHybrids.xml,def
GR_Thrumbocat.description,"The other half of the super predator duo, along with the Thrumwolf, exchanging some ferocity and durability in exchange for going for the trachea and spitting suffocating hairballs. That might not sound that dangerous but imagine having a fistful of hair pulled from a shower drain smothering your mouth, and you’ll realise that’s still not disgusting enough. But for those that it appreciates, it will often pin them down and snuggle them given the chance.\n\nA colossal hybrid with recessive feline genes. A large predator with an insane appetite with a focus on ferocious attacks that restrict their prey’s breathing. Extremely agile with a soft spot for those it loves, best suited for biomes that support enough wildlife to sate its hunger.\n\n<color=#E5E54C>Gameplay effect:</color> All colossal hybrids have very slow attacks, but hit very hard, and possess natural armor.",description,ThingDef/Races_Animal_ColossalHybrids.xml,def
GR_Thrumbocat.tools.0.label,horn,label,ThingDef/Races_Animal_ColossalHybrids.xml,def
GR_Thrumbocat.tools.2.label,left foot,label,ThingDef/Races_Animal_ColossalHybrids.xml,def
GR_Thrumbocat.tools.3.label,right foot,label,ThingDef/Races_Animal_ColossalHybrids.xml,def
GR_Thrumbocat.tools.4.label,head,label,ThingDef/Races_Animal_ColossalHybrids.xml,def
GR_Thrumbocat.label,thrumbocat,label,PawnKindDef/Races_Animal_ColossalHybrids.xml,def
GR_Thrumbocat.lifeStages.0.label,thrumbocat kitten,label,PawnKindDef/Races_Animal_ColossalHybrids.xml,def
GR_Thrumbocat.lifeStages.0.labelPlural,thrumbocat kittens,labelPlural,PawnKindDef/Races_Animal_ColossalHybrids.xml,def
GR_Thrumbospider.label,thrumbospider,label,ThingDef/Races_Animal_ColossalHybrids.xml,def
GR_Thrumbospider.description,"A leftover bioweapon from a now extinct civilisation designed to completely eradicate biomes with dense vegetation. Records indicate that the local indigineous tribes were very resistant to corporate takeover and the megacorp in charge wanted to reduce profit losses. Eventually the planet starved as they were unable to stop these creatures from feasting on farmlands and food reserves.\n\nA colossal hybrid with recessive insectoid genes. A slow moving tank with limited regenerative capabilities, they are almost unkillable if it weren’t for their crippling hunger. As durable as a capital ship, any colony that could possibly support the diet of even a single one would be considered impervious to raids.\n\n<color=#E5E54C>Gameplay effect:</color> All colossal hybrids have very slow attacks, but hit very hard, and possess natural armor. They are always sterile and can't reproduce, even if a fertility booster is used to create them.",description,ThingDef/Races_Animal_ColossalHybrids.xml,def
GR_Thrumbospider.tools.1.label,head,label,ThingDef/Races_Animal_ColossalHybrids.xml,def
GR_Thrumbospider.label,thrumbospider,label,PawnKindDef/Races_Animal_ColossalHybrids.xml,def
GR_Thrumbolizard.label,thrumbolizard,label,ThingDef/Races_Animal_ColossalHybrids.xml,def
GR_Thrumbolizard.description,"About as close as anyone has ever gotten in making a recreation of dragons from folklore. Capable of surviving in extreme cold or heat, the only thing really missing is a pair of wings and an innate desire to hoard piles of gold for a nest. That and the fact that it isn’t carnivorous, instead having an appetite for vegetables and wood fibres.\n\nA colossal hybrid with recessive reptile genes. With a mouth dripping with venom and tough, flexible scales covering the body, this hybrid makes for a nasty and incredibly durable combat hybrid. If that wasn’t enough, it can also breath out a fog of noxious fumes and move deceptively quickly.\n\n<color=#E5E54C>Gameplay effect:</color> All colossal hybrids have very slow attacks, but hit very hard, and possess natural armor. All reptile hybrids have good temperature tolerance ranges and venomous attacks.",description,ThingDef/Races_Animal_ColossalHybrids.xml,def
GR_Thrumbolizard.tools.0.label,horn,label,ThingDef/Races_Animal_ColossalHybrids.xml,def
GR_Thrumbolizard.tools.2.label,left foot,label,ThingDef/Races_Animal_ColossalHybrids.xml,def
GR_Thrumbolizard.tools.3.label,right foot,label,ThingDef/Races_Animal_ColossalHybrids.xml,def
GR_Thrumbolizard.tools.4.label,head,label,ThingDef/Races_Animal_ColossalHybrids.xml,def
GR_Thrumbolizard.label,thrumbolizard,label,PawnKindDef/Races_Animal_ColossalHybrids.xml,def
GR_Thrumbolizard.lifeStages.0.label,thrumbolizard calf,label,PawnKindDef/Races_Animal_ColossalHybrids.xml,def
GR_Thrumbolizard.lifeStages.0.labelPlural,thrumbolizard calves,labelPlural,PawnKindDef/Races_Animal_ColossalHybrids.xml,def
GR_Thrumborat.label,thrumborat,label,ThingDef/Races_Animal_ColossalHybrids.xml,def
GR_Thrumborat.description,"Practically an overgrown and intelligent pest capable of tunnelling underground, so not even a nuke could clear an infestation. And it truly would be an infestation, as it has a gestation period measured in days rather than weeks, with a single breeding pair capable of wiping out an entire agricultural planet.\n\nA colossal hybrid with recessive rodent genes. Incredibly durable and fast breeding, this surprisingly small hybrid can work as a durable screening force. One of the weakest colossal hybrids in terms of attack power but very few can outlast its incredibly robust physique.\n\n<color=#E5E54C>Gameplay effect:</color> All colossal hybrids have very slow attacks, but hit very hard, and possess natural armor. Burrow underground: Thrumborats can burrow underground to make them almost immune to damage for a short while.",description,ThingDef/Races_Animal_ColossalHybrids.xml,def
GR_Thrumborat.tools.0.label,horn,label,ThingDef/Races_Animal_ColossalHybrids.xml,def
GR_Thrumborat.tools.2.label,left paw,label,ThingDef/Races_Animal_ColossalHybrids.xml,def
GR_Thrumborat.tools.3.label,right paw,label,ThingDef/Races_Animal_ColossalHybrids.xml,def
GR_Thrumborat.tools.4.label,head,label,ThingDef/Races_Animal_ColossalHybrids.xml,def
GR_Thrumborat.label,thrumborat,label,PawnKindDef/Races_Animal_ColossalHybrids.xml,def
GR_Thrumborat.lifeStages.0.label,thrumborat calf,label,PawnKindDef/Races_Animal_ColossalHybrids.xml,def
GR_Thrumborat.lifeStages.0.labelPlural,thrumborat calves,labelPlural,PawnKindDef/Races_Animal_ColossalHybrids.xml,def
GR_Thrumhorse.label,thrumhorse,label,ThingDef/Races_Animal_ColossalHybrids.xml,def
GR_Thrumhorse.description,"A very nice combination of two highly adaptive baseline creatures which arguably results in the best riding companion man could ask for. While this isn’t apparent in their speed, it definitely is so once a rider experiences the thundering beats of this horsey positively barreling through entire forests and marshland in order to earn its next sugar cube the size of a fist.\n\nA colossal hybrid with recessive equine genes. While they have a lower muscle-to-fat ratio compared to their progenitor, the overall placement and shape of the horn vastly reduces their combat efficiency. Instead, they more than make up for this shortfall with an incredible endurance even compared to paragons. An excellent riding companion that is easier to train and can even carry an acceptable amount of luggage, the majority of which contains feed.\n\n<color=#E5E54C>Gameplay effect:</color> All equine hybrids are good for caravaning. A caravan with one of them needs a shorter resting period, only stopping to rest between 23:30 PM and 4 AM. Always starts as draftable, even if not using a controller booster to create it. Charge ability: when drafted, the player can use the charge ability to make the hybrid jump towards a target and cause massive damage with its horn to a single random body part. The ability can be triggered every 2 hours.",description,ThingDef/Races_Animal_ColossalHybrids.xml,def
GR_Thrumhorse.tools.0.label,horn,label,ThingDef/Races_Animal_ColossalHybrids.xml,def
GR_Thrumhorse.tools.2.label,left foot,label,ThingDef/Races_Animal_ColossalHybrids.xml,def
GR_Thrumhorse.tools.3.label,right foot,label,ThingDef/Races_Animal_ColossalHybrids.xml,def
GR_Thrumhorse.tools.4.label,head,label,ThingDef/Races_Animal_ColossalHybrids.xml,def
GR_Thrumhorse.label,thrumhorse,label,PawnKindDef/Races_Animal_ColossalHybrids.xml,def
GR_Thrumhorse.labelFemale,thrumhorse mare,labelFemale,PawnKindDef/Races_Animal_ColossalHybrids.xml,def
GR_Thrumhorse.lifeStages.0.label,foal,label,PawnKindDef/Races_Animal_ColossalHybrids.xml,def
GR_Thrumboman.label,thrumboman,label,ThingDef/Races_Animal_ColossalHybrids.xml,def
GR_Thrumboman.description,"Look, we know what you want, a thrumbo that won’t eat your crops before they’ve harvested, thereby wasting entire seasons of growth for your most valuable plants. And we’re here to tell you it doesn’t exist. But we’ve gotten close in that this one will typically harvest your plants before it eats them for worse nutritional gain. Unless it’s trees, in which case we got nothing.\n\nA colossal hybrid with recessive humanoid genes. Considerably easier to train and maintain, this particular hybrid will help around the colony by cutting and harvesting designated plants. Unusually lean for how much it eats, it won’t provide much in butchering.\n\n<color=#E5E54C>Gameplay effect:</color> Humanoid hybrids will periodically engage other colonists in conversation, talking about a variety of topics. This increases the social recreation needs of those they interact with by 10% (subject to diminishing returns like all joy types). If using Ideology, humanoid hybrids are subject to precepts. All colossal hybrids have very slow attacks, but hit very hard, and possess natural armor. Thrumbomen will obey orders to cut and harvest plants around the colony.",description,ThingDef/Races_Animal_ColossalHybrids.xml,def
GR_Thrumboman.tools.0.label,horn,label,ThingDef/Races_Animal_ColossalHybrids.xml,def
GR_Thrumboman.tools.2.label,left foot,label,ThingDef/Races_Animal_ColossalHybrids.xml,def
GR_Thrumboman.tools.3.label,right foot,label,ThingDef/Races_Animal_ColossalHybrids.xml,def
GR_Thrumboman.tools.4.label,head,label,ThingDef/Races_Animal_ColossalHybrids.xml,def
GR_Thrumboman.label,thrumboman,label,PawnKindDef/Races_Animal_ColossalHybrids.xml,def
GR_Thrumboman.labelFemale,thrumwoman,labelFemale,PawnKindDef/Races_Animal_ColossalHybrids.xml,def
GR_Thrumboman.lifeStages.0.label,thrumbaby,label,PawnKindDef/Races_Animal_ColossalHybrids.xml,def
GR_Thrumboman.lifeStages.0.labelPlural,thrumbabies,labelPlural,PawnKindDef/Races_Animal_ColossalHybrids.xml,def
GR_Bearhorse.label,bearhorse,label,ThingDef/Races_Animal_EquineHybrids.xml,def
GR_Bearhorse.description,"While they’re surprisingly tireless when they have a home to rest at, these manned mares are quite reluctant to hurry along when made to carry loads in a caravan. Their body’s efficiency means they’ll get a task done when it needs to, and not a moment sooner. What makes it worse is that they’re smart enough to know that they’re cute - and powerful - enough to get away with it.\n\nAn equine hybrid with recessive ursine genes. The inherent hibernating nature of bears has combined with the high energy of horses to create this particular hybrid that requires little in the way of rest and a much more efficient and versatile digestive system. They are quite a bit slower as a consequence, along with their higher body mass.\n\n<color=#E5E54C>Gameplay effect:</color> All equine hybrids are good for caravaning. A caravan with one of them needs a shorter resting period, only stopping to rest between 23:30 PM and 4 AM.",description,ThingDef/Races_Animal_EquineHybrids.xml,def
GR_Bearhorse.tools.0.label,head,label,ThingDef/Races_Animal_EquineHybrids.xml,def
GR_Bearhorse.tools.1.label,left hoof,label,ThingDef/Races_Animal_EquineHybrids.xml,def
GR_Bearhorse.tools.2.label,right hoof,label,ThingDef/Races_Animal_EquineHybrids.xml,def
GR_Bearhorse.label,bearhorse,label,PawnKindDef/Races_Animal_EquineHybrids.xml,def
GR_Bearhorse.labelFemale,bearhorse mare,labelFemale,PawnKindDef/Races_Animal_EquineHybrids.xml,def
GR_Bearhorse.lifeStages.0.label,bearhorse foal,label,PawnKindDef/Races_Animal_EquineHybrids.xml,def
GR_Boomhorse.label,boomhorse,label,ThingDef/Races_Animal_EquineHybrids.xml,def
GR_Boomhorse.description,"Inherently less effective at refining chemfuel when allowed to rest at its leisure while also being a good pack animal and riding companion. During distant travels, the long periods of engagement for their muscles actively puts their glands into overdrive. Quite effective should there be a vehicle that uses chemfuel, but don’t ask how that would work out. Maybe it’s the desire to compete against machinery or knowing that if the vehicle breaks down it's gonna have to do all that bloody walking again.\n\nAn equine hybrid with recessive boomalope genes. While they are comparatively slower, their inherent need to exercise means that their capability in producing chemfuel is severely hampered if their muscles aren’t engaged for long periods of time. When travelling as part of a caravan, their chemfuel production speed is effectively quadrupled.\n\n<color=#E5E54C>Gameplay effect:</color> All equine hybrids are good for caravaning. A caravan with one of them needs a shorter resting period, only stopping to rest between 23:30 PM and 4 AM.",description,ThingDef/Races_Animal_EquineHybrids.xml,def
GR_Boomhorse.tools.0.label,head,label,ThingDef/Races_Animal_EquineHybrids.xml,def
GR_Boomhorse.tools.1.label,left hoof,label,ThingDef/Races_Animal_EquineHybrids.xml,def
GR_Boomhorse.tools.2.label,right hoof,label,ThingDef/Races_Animal_EquineHybrids.xml,def
GR_Boomhorse.label,boomhorse,label,PawnKindDef/Races_Animal_EquineHybrids.xml,def
GR_Boomhorse.labelFemale,boomhorse mare,labelFemale,PawnKindDef/Races_Animal_EquineHybrids.xml,def
GR_Boomhorse.lifeStages.0.label,boomhorse foal,label,PawnKindDef/Races_Animal_EquineHybrids.xml,def
GR_Chickenhorse.label,chickenhorse,label,ThingDef/Races_Animal_EquineHybrids.xml,def
GR_Chickenhorse.description,"An agile avian that most people expect to be more yellow in colour and go “wark” every now and then. A delightfully speedy mount that can pull off some impressive turns, this hybrid has been bred even further with other species to make for more colourful and genetically stable bird mounts. Some speculate that this particular creature is the original ancestor of the Ave, while the Royal Ave came from those that were bred more for plumage than performance.\n\nAn equine hybrid with recessive avian genes. Comparatively smaller than a purebred, but incredibly fast both in a singular location and as part of a caravan. A rather unusual hybrid in that it reproduces very slowly in a safe, similar environment, however this changes on caravan trips. Constant new sights and experiences puts their reproductive cycle into overdrive as it tries to spread its species over a broad horizon, however these eggs are genetically sterile so that they instead provide a healthy protein supplement for those who can only gather fruits and vegetables.\n\n<color=#E5E54C>Gameplay effect:</color> All equine hybrids are good for caravaning. A caravan with one of them needs a shorter resting period, only stopping to rest between 23:30 PM and 4 AM.",description,ThingDef/Races_Animal_EquineHybrids.xml,def
GR_Chickenhorse.tools.0.label,head,label,ThingDef/Races_Animal_EquineHybrids.xml,def
GR_Chickenhorse.tools.1.label,left hoof,label,ThingDef/Races_Animal_EquineHybrids.xml,def
GR_Chickenhorse.tools.2.label,right hoof,label,ThingDef/Races_Animal_EquineHybrids.xml,def
GR_Chickenhorse.label,chickenhorse,label,PawnKindDef/Races_Animal_EquineHybrids.xml,def
GR_Chickenhorse.labelFemale,chickenhorse mare,labelFemale,PawnKindDef/Races_Animal_EquineHybrids.xml,def
GR_Chickenhorse.lifeStages.0.label,chickenhorse foal,label,PawnKindDef/Races_Animal_EquineHybrids.xml,def
GR_Cathorse.label,cathorse,label,ThingDef/Races_Animal_EquineHybrids.xml,def
GR_Cathorse.description,"Tell me, do you want a cat large enough to ride at speeds that would be illegal on most urbworld city streets? Of course you do, and if you say otherwise you’re a coward. This ferocious feline is ready to tear up the track and hunt prey comically smaller than itself. They’re also incredibly smart and have a tendency to stalk their owners when their backs are turned. Don’t worry though, it only wants to pin you down and drown you in fur and saliva.\n\nAn equine hybrid with recessive feline genes. Quite durable and combat capable for a pack animal, they can be drafted to execute at-will pouncing to close distance with the enemy. They are only slightly less effective as horses in riding but have better stamina, in exchange they are pure carnivores so their diet can be rather restrictive.\n\n<color=#E5E54C>Gameplay effect:</color> All equine hybrids are good for caravaning. A caravan with one of them needs a shorter resting period, only stopping to rest between 23:30 PM and 4 AM. Like all cat hybrids, they have an improved melee dodge ability, making them perfect for the front lines, and a short nuzzle period. Always starts as draftable, even if not using a controller booster to create it. Pounce ability: when drafted, the player can use the pounce ability to make the hybrid jump around. The ability can be triggered every 2 hours.",description,ThingDef/Races_Animal_EquineHybrids.xml,def
GR_Cathorse.tools.0.label,head,label,ThingDef/Races_Animal_EquineHybrids.xml,def
GR_Cathorse.tools.1.label,left hoof-paw,label,ThingDef/Races_Animal_EquineHybrids.xml,def
GR_Cathorse.tools.2.label,right hoof-paw,label,ThingDef/Races_Animal_EquineHybrids.xml,def
GR_Cathorse.label,cathorse,label,PawnKindDef/Races_Animal_EquineHybrids.xml,def
GR_Cathorse.labelFemale,cathorse mare,labelFemale,PawnKindDef/Races_Animal_EquineHybrids.xml,def
GR_Cathorse.lifeStages.0.label,cathorse foal,label,PawnKindDef/Races_Animal_EquineHybrids.xml,def
GR_Molehorse.label,molehorse,label,ThingDef/Races_Animal_EquineHybrids.xml,def
GR_Molehorse.description,"An oversized naked mole-rat with frighteningly large chompers, however they’re not as dangerous as they look as they are quite timid and use said teeth for chewing up tough vegetables. Objectively cute when you give them a good brushing, but have a nasty habit of overshooting hand-fed snacks and biting on hands due to poor eyesight. A saddle is recommended for riding, as there is little fat and no fur to cushion their boney structure and loose skin.\n\nAn equine hybrid with recessive rodent genes. Quite small and lacking in durability, but surprisingly capable as a mount. Exceedingly filthy for an animal that eats so little, however this is tied to its rapid gestation and faint regenerative capabilities.\n\n<color=#E5E54C>Gameplay effect:</color> All equine hybrids are good for caravaning. A caravan with one of them needs a shorter resting period, only stopping to rest between 23:30 PM and 4 AM.",description,ThingDef/Races_Animal_EquineHybrids.xml,def
GR_Molehorse.tools.0.label,head,label,ThingDef/Races_Animal_EquineHybrids.xml,def
GR_Molehorse.tools.1.label,left hoof,label,ThingDef/Races_Animal_EquineHybrids.xml,def
GR_Molehorse.tools.2.label,right hoof,label,ThingDef/Races_Animal_EquineHybrids.xml,def
GR_Molehorse.label,molehorse,label,PawnKindDef/Races_Animal_EquineHybrids.xml,def
GR_Molehorse.labelFemale,molehorse mare,labelFemale,PawnKindDef/Races_Animal_EquineHybrids.xml,def
GR_Molehorse.lifeStages.0.label,molehorse foal,label,PawnKindDef/Races_Animal_EquineHybrids.xml,def
GR_Wolfhorse.label,wolfhorse,label,ThingDef/Races_Animal_EquineHybrids.xml,def
GR_Wolfhorse.description,"Combining two of the most renowned endurance hunters in human history has resulted in man’s best friend whom you can also ride into battle with. Needless to say, the creation of this capricious canine was celebrated by many wealthy families who otherwise caused unfortunate accidents when they tried to ride their household dog when they clearly became too old or heavy for them to carry. What was not appreciated was their tendency to overestimate their - admittedly formidable - predatory capabilities.\n\nAn equine hybrid with recessive canine genes. A fast and ferocious dedicated carnivore sharing the hyperactive nature of sled dogs. Requires slightly more frequent retraining compared to similar hybrids but is overall better due to not having any extra features.\n\n<color=#E5E54C>Gameplay effect:</color> All equine hybrids are good for caravaning. A caravan with one of them needs a shorter resting period, only stopping to rest between 23:30 PM and 4 AM.",description,ThingDef/Races_Animal_EquineHybrids.xml,def
GR_Wolfhorse.tools.0.label,head,label,ThingDef/Races_Animal_EquineHybrids.xml,def
GR_Wolfhorse.tools.1.label,left claw,label,ThingDef/Races_Animal_EquineHybrids.xml,def
GR_Wolfhorse.tools.2.label,right claw,label,ThingDef/Races_Animal_EquineHybrids.xml,def
GR_Wolfhorse.label,wolfhorse,label,PawnKindDef/Races_Animal_EquineHybrids.xml,def
GR_Wolfhorse.labelFemale,wolfhorse mare,labelFemale,PawnKindDef/Races_Animal_EquineHybrids.xml,def
GR_Wolfhorse.lifeStages.0.label,wolfhorse foal,label,PawnKindDef/Races_Animal_EquineHybrids.xml,def
GR_Muffalohorse.label,muffalohorse,label,ThingDef/Races_Animal_EquineHybrids.xml,def
GR_Muffalohorse.description,"Belligerent bulls with a penchant for the tastes of the wild wastes. A herd of these creatures can be occasionally seen trawling through regions, consuming practically all edible vegetation and leaving fertile waste in their path. Some argue that this is the ideal form of muffalo for nomad tribes, as they produce everything they need to survive winters and are large enough to feed said tribe through the harshest of seasons.\n\nAn equine hybrid with recessive muffalo genes. Very unusual in that it doesn’t help a caravan speed along, largely due to it excessively foraging and eating various vegetation from new locations, as well as roughage to help with digestion. The benefit from this behaviour is that this stimulation is the only way it’ll produce milk and wool, so herds of these hybrids can be taken on a long journey to provide produce vital to small and starting colonies.\n\n<color=#E5E54C>Gameplay effect:</color> All equine hybrids are good for caravaning. A caravan with one of them needs a shorter resting period, only stopping to rest between 23:30 PM and 4 AM.",description,ThingDef/Races_Animal_EquineHybrids.xml,def
GR_Muffalohorse.tools.0.label,head,label,ThingDef/Races_Animal_EquineHybrids.xml,def
GR_Muffalohorse.tools.1.label,left hoof,label,ThingDef/Races_Animal_EquineHybrids.xml,def
GR_Muffalohorse.tools.2.label,right hoof,label,ThingDef/Races_Animal_EquineHybrids.xml,def
GR_Muffalohorse.label,muffalohorse,label,PawnKindDef/Races_Animal_EquineHybrids.xml,def
GR_Muffalohorse.labelFemale,muffalohorse mare,labelFemale,PawnKindDef/Races_Animal_EquineHybrids.xml,def
GR_Muffalohorse.lifeStages.0.label,muffalohorse foal,label,PawnKindDef/Races_Animal_EquineHybrids.xml,def
GR_Crocorse.label,crocorse,label,ThingDef/Races_Animal_EquineHybrids.xml,def
GR_Crocorse.description,"A rather muscular hybrid with an impressively long snout, this ravenous reptile combines adaptability with mobility. Unusually, its terrifyingly long maw filled with curved teeth is not used to tear flesh to eat but to imbue toxins and the required muscles to spray those toxins out. This means they have to eat a lot more due to their subpar digestive system and their favourite activities include lounging in the sun and moving with disturbing quickness when the dinner bell is sounded. Also it… kinda looks like a weird shoe if you look at it, but, uh, don’t put your foot in there.\n\nAn equine hybrid with recessive reptile genes. A rather slow hybrid for its category, its main advantage is that it is very durable and it has a ranged toxic breath attack. Quite durable and comfortable in a wide range of temperatures, they present a hidden danger for those foolish enough to attack an otherwise easy target.\n\n<color=#E5E54C>Gameplay effect:</color> All equine hybrids are good for caravaning. A caravan with one of them needs a shorter resting period, only stopping to rest between 23:30 PM and 4 AM.",description,ThingDef/Races_Animal_EquineHybrids.xml,def
GR_Crocorse.tools.0.label,head,label,ThingDef/Races_Animal_EquineHybrids.xml,def
GR_Crocorse.tools.1.label,left hoof,label,ThingDef/Races_Animal_EquineHybrids.xml,def
GR_Crocorse.tools.2.label,right hoof,label,ThingDef/Races_Animal_EquineHybrids.xml,def
GR_Crocorse.label,crocorse,label,PawnKindDef/Races_Animal_EquineHybrids.xml,def
GR_Crocorse.labelFemale,crocorse mare,labelFemale,PawnKindDef/Races_Animal_EquineHybrids.xml,def
GR_Crocorse.lifeStages.0.label,crocorse foal,label,PawnKindDef/Races_Animal_EquineHybrids.xml,def
GR_Spiderhorse.label,spiderhorse,label,ThingDef/Races_Animal_EquineHybrids.xml,def
GR_Spiderhorse.description,"Arachnophobia is no joke for many people, and the researcher that created this armoured arachnid had an inherent desire to share their fear with others. Granted they passed out, frothing at the mouth, when the creature emerged from the pod, but damn it it’s hard to argue with results in a riding companion that can not only keep up with the competition, but also disable them and eat them on the go as a tasty snack.\n\nAn equine hybrid with recessive insectoid genes. A rather slow and filthy hybrid of this category, but it works very well as a ride due to the multiple legs easing the burden of long distance travel inherent to caravaning. However, their main advantage is that they are also incredibly capable in combat, being armour plated and capable of both high damage and ranged stunning attacks by shooting globs of sticky threads.\n\n<color=#E5E54C>Gameplay effect:</color> All equine hybrids are good for caravaning. A caravan with one of them needs a shorter resting period, only stopping to rest between 23:30 PM and 4 AM.",description,ThingDef/Races_Animal_EquineHybrids.xml,def
GR_Spiderhorse.tools.1.label,head,label,ThingDef/Races_Animal_EquineHybrids.xml,def
GR_Spiderhorse.label,spiderhorse,label,PawnKindDef/Races_Animal_EquineHybrids.xml,def
GR_Spiderhorse.labelFemale,spiderhorse mare,labelFemale,PawnKindDef/Races_Animal_EquineHybrids.xml,def
GR_Hurseman.label,hurseman,label,ThingDef/Races_Animal_EquineHybrids.xml,def
GR_Hurseman.description,"An extremely cursed riding companion that can vocally explain in excruciating detail the troubles it goes through as a beast of burden. Most people don’t like to be reminded that animals are capable of feeling, especially if they can vocalise themselves in human speech. Don’t be surprised if no one wants to eat or wear butchered parts of this creature, as it looks like a misshapen human with cloven hands.\n\nAn equine hybrid with recessive humanoid genes. Very intelligent and relatively low maintenance, they make for a decent rideable pack animal. Their main advantage comes in their ability to cheer up the travellers in a caravan, however it doesn’t understand social cues and can throw out some devastating social commentary.\n\n<color=#E5E54C>Gameplay effect:</color> All equine hybrids are good for caravaning. A caravan with one of them needs a shorter resting period, only stopping to rest between 23:30 PM and 4 AM. Humanoid hybrids will periodically engage other colonists in conversation, talking about a variety of topics. This increases the social recreation needs of those they interact with by 10% (subject to diminishing returns like all joy types). The hurseman engages caravan members too while caravaning, causing mood boosts (up to +15). 10% of the time however it will insult them, making them loose mood (up to -30). If using Ideology, humanoid hybrids are subject to precepts.",description,ThingDef/Races_Animal_EquineHybrids.xml,def
GR_Hurseman.tools.0.label,head,label,ThingDef/Races_Animal_EquineHybrids.xml,def
GR_Hurseman.tools.1.label,left hoof,label,ThingDef/Races_Animal_EquineHybrids.xml,def
GR_Hurseman.tools.2.label,right hoof,label,ThingDef/Races_Animal_EquineHybrids.xml,def
GR_Hurseman.label,hurseman,label,PawnKindDef/Races_Animal_EquineHybrids.xml,def
GR_Hurseman.labelFemale,hurseman mare,labelFemale,PawnKindDef/Races_Animal_EquineHybrids.xml,def
GR_Hurseman.lifeStages.0.label,hurseman foal,label,PawnKindDef/Races_Animal_EquineHybrids.xml,def
GR_Fleshling.label,fleshling,label,ThingDef/Races_Animal_Failures.xml,def
GR_Fleshling.description,"Something went terribly wrong. This wretched creature is struggling to keep breathing. Whilst it doesn’t pose any real threat and it seems quite friendly, it requires a tremendous amount of love and attention for it to find the strength to live another day.",description,ThingDef/Races_Animal_Failures.xml,def
GR_Fleshling.tools.0.label,bite,label,ThingDef/Races_Animal_Failures.xml,def
GR_Fleshling.comps.0.message,GR_LackOfLove,message,ThingDef/Races_Animal_Failures.xml,def
GR_Fleshling.label,fleshling,label,PawnKindDef/Races_Animal_Failures.xml,def
GR_AberrantFleshbeast.label,aberrant fleshbeast,label,ThingDef/Races_Animal_Failures.xml,def
GR_AberrantFleshbeast.description,"Something went terribly wrong. This wretched creature is struggling to keep breathing. Whilst it doesn’t pose any threat and will slowly bleed to death, attacking it can trigger its self-defense instincts.",description,ThingDef/Races_Animal_Failures.xml,def
GR_AberrantFleshbeast.tools.0.label,bite,label,ThingDef/Races_Animal_Failures.xml,def
GR_AberrantFleshbeast.label,aberrant fleshbeast,label,PawnKindDef/Races_Animal_Failures.xml,def
GR_FleshMonstrosity.label,flesh monstrosity,label,ThingDef/Races_Animal_Failures.xml,def
GR_FleshMonstrosity.description,"Something went terribly wrong. This wretched creature is struggling to keep breathing. It’s rabid, and the moment it crawled out of the vat it started to look for the next unfortunate living being to destroy. It can and should be slain as soon as possible, as each additional kill only prolongs its life.",description,ThingDef/Races_Animal_Failures.xml,def
GR_FleshMonstrosity.tools.0.label,bite,label,ThingDef/Races_Animal_Failures.xml,def
GR_FleshMonstrosity.comps.1.message,GR_CellularDegeneration,message,ThingDef/Races_Animal_Failures.xml,def
GR_FleshMonstrosity.label,flesh monstrosity,label,PawnKindDef/Races_Animal_Failures.xml,def
GR_FleshGrowth.label,flesh growth,label,ThingDef/Races_Animal_Failures.xml,def
GR_FleshGrowth.description,"Something went terribly wrong. A huge and weird growth has spawned within the electrowomb, breaking it completely and spreading all around. This growth is a hatchery for small flies that can devour any living creature to the bone. It seems to be sensitive to daylight, but no one knows how far it can spread at night.",description,ThingDef/Races_Animal_Failures.xml,def
GR_FleshGrowth.tools.0.label,bite,label,ThingDef/Races_Animal_Failures.xml,def
GR_FleshGrowth.label,flesh growth,label,PawnKindDef/Races_Animal_Failures.xml,def
GR_FleshFlies.label,flesh flies,label,ThingDef/Races_Animal_Failures.xml,def
GR_FleshFlies.description,"A swarm of small, deadly flies. Almost impossible to hit using rudimentary weapons, the ideal way of dealing with fleshflies is by using fire, to which they are highly susceptible.",description,ThingDef/Races_Animal_Failures.xml,def
GR_FleshFlies.tools.0.label,bite,label,ThingDef/Races_Animal_Failures.xml,def
GR_FleshFlies.label,flesh flies,label,PawnKindDef/Races_Animal_Failures.xml,def
GR_Catbear.label,catbear,label,ThingDef/Races_Animal_FelineHybrids.xml,def
GR_Catbear.description,"The perfect companion in compact form, this tiny terror is willing to throw down with its surprising bulk. And good lord, what an affectionate beefcake.\n\nA feline hybrid with recessive ursine genes. Can both take and dish out punishment disproportionate to its size while being clever enough to actively hunt for prey not much larger than itself. Incredibly easy to train and will intermittently dig up burrowed rats.\n\n<color=#E5E54C>Gameplay effect:</color> Like all cat hybrids, they have an improved melee dodge ability, which in the case of these small animals is ideal to get out of a fight. Stunning attacks like bear hybrids.",description,ThingDef/Races_Animal_FelineHybrids.xml,def
GR_Catbear.tools.0.label,left claw,label,ThingDef/Races_Animal_FelineHybrids.xml,def
GR_Catbear.tools.1.label,right claw,label,ThingDef/Races_Animal_FelineHybrids.xml,def
GR_Catbear.tools.3.label,head,label,ThingDef/Races_Animal_FelineHybrids.xml,def
GR_Catbear.label,catbear,label,PawnKindDef/Races_Animal_FelineHybrids.xml,def
GR_Catbear.lifeStages.0.label,catbear kitten,label,PawnKindDef/Races_Animal_FelineHybrids.xml,def
GR_Catalope.label,catalope,label,ThingDef/Races_Animal_FelineHybrids.xml,def
GR_Catalope.description,"Have you ever wanted to have a cat that could start fires with hairballs? No? Too bad, this one does and if you’re unlucky it’ll be outside when it’s hunting. Which won’t be often, because those fuel sacs make for a surprisingly efficient energy reserve. Exploding kittens is no longer just a game, it’s a hazard warning.\n\nA feline hybrid with recessive boomalope genes. Intelligent, low maintenance with a weak ranged flame attack, they make for an unusual companion. \n\n<color=#E5E54C>Gameplay effect:</color> Like all cat hybrids, they have an improved melee dodge ability, which in the case of these small animals is ideal to get out of a fight.",description,ThingDef/Races_Animal_FelineHybrids.xml,def
GR_Catalope.tools.1.label,head,label,ThingDef/Races_Animal_FelineHybrids.xml,def
GR_Catalope.label,catalope,label,PawnKindDef/Races_Animal_FelineHybrids.xml,def
GR_Catalope.lifeStages.0.label,catalope kitten,label,PawnKindDef/Races_Animal_FelineHybrids.xml,def
GR_Catchicken.label,catchicken,label,ThingDef/Races_Animal_FelineHybrids.xml,def
GR_Catchicken.description,"This smart little shit knows where to kick so it hurts, and that’s often the eyes. The unusual genetic makeup has made their claws as long as a human thumb, so best to pet it when it wants to and avoid touching the belly.\n\nA feline hybrid with recessive avian genes. A little slow for its size, it makes for a vicious attack animal if it can be permitted to get in melee range. Be careful as it can’t take much punishment.\n\n<color=#E5E54C>Gameplay effect:</color> Like all cat hybrids, they have an improved melee dodge ability, which in the case of these small animals is ideal to get out of a fight. Go for the eyes: Catchicken attacks have a 25% chance to affect the victim's eyes.",description,ThingDef/Races_Animal_FelineHybrids.xml,def
GR_Catchicken.tools.1.label,head,label,ThingDef/Races_Animal_FelineHybrids.xml,def
GR_Catchicken.label,catchicken,label,PawnKindDef/Races_Animal_FelineHybrids.xml,def
GR_Catchicken.lifeStages.0.label,catchicken kitten,label,PawnKindDef/Races_Animal_FelineHybrids.xml,def
GR_Catffalo.label,catffalo,label,ThingDef/Races_Animal_FelineHybrids.xml,def
GR_Catffalo.description,"Someone couldn’t bear being separated from their trusty feline companions when away on trips. So they decided to make one that everyone would want to take with them on long journeys. Also they look incredibly adorable with their little baggies.\n\nA feline hybrid with recessive muffalo genes. While not great as a pack animal, they make for a fantastic caravaning companion as they will actively forage for prey during trips. This creates a stacking effect of boosting the amount of food foraged for every other catffalo in the trip. They’re quite hardy too but should be kept away from combat.\n\n<color=#E5E54C>Gameplay effect:</color> Like all cat hybrids, they have an improved melee dodge ability, which in the case of these small animals is ideal to get out of a fight. Forages for small prey while caravaning, increasing the amount of foraged food by 10% (and it stacks per catffalo on the caravan!).",description,ThingDef/Races_Animal_FelineHybrids.xml,def
GR_Catffalo.tools.0.label,head,label,ThingDef/Races_Animal_FelineHybrids.xml,def
GR_Catffalo.tools.1.label,left hoof,label,ThingDef/Races_Animal_FelineHybrids.xml,def
GR_Catffalo.tools.2.label,right hoof,label,ThingDef/Races_Animal_FelineHybrids.xml,def
GR_Catffalo.label,catffalo,label,PawnKindDef/Races_Animal_FelineHybrids.xml,def
GR_Catffalo.lifeStages.0.label,catffalo kitten,label,PawnKindDef/Races_Animal_FelineHybrids.xml,def
GR_Catrabbit.label,catrabbit,label,ThingDef/Races_Animal_FelineHybrids.xml,def
GR_Catrabbit.description,"Everyone can agree that cats and rabbits have incredibly soft fur, so can you imagine how cute and fluffy they would be if you mixed their traits together? They also love to be pet multiple times a day, so everyone can get in on this pet so fluffy it's to die for.\n\nA feline hybrid with recessive rodent genes. While a somewhat independent carnivore, this hybrid is ideal inside a colony as it not only provides a  non-stacking mood boost to those nearby from its cuteness, but it also nuzzles every few hours. They’re also very fast breeders.\n\n<color=#E5E54C>Gameplay effect:</color> Like all cat hybrids, they have an improved melee dodge ability, which in the case of these small animals is ideal to get out of a fight. Gives non-stacking +3 mood to everyone in a 8 tiles radius.",description,ThingDef/Races_Animal_FelineHybrids.xml,def
GR_Catrabbit.tools.0.label,left claw,label,ThingDef/Races_Animal_FelineHybrids.xml,def
GR_Catrabbit.tools.1.label,right claw,label,ThingDef/Races_Animal_FelineHybrids.xml,def
GR_Catrabbit.tools.3.label,head,label,ThingDef/Races_Animal_FelineHybrids.xml,def
GR_Catrabbit.label,catrabbit,label,PawnKindDef/Races_Animal_FelineHybrids.xml,def
GR_Catrabbit.lifeStages.0.label,catrabbit kitten,label,PawnKindDef/Races_Animal_FelineHybrids.xml,def
GR_Catwolf.label,catwolf,label,ThingDef/Races_Animal_FelineHybrids.xml,def
GR_Catwolf.description,"For some reason people really want cats to be able to carry stuff, depicted often in consumer media. Well this palico should have you sorted, however despite numerous efforts it has proved impossible to train them in using brooms.\n\nA feline hybrid with recessive canine genes. An incredibly fast hauling companion that can also defend itself, these creatures borne forth from pop culture are incredibly smart and incredibly clean. They can’t carry much, but having a whole army won’t cause your base to fill with filth, just the normal degenerates.\n\n<color=#E5E54C>Gameplay effect:</color> Like all cat hybrids, they have an improved melee dodge ability, which in the case of these small animals is ideal to get out of a fight. Produces (and spreads) absolutely no filth.",description,ThingDef/Races_Animal_FelineHybrids.xml,def
GR_Catwolf.tools.0.label,left claw,label,ThingDef/Races_Animal_FelineHybrids.xml,def
GR_Catwolf.tools.1.label,right claw,label,ThingDef/Races_Animal_FelineHybrids.xml,def
GR_Catwolf.tools.3.label,head,label,ThingDef/Races_Animal_FelineHybrids.xml,def
GR_Catwolf.label,catwolf,label,PawnKindDef/Races_Animal_FelineHybrids.xml,def
GR_Catwolf.lifeStages.0.label,catwolf kitten,label,PawnKindDef/Races_Animal_FelineHybrids.xml,def
GR_Catman.label,catman,label,ThingDef/Races_Animal_FelineHybrids.xml,def
GR_Catman.description,"Just the sweetest little kitty cat you’ll ever encounter, they were bred as tiny caretakers to look after people in hospital wards. Despite being a health violation, they were extremely popular with the infirms as they not only fed patients but also engaged in conversation and gave friendly headbutts. It is also alleged that their purring helped broken bones heal quicker, but no conclusive evidence has been shown.\n\nA feline hybrid with recessive humanoid genes. Quite slow and fragile, comparatively speaking, with a low damage output and lower hunger rate. However, they make for very good bedside companions for the ill and will regularly feed those that cannot feed themselves.\n\n<color=#E5E54C>Gameplay effect:</color> Humanoid hybrids will periodically engage other colonists in conversation, talking about a variety of topics. This increases the social recreation needs of those they interact with by 10% (subject to diminishing returns like all joy types). If using Ideology, humanoid hybrids are subject to precepts. Catmen are compassionate animals that will help with feeding medical patients around the colony.",description,ThingDef/Races_Animal_FelineHybrids.xml,def
GR_Catman.tools.1.label,head,label,ThingDef/Races_Animal_FelineHybrids.xml,def
GR_Catman.label,catman,label,PawnKindDef/Races_Animal_FelineHybrids.xml,def
GR_Catman.labelFemale,catgirl,labelFemale,PawnKindDef/Races_Animal_FelineHybrids.xml,def
GR_Catman.lifeStages.0.label,catbaby,label,PawnKindDef/Races_Animal_FelineHybrids.xml,def
GR_Catman.lifeStages.0.labelPlural,catbabies,labelPlural,PawnKindDef/Races_Animal_FelineHybrids.xml,def
GR_Manbear.label,manbear,label,ThingDef/Races_Animal_Humanoidhybrids.xml,def
GR_Manbear.description,"What it lacks in ferocity, it makes up for in tenacity and formidable cuteness. What person, sane or insane, could reject the diplomatic arguments presented by a waist-high teddy bear with a face just begging to be pinched. Not that you actually would, as those sharp teeth remind one that it very likely prefers to debate with its food before eating it.\n\nA humanoid hybrid with recessive ursine genes. Absolutely terrible in combat potential despite its genetic material, but it is surprisingly adept at convincing prisoners to join the colony.\n\n<color=#E5E54C>Gameplay effect:</color> Humanoid hybrids will periodically engage other colonists in conversation, talking about a variety of topics. This increases the social recreation needs of those they interact with by 10% (subject to diminishing returns like all joy types). If using Ideology, humanoid hybrids are subject to precepts. Menbear are adept conversationalists and will help in recruiting prisoners.",description,ThingDef/Races_Animal_Humanoidhybrids.xml,def
GR_Manbear.tools.0.label,left fist,label,ThingDef/Races_Animal_Humanoidhybrids.xml,def
GR_Manbear.tools.1.label,right fist,label,ThingDef/Races_Animal_Humanoidhybrids.xml,def
GR_Manbear.tools.3.label,head,label,ThingDef/Races_Animal_Humanoidhybrids.xml,def
GR_Manbear.label,manbear,label,PawnKindDef/Races_Animal_Humanoidhybrids.xml,def
GR_Manbear.labelFemale,womanbear,labelFemale,PawnKindDef/Races_Animal_Humanoidhybrids.xml,def
GR_Manbear.lifeStages.0.label,babybear,label,PawnKindDef/Races_Animal_Humanoidhybrids.xml,def
GR_Manalope.label,manalope,label,ThingDef/Races_Animal_Humanoidhybrids.xml,def
GR_Manalope.description,"A floating, ticking time bomb that produces extremely reactive chemicals instead of chemfuel. Arguably more of a complex chemical distillery than an animal, it's a scientific miracle that it doesn’t explode every time it coughs. Surprisingly effective in combat in ways the enemy would really have preferred not knowing.\n\nA humanoid hybrid with recessive boomalope genes. Thanks to its sac filled with buoyant chemicals, this hybrid never touches the ground and simply floats from location to location. Ignores terrain penalty costs and traps, while also being able to set down explosive traps of its own.\n\n<color=#E5E54C>Gameplay effect:</color> Humanoid hybrids will periodically engage other colonists in conversation, talking about a variety of topics. This increases the social recreation needs of those they interact with by 10% (subject to diminishing returns like all joy types). If using Ideology, humanoid hybrids are subject to precepts. Set trap ability: once every 3 days the manalope can set up an explosive IED. Hovers over terrain, ignoring terrain costs, and doesn't trigger ANY traps.",description,ThingDef/Races_Animal_Humanoidhybrids.xml,def
GR_Manalope.tools.1.label,head,label,ThingDef/Races_Animal_Humanoidhybrids.xml,def
GR_Manalope.label,manalope,label,PawnKindDef/Races_Animal_Humanoidhybrids.xml,def
GR_Manalope.labelFemale,womanlope,labelFemale,PawnKindDef/Races_Animal_Humanoidhybrids.xml,def
GR_Manalope.lifeStages.0.label,babylope,label,PawnKindDef/Races_Animal_Humanoidhybrids.xml,def
GR_Manchicken.label,manchicken,label,ThingDef/Races_Animal_Humanoidhybrids.xml,def
GR_Manchicken.description,"“You know how, like, chicken tastes, like, so good? So what if, like, we made a chicken that, y’know, when you killed it you could, I dunno, stuff it right in your mouth as fried chicken? Dude, this shit is the shit, where did you get this, man?” - Recording playback used in a hearing against a disgraced genetic scientist for misappropriating government funding.\n\nA humanoid hybrid with recessive avian genes. A very valuable hybrid that convinces people that its greatest desire in life is to be eaten. When butchered, it leaves large amounts of completely healthy and nutritious meat that can be eaten as-is.\n\n<color=#E5E54C>Gameplay effect:</color> Humanoid hybrids will periodically engage other colonists in conversation, talking about a variety of topics. This increases the social recreation needs of those they interact with by 10% (subject to diminishing returns like all joy types). If using Ideology, humanoid hybrids are subject to precepts. Doesn't lay eggs, but can be butchered for large amounts of a very nutritive meat that doesn't have poisoning chance and takes 6 days to rot.",description,ThingDef/Races_Animal_Humanoidhybrids.xml,def
GR_Manchicken.tools.0.label,claws,label,ThingDef/Races_Animal_Humanoidhybrids.xml,def
GR_Manchicken.tools.2.label,head,label,ThingDef/Races_Animal_Humanoidhybrids.xml,def
GR_Manchicken.label,manchicken,label,PawnKindDef/Races_Animal_Humanoidhybrids.xml,def
GR_Manchicken.labelFemale,womanchicken,labelFemale,PawnKindDef/Races_Animal_Humanoidhybrids.xml,def
GR_Manchicken.lifeStages.0.label,babychicken,label,PawnKindDef/Races_Animal_Humanoidhybrids.xml,def
GR_Manffalo.label,manffalo,label,ThingDef/Races_Animal_Humanoidhybrids.xml,def
GR_Manffalo.description,"Considered a straight upgrade from their progenitor, featured several times in Cannibal Monthly. Produces appreciable amounts of wool and milk, it is a living, breathing reference to the phrase “what does not kill me makes me stronger”. At least, when it comes to hauling large loads, which is all some people care about.\n\nA humanoid hybrid with recessive muffalo genes. Capable of surviving very high temperatures in opposition to the traditional use of muffalos, this hybrid performs below average for a pack animal. However, due to adaptive muscle and skeletal structure, the more it participates as part of a caravan, the heavier the load it can withstand.\n\n<color=#E5E54C>Gameplay effect:</color> Humanoid hybrids will periodically engage other colonists in conversation, talking about a variety of topics. This increases the social recreation needs of those they interact with by 10% (subject to diminishing returns like all joy types). If using Ideology, humanoid hybrids are subject to precepts. The manffalo starts as a poor caravaning animal, but learns as time progresses. Every hour spent in a caravan will increase its cargo capacity by 1%, up to a maximum of a 100% increase from base.",description,ThingDef/Races_Animal_Humanoidhybrids.xml,def
GR_Manffalo.tools.0.label,head,label,ThingDef/Races_Animal_Humanoidhybrids.xml,def
GR_Manffalo.label,manffalo,label,PawnKindDef/Races_Animal_Humanoidhybrids.xml,def
GR_Manffalo.labelFemale,womanffalo,labelFemale,PawnKindDef/Races_Animal_Humanoidhybrids.xml,def
GR_Manffalo.lifeStages.0.label,babyffalo,label,PawnKindDef/Races_Animal_Humanoidhybrids.xml,def
GR_Manwolf.label,manwolf,label,ThingDef/Races_Animal_Humanoidhybrids.xml,def
GR_Manwolf.description,"Possibly either the ancestor to the warg or an attempt at creating a successor, the team in charge of making this particular hybrid clearly had read one to many mythological novels. Arguably there’s no transformation at the full moon, so you just get the permanent single form, but there’s no pleasing some people.\n\nA humanoid hybrid with recessive canine genes. A fast and dangerous hunter with almost misplaced self-confidence. Also very intelligent and possessing faint regenerative capabilities. Extremely hardy but also extremely restrictive in their diet.\n\n<color=#E5E54C>Gameplay effect:</color> Humanoid hybrids will periodically engage other colonists in conversation, talking about a variety of topics. This increases the social recreation needs of those they interact with by 10% (subject to diminishing returns like all joy types). If using Ideology, humanoid hybrids are subject to precepts.",description,ThingDef/Races_Animal_Humanoidhybrids.xml,def
GR_Manwolf.tools.0.label,left claw,label,ThingDef/Races_Animal_Humanoidhybrids.xml,def
GR_Manwolf.tools.1.label,right claw,label,ThingDef/Races_Animal_Humanoidhybrids.xml,def
GR_Manwolf.tools.3.label,head,label,ThingDef/Races_Animal_Humanoidhybrids.xml,def
GR_Manwolf.label,manwolf,label,PawnKindDef/Races_Animal_Humanoidhybrids.xml,def
GR_Manwolf.labelFemale,womanwolf,labelFemale,PawnKindDef/Races_Animal_Humanoidhybrids.xml,def
GR_Manwolf.lifeStages.0.label,babywolf,label,PawnKindDef/Races_Animal_Humanoidhybrids.xml,def
GR_Mancat.label,mancat,label,ThingDef/Races_Animal_Humanoidhybrids.xml,def
GR_Mancat.description,"A creature originally designed for other recreational purposes before that particular laboratory of degenerates got glassed from orbit, they make for an affectionate conversation partner. You know, probably, most likely, until their particular speech pattern grinds on your nerves like a cheese grater.\n\nA humanoid hybrid with recessive feline genes. A surprisingly large yet timid predator that can output a disturbing amount of damage. Typically fun to talk to, but 10% of the time it tries to be a little too cute.\n\n<color=#E5E54C>Gameplay effect:</color> Like all cat hybrids, they have an improved melee dodge ability and a short nuzzle period. Humanoid hybrids will periodically engage other colonists in conversation, talking about a variety of topics. This increases the social recreation needs of those they interact with (subject to diminishing returns like all joy types). In the case of the mancat, these interactions will 90% of the time increase the targets' social joy by 15%, but the rest of the time they'll just make the target very annoyed... If using Ideology, humanoid hybrids are subject to precepts.",description,ThingDef/Races_Animal_Humanoidhybrids.xml,def
GR_Mancat.tools.1.label,head,label,ThingDef/Races_Animal_Humanoidhybrids.xml,def
GR_Mancat.label,mancat,label,PawnKindDef/Races_Animal_Humanoidhybrids.xml,def
GR_Mancat.labelFemale,womancat,labelFemale,PawnKindDef/Races_Animal_Humanoidhybrids.xml,def
GR_Mancat.lifeStages.0.label,babycat,label,PawnKindDef/Races_Animal_Humanoidhybrids.xml,def
GR_Mansquirrel.label,mansquirrel,label,ThingDef/Races_Animal_Humanoidhybrids.xml,def
GR_Mansquirrel.description,"A bloody weird little thing that hates the cold with a passion, and will take any opportunity to clear away snow from its home. Given that they are active at nighttime, they make a great conversational companion for those otherwise asocial Night Owls you keep gathering.\n\nA humanoid hybrid with recessive rodent genes. Quite quick for their size and unusually a nocturnal animal, they make for a fast, social and quick-breeding hybrid. Will shovel snow if there are Clear Snow zones set up.\n\n<color=#E5E54C>Gameplay effect:</color> Humanoid hybrids will periodically engage other colonists in conversation, talking about a variety of topics. This increases the social recreation needs of those they interact with by 10% (subject to diminishing returns like all joy types). If using Ideology, humanoid hybrids are subject to precepts. The mansquirrel is a nocturnal animal that sleeps during the day. Will obey orders to clear snow around the colony.",description,ThingDef/Races_Animal_Humanoidhybrids.xml,def
GR_Mansquirrel.tools.0.label,left claw,label,ThingDef/Races_Animal_Humanoidhybrids.xml,def
GR_Mansquirrel.tools.1.label,right claw,label,ThingDef/Races_Animal_Humanoidhybrids.xml,def
GR_Mansquirrel.tools.3.label,head,label,ThingDef/Races_Animal_Humanoidhybrids.xml,def
GR_Mansquirrel.label,mansquirrel,label,PawnKindDef/Races_Animal_Humanoidhybrids.xml,def
GR_Mansquirrel.labelFemale,womansquirrel,labelFemale,PawnKindDef/Races_Animal_Humanoidhybrids.xml,def
GR_Mansquirrel.lifeStages.0.label,babysquirrel,label,PawnKindDef/Races_Animal_Humanoidhybrids.xml,def
GR_Bearscarab.label,bearscarab,label,ThingDef/Races_Animal_Insectoidhybrids.xml,def
GR_Bearscarab.description,"An absolute unit of an insectoid hybrid, this massive chubster is incredibly smart and hard to kill. All the excess blubber has been replaced with either chitin or muscle fibre, so don’t go making comments about their bulk.\n\nAn insectoid hybrid with recessive ursine genes. Very thick armour plating and a calm temperament make this hybrid an excellent combat animal. Requires little in the way of retraining and can dish out respectable damage as well.\n\n<color=#E5E54C>Gameplay effect:</color> All insectoid hybrids have good armor and no toxic sensitivity, but they are always sterile and can't reproduce, even if a fertility booster is used to create them.",description,ThingDef/Races_Animal_Insectoidhybrids.xml,def
GR_Bearscarab.tools.1.label,head,label,ThingDef/Races_Animal_Insectoidhybrids.xml,def
GR_Bearscarab.label,bearscarab,label,PawnKindDef/Races_Animal_Insectoidhybrids.xml,def
GR_Boombeetle.label,boombeetle,label,ThingDef/Races_Animal_Insectoidhybrids.xml,def
GR_Boombeetle.description,"For lovers of xenomorphs everywhere, this bomb-ass bombadier is ready to launch sacs of acidic chemfuel at your enemies for fun and profit. Don’t expect a second pair of jaws though, that mouth is for spitting only.\n\nAn insectoid hybrid with recessive boomalope genes. Quite temperamental for a hybrid, but they prove to be worth it as they store caustic chemfuel in their sacs which can then be lobbed at a distance. Practically useless in melee, so keep them safe and provide fire support. Can be ordered to detonate auxiliary acid sacs as a defensive measure, but that will also self-harm.\n\n<color=#E5E54C>Gameplay effect:</color> All insectoid hybrids have good armor and no toxic sensitivity, but they are always sterile and can't reproduce, even if a fertility booster is used to create them.",description,ThingDef/Races_Animal_Insectoidhybrids.xml,def
GR_Boombeetle.tools.1.label,head,label,ThingDef/Races_Animal_Insectoidhybrids.xml,def
GR_Boombeetle.label,boombeetle,label,PawnKindDef/Races_Animal_Insectoidhybrids.xml,def
GR_Chickenspider.label,chickenspider,label,ThingDef/Races_Animal_Insectoidhybrids.xml,def
GR_Chickenspider.description,"For the unusual connoisseur who both enjoys a healthy breakfast and the feel of silk pyjamas. A very niche market, but considering the amount of money paid for the development, people like that are too rich to be considered mad. They’re simply eccentric with refined tastes, or “tossers” as the disenfranchised call them.\n\nAn insectoid hybrid with recessive avian genes. Quite large and difficult to train for an animal that lays eggs, this particular hybrid should always be kept warm due to the various functions taking up valuable space. Capable of producing not only eggs but also valuable silk, and is protected by thin, flexible scales to resist cuts.\n\n<color=#E5E54C>Gameplay effect:</color> All insectoid hybrids have good armor and no toxic sensitivity, but they are always sterile and can't reproduce, even if a fertility booster is used to create them.",description,ThingDef/Races_Animal_Insectoidhybrids.xml,def
GR_Chickenspider.tools.1.label,head,label,ThingDef/Races_Animal_Insectoidhybrids.xml,def
GR_Chickenspider.label,chickenspider,label,PawnKindDef/Races_Animal_Insectoidhybrids.xml,def
GR_Muffalopede.label,muffalopede,label,ThingDef/Races_Animal_Insectoidhybrids.xml,def
GR_Muffalopede.description,"An oversized grub with udders that extrude jelly instead of milk, its hard-headedness serves it well in both getting what it wants and nutting anyone foolish enough to think they’re better than them. Allegedly there was a case where the owner was prevented from shearing the creature for so long that the overlapping plates completely prevented it from moving, who was afterwards thanked with a kick in the nether region.\n\nAn insectoid hybrid with recessive muffalo genes. Higher metabolism compared to other insectoid hybrids as well as stubborn, any predator foolish enough to think of them as an easy meal will be responded with a headbutt like a sledgehammer. Can work as a pack animal but refuses to haul comparatively heavy loads. Regularly produces precious jelly and can be sheared for chitin, which overlaps and protects the animal well from blunt attacks.\n\n<color=#E5E54C>Gameplay effect:</color> All insectoid hybrids have good armor and no toxic sensitivity, but they are always sterile and can't reproduce, even if a fertility booster is used to create them.",description,ThingDef/Races_Animal_Insectoidhybrids.xml,def
GR_Muffalopede.tools.1.label,head,label,ThingDef/Races_Animal_Insectoidhybrids.xml,def
GR_Muffalopede.label,muffalopede,label,PawnKindDef/Races_Animal_Insectoidhybrids.xml,def
GR_Wolfscarab.label,wolfscarab,label,ThingDef/Races_Animal_Insectoidhybrids.xml,def
GR_Wolfscarab.description,"The answer to all your worries about escaping slaves. These omnivorous vicious beasties are effectively exotic hunting dogs, and the most exotic and forbidden prey of all is humans. That is, provided they’re practically unable to defend themselves. Everyone knows you can kill as many people as you like, just don’t hurt the poor puppy trying to tear your throat out.\n\nAn insectoid hybrid with recessive canine genes. Incredibly fast and with multiple hardened jaw plates, these ferocious hunting dogs make for an excellent, intelligent combat hybrid. Unable to take much punishment but the armour plating should help against those lacking in offensive weaponry.\n\n<color=#E5E54C>Gameplay effect:</color> All insectoid hybrids have good armor and no toxic sensitivity, but they are always sterile and can't reproduce, even if a fertility booster is used to create them.",description,ThingDef/Races_Animal_Insectoidhybrids.xml,def
GR_Wolfscarab.tools.1.label,head,label,ThingDef/Races_Animal_Insectoidhybrids.xml,def
GR_Wolfscarab.label,wolfscarab,label,PawnKindDef/Races_Animal_Insectoidhybrids.xml,def
GR_Spidercat.label,spidercat,label,ThingDef/Races_Animal_Insectoidhybrids.xml,def
GR_Spidercat.description,"People really never understand what it is to have a bad hair day, and this feisty feline is gonna help teach them. As for those who don’t want to be covered in hairballs formed from silk strands and adhesive mucus, them’s the brakes, kid. Don’t wanna get spat on, then be friends with them and get over your arachnophobia.\n\nAn insectoid hybrid with recessive feline genes. Both quick and decent offensive power, this one can handle themselves in both melee combat and a blinding ranged attack. A little difficult to train, but very clever and affectionate with flexible scales to resist cuts.\n\n<color=#E5E54C>Gameplay effect:</color> All insectoid hybrids have good armor and no toxic sensitivity, but they are always sterile and can't reproduce, even if a fertility booster is used to create them.",description,ThingDef/Races_Animal_Insectoidhybrids.xml,def
GR_Spidercat.tools.0.label,mandibles,label,ThingDef/Races_Animal_Insectoidhybrids.xml,def
GR_Spidercat.tools.1.label,head,label,ThingDef/Races_Animal_Insectoidhybrids.xml,def
GR_Spidercat.label,spidercat,label,PawnKindDef/Races_Animal_Insectoidhybrids.xml,def
GR_Manscarab.label,manscarab,label,ThingDef/Races_Animal_Insectoidhybrids.xml,def
GR_Manscarab.description,"They say you can learn a lot by taking something apart and putting it back together again. Not this creature, it doesn’t give a damn, it just wants to take things apart because the hardest part is someone else’s problem. Some people actually prefer these chitinous creatures over actual humans as they’re not going to use up good material in a botched attempt.\n\nAn insectoid hybrid with recessive humanoid genes. Easy to train, quite resilient but not a great combatant. This particular hybrid fills the niche of fulfilling deconstruction orders around the colony, freeing up otherwise valuable manpower.\n\n<color=#E5E54C>Gameplay effect:</color> Humanoid hybrids will periodically engage other colonists in conversation, talking about a variety of topics. This increases the social recreation needs of those they interact with by 10% (subject to diminishing returns like all joy types). If using Ideology, humanoid hybrids are subject to precepts. All insectoid hybrids have good armor and no toxic sensitivity, but they are always sterile and can't reproduce, even if a fertility booster is used to create them. Menscarab will take building deconstruction orders around the colony.",description,ThingDef/Races_Animal_Insectoidhybrids.xml,def
GR_Manscarab.tools.0.label,mandibles,label,ThingDef/Races_Animal_Insectoidhybrids.xml,def
GR_Manscarab.tools.1.label,head,label,ThingDef/Races_Animal_Insectoidhybrids.xml,def
GR_Manscarab.label,manscarab,label,PawnKindDef/Races_Animal_Insectoidhybrids.xml,def
GR_Manscarab.labelFemale,womanscarab,labelFemale,PawnKindDef/Races_Animal_Insectoidhybrids.xml,def
GR_Mechabear.label,mechabear,label,ThingDef/Races_Animal_Mechanoidhybrids.xml,def
GR_Mechabear.description,"This cybernetic beast has been mutated far beyond its original form. Heavily armoured to withstand heavy fire, and armed with a terrifying plasma cannon.\n\n<color=#E5E54C>Gameplay effect:</color>Mechanoid hybrids are always created with a controller booster, making the mechabear an effective weapons platform, akin to a rocket turret. Mechanoid hybrids need very little food or rest, don't have psychic or toxic sensitivity, and have devastating ranged attacks. They have however high wildness, making them harder to keep tamed, and they will need a mechahybrid antenna to be built somewhere on the planet, or their IFF sensors will malfunction in 5 days. One antenna is needed for each five mech hybrids under the colony's control.",description,ThingDef/Races_Animal_Mechanoidhybrids.xml,def
GR_Mechabear.tools.0.label,head,label,ThingDef/Races_Animal_Mechanoidhybrids.xml,def
GR_Mechabear.comps.1.message,GR_IFFCoherence,message,ThingDef/Races_Animal_Mechanoidhybrids.xml,def
GR_Mechabear.label,mechabear,label,PawnKindDef/Races_Animal_Mechanoidhybrids.xml,def
GR_Mechalope.label,mechalope,label,ThingDef/Races_Animal_Mechanoidhybrids.xml,def
GR_Mechalope.description,"This cybernetic boomalope has been outfitted with four mechanized chemfuel reservoirs. The creature can use these reservoirs to produce a jet of burning fuel similar to a flamethrower, not incredibly harmful, but perfect for starting huge fires.\n\n<color=#E5E54C>Gameplay effect:</color> Mechanoid hybrids are always created with a controller booster, making the mechalope an effective weapons platform, akin to a flamethrower. Mechanoid hybrids need very little food or rest, don't have psychic or toxic sensitivity, and have devastating ranged attacks. They have however high wildness, making them harder to keep tamed, and they will need a mechahybrid antenna to be built somewhere on the planet, or their IFF sensors will malfunction in 5 days. One antenna is needed for each five mech hybrids under the colony's control.",description,ThingDef/Races_Animal_Mechanoidhybrids.xml,def
GR_Mechalope.tools.0.label,head,label,ThingDef/Races_Animal_Mechanoidhybrids.xml,def
GR_Mechalope.comps.2.message,GR_IFFCoherence,message,ThingDef/Races_Animal_Mechanoidhybrids.xml,def
GR_Mechalope.label,mechalope,label,PawnKindDef/Races_Animal_Mechanoidhybrids.xml,def
GR_Mechachicken.label,mecha-chicken,label,ThingDef/Races_Animal_Mechanoidhybrids.xml,def
GR_Mechachicken.description,"This cybernetic organism is adept at reconnaissance and infiltration, due to its small size and speed. It is armed with a small sniper flechette gun. \n\n<color=#E5E54C>Gameplay effect:</color> Mechanoid hybrids are always created with a controller booster, making the mecha-chicken an effective weapons platform with very long range sniper attacks. Mechanoid hybrids need very little food or rest, don't have psychic or toxic sensitivity, and have devastating ranged attacks. They have however high wildness, making them harder to keep tamed, and they will need a mechahybrid antenna to be built somewhere on the planet, or their IFF sensors will malfunction in 5 days. One antenna is needed for each five mech hybrids under the colony's control.",description,ThingDef/Races_Animal_Mechanoidhybrids.xml,def
GR_Mechachicken.tools.0.label,head,label,ThingDef/Races_Animal_Mechanoidhybrids.xml,def
GR_Mechachicken.comps.3.message,GR_IFFCoherence,message,ThingDef/Races_Animal_Mechanoidhybrids.xml,def
GR_Mechachicken.label,mecha-chicken,label,PawnKindDef/Races_Animal_Mechanoidhybrids.xml,def
GR_Mechaspider.label,mechaspider,label,ThingDef/Races_Animal_Mechanoidhybrids.xml,def
GR_Mechaspider.description,"This cybernetic organism has traits from both its insectoid and mechanoid origins. The mechaspider is armed with a powerful twin-coiled laser machine gun, perfect to obliterate enemies in a rain of laser fire.\n\n<color=#E5E54C>Gameplay effect:</color> Mechanoid hybrids are always created with a controller booster, making the mechaspider an effective weapons platform with a very high fire rate. Mechanoid hybrids need very little food or rest, don't have psychic or toxic sensitivity, and have devastating ranged attacks. They have however high wildness, making them harder to keep tamed, and they will need a mechahybrid antenna to be built somewhere on the planet, or their IFF sensors will malfunction in 5 days. One antenna is needed for each five mech hybrids under the colony's control.",description,ThingDef/Races_Animal_Mechanoidhybrids.xml,def
GR_Mechaspider.tools.0.label,head,label,ThingDef/Races_Animal_Mechanoidhybrids.xml,def
GR_Mechaspider.comps.1.message,GR_IFFCoherence,message,ThingDef/Races_Animal_Mechanoidhybrids.xml,def
GR_Mechaspider.label,mechaspider,label,PawnKindDef/Races_Animal_Mechanoidhybrids.xml,def
GR_Mechamuffalo.label,mecha-muffalo,label,ThingDef/Races_Animal_Mechanoidhybrids.xml,def
GR_Mechamuffalo.description,"This hulking cybernetic organism has been reinforced with an adaptive plasteel mesh, enabling it to carry an incredible amount of stuff. The mecha-muffalo is the perfect pack animal, but it is quite useless in an offensive role. Defensively, however, it is armed with a smoke cannon that it can use to cover the battlefield in a dense cloud of dust.\n\n<color=#E5E54C>Gameplay effect:</color> Mechanoid hybrids are always created with a controller booster, making the mecha-muffalo capable of laying a screen of smoke for defensive purposes. Mechanoid hybrids need very little food or rest, don't have psychic or toxic sensitivity, and have devastating ranged attacks. They have however high wildness, making them harder to keep tamed, and they will need a mechahybrid antenna to be built somewhere on the planet, or their IFF sensors will malfunction in 5 days. One antenna is needed for each five mech hybrids under the colony's control.",description,ThingDef/Races_Animal_Mechanoidhybrids.xml,def
GR_Mechamuffalo.tools.0.label,head,label,ThingDef/Races_Animal_Mechanoidhybrids.xml,def
GR_Mechamuffalo.comps.3.message,GR_IFFCoherence,message,ThingDef/Races_Animal_Mechanoidhybrids.xml,def
GR_Mechamuffalo.label,mecha-muffalo,label,PawnKindDef/Races_Animal_Mechanoidhybrids.xml,def
GR_Mecharat.label,mecha-rat,label,ThingDef/Races_Animal_Mechanoidhybrids.xml,def
GR_Mecharat.description,"This tiny cybernetic organism can be mass-produced as a kind of ""suicide weapon"". It is very fast, and armed with a short ranged stun gun, so hordes of mecha-rats can be sent to the front lines to keep enemies stunned and in check. \n\n<color=#E5E54C>Gameplay effect:</color>Mechanoid hybrids are always created with a controller booster, allowing the colonists to send the mecha-rat to the front lines to quickly stun enemies. Mechanoid hybrids need very little food or rest, don't have psychic or toxic sensitivity, and have devastating ranged attacks. They have however high wildness, making them harder to keep tamed, and they will need a mechahybrid antenna to be built somewhere on the planet, or their IFF sensors will malfunction in 5 days. One antenna is needed for each five mech hybrids under the colony's control.",description,ThingDef/Races_Animal_Mechanoidhybrids.xml,def
GR_Mecharat.tools.0.label,head,label,ThingDef/Races_Animal_Mechanoidhybrids.xml,def
GR_Mecharat.comps.1.message,GR_IFFCoherence,message,ThingDef/Races_Animal_Mechanoidhybrids.xml,def
GR_Mecharat.label,mecha-rat,label,PawnKindDef/Races_Animal_Mechanoidhybrids.xml,def
GR_Mechaturtle.label,mechaturtle,label,ThingDef/Races_Animal_Mechanoidhybrids.xml,def
GR_Mechaturtle.description,"This slow, cybernetic beast is heavily armoured with a plasteel-encased biomechanical shell. It is armed with a poison spitting cannon.\n\n<color=#E5E54C>Gameplay effect:</color>Mechanoid hybrids are always created with a controller booster, making the mechaturtle an effective weapons platform that fires venomous projectiles. Mechanoid hybrids need very little food or rest, don't have psychic or toxic sensitivity, and have devastating ranged attacks. They have however high wildness, making them harder to keep tamed, and they will need a mechahybrid antenna to be built somewhere on the planet, or their IFF sensors will malfunction in 5 days. One antenna is needed for each five mech hybrids under the colony's control.",description,ThingDef/Races_Animal_Mechanoidhybrids.xml,def
GR_Mechaturtle.tools.0.label,head,label,ThingDef/Races_Animal_Mechanoidhybrids.xml,def
GR_Mechaturtle.comps.1.message,GR_IFFCoherence,message,ThingDef/Races_Animal_Mechanoidhybrids.xml,def
GR_Mechaturtle.label,mechaturtle,label,PawnKindDef/Races_Animal_Mechanoidhybrids.xml,def
GR_Mechawolf.label,mechawolf,label,ThingDef/Races_Animal_Mechanoidhybrids.xml,def
GR_Mechawolf.description,"This cybernetic beast has been augmented with a powerful synthetic structure capable of generating waves of cryogenic liquid. \n\n<color=#E5E54C>Gameplay effect:</color>Mechanoid hybrids are always created with a controller booster, making the mechawolf an effective weapons platform that fires frost projectiles. Mechanoid hybrids need very little food or rest, don't have psychic or toxic sensitivity, and have devastating ranged attacks. They have however high wildness, making them harder to keep tamed, and they will need a mechahybrid antenna to be built somewhere on the planet, or their IFF sensors will malfunction in 5 days. One antenna is needed for each five mech hybrids under the colony's control.",description,ThingDef/Races_Animal_Mechanoidhybrids.xml,def
GR_Mechawolf.tools.0.label,head,label,ThingDef/Races_Animal_Mechanoidhybrids.xml,def
GR_Mechawolf.comps.2.message,GR_IFFCoherence,message,ThingDef/Races_Animal_Mechanoidhybrids.xml,def
GR_Mechawolf.label,mechawolf,label,PawnKindDef/Races_Animal_Mechanoidhybrids.xml,def
GR_Mechathrumbo.label,mechathrumbo,label,ThingDef/Races_Animal_Mechanoidhybrids.xml,def
GR_Mechathrumbo.description,"This hulking cybernetic behemoth is why you don't need tanks in the Rim. Its huge plasteel carapace hides a miniaturized synchrotron that constantly generates small amounts of antimatter, which is instantly used to fill a miniature antigrain warhead. Slow, but quite effective.\n\n<color=#E5E54C>Gameplay effect:</color>Mechanoid hybrids are always created with a controller booster, making the mechathrumbo effective mobile artillery. Mechanoid hybrids need very little food or rest, don't have psychic or toxic sensitivity, and have devastating ranged attacks. They have however high wildness, making them harder to keep tamed, and they will need a mechahybrid antenna to be built somewhere on the planet, or their IFF sensors will malfunction in 5 days. One antenna is needed for each five mech hybrids under the colony's control.",description,ThingDef/Races_Animal_Mechanoidhybrids.xml,def
GR_Mechathrumbo.tools.0.label,head,label,ThingDef/Races_Animal_Mechanoidhybrids.xml,def
GR_Mechathrumbo.comps.2.message,GR_IFFCoherence,message,ThingDef/Races_Animal_Mechanoidhybrids.xml,def
GR_Mechathrumbo.label,mechathrumbo,label,PawnKindDef/Races_Animal_Mechanoidhybrids.xml,def
GR_Mechacat.label,mechacat,label,ThingDef/Races_Animal_Mechanoidhybrids.xml,def
GR_Mechacat.description,"The tail of this robotic creature has been crafted from an amalgamation of scyther blade structures and mechanite self-replicators. This allows the mechacat to use its tail as a throwable weapon, and quickly regenerate it to use it again. \n\n<color=#E5E54C>Gameplay effect:</color>Mechanoid hybrids are always created with a controller booster, making the mechacat capable of attacking with slashing attacks from a range. Mechanoid hybrids need very little food or rest, don't have psychic or toxic sensitivity, and have devastating ranged attacks. They have however high wildness, making them harder to keep tamed, and they will need a mechahybrid antenna to be built somewhere on the planet, or their IFF sensors will malfunction in 5 days. One antenna is needed for each five mech hybrids under the colony's control.",description,ThingDef/Races_Animal_Mechanoidhybrids.xml,def
GR_Mechacat.tools.0.label,head,label,ThingDef/Races_Animal_Mechanoidhybrids.xml,def
GR_Mechacat.comps.2.message,GR_IFFCoherence,message,ThingDef/Races_Animal_Mechanoidhybrids.xml,def
GR_Mechacat.label,mechacat,label,PawnKindDef/Races_Animal_Mechanoidhybrids.xml,def
GR_Mechahorse.label,mecha-horse,label,ThingDef/Races_Animal_Mechanoidhybrids.xml,def
GR_Mechahorse.description,"More machine than horse, the mecha-horse has an agile frame covered by ablative panels. Though well-liked by riders for its speed and agility, it has a significant design flaw: it heats up considerably during extended travels, needing to periodically vent excess heated air generated on their internal machinery.\n\n<color=#E5E54C>Gameplay effect:</color>Mechanoid hybrids are always created with a controller booster, making the mecha-horse capable of using its ""vent heated exhaust"" ability to scorch enemies on the surrounding tiles. Mechanoid hybrids need very little food or rest, don't have psychic or toxic sensitivity, and have devastating ranged attacks. They have however high wildness, making them harder to keep tamed, and they will need a mechahybrid antenna to be built somewhere on the planet, or their IFF sensors will malfunction in 5 days. One antenna is needed for each five mech hybrids under the colony's control.",description,ThingDef/Races_Animal_Mechanoidhybrids.xml,def
GR_Mechahorse.comps.1.message,GR_IFFCoherence,message,ThingDef/Races_Animal_Mechanoidhybrids.xml,def
GR_Mechahorse.tools.0.label,head,label,ThingDef/Races_Animal_Mechanoidhybrids.xml,def
GR_Mechahorse.tools.1.label,left hoof,label,ThingDef/Races_Animal_Mechanoidhybrids.xml,def
GR_Mechahorse.tools.2.label,right hoof,label,ThingDef/Races_Animal_Mechanoidhybrids.xml,def
GR_Mechahorse.label,mecha-horse,label,PawnKindDef/Races_Animal_Mechanoidhybrids.xml,def
GR_Mechamime.label,mecha-mime,label,ThingDef/Races_Animal_Mechanoidhybrids.xml,def
GR_Mechamime.description,"The ultimate violation of all ethical concerns in genetic engineering: a humanlike mechanoid creature with obvious malevolence. Created by warping humanoid genes into a dangerous Mime, and then further modifying it with self-replicating mechanites by using forgotten technology, the mecha-mime will need to be kept in a short leash, lest its IFF system goes haywire and decides to enact its very own judgement day.\n\n<color=#E5E54C>Gameplay effect:</color>Mechanoid hybrids are always created with a controller booster. The mecha-mime has lost the infiltration abilities of a regular mime, but in exchange it possesses a powerful spatial warping cannon that ignores enemy's armor. Mechanoid hybrids need very little food or rest, don't have psychic or toxic sensitivity, and have devastating ranged attacks. They have however high wildness, making them harder to keep tamed, and they will need a mechahybrid antenna to be built somewhere on the planet, or their IFF sensors will malfunction in 5 days. One antenna is needed for each five mech hybrids under the colony's control.\n\n<color=#E5E54C>Warning:</color> A mecha-mime's IFF sensors will fail in only 2 days, instead of 5.",description,ThingDef/Races_Animal_Mechanoidhybrids.xml,def
GR_Mechamime.tools.0.label,left fist,label,ThingDef/Races_Animal_Mechanoidhybrids.xml,def
GR_Mechamime.tools.1.label,right fist,label,ThingDef/Races_Animal_Mechanoidhybrids.xml,def
GR_Mechamime.tools.2.label,teeth,label,ThingDef/Races_Animal_Mechanoidhybrids.xml,def
GR_Mechamime.tools.3.label,head,label,ThingDef/Races_Animal_Mechanoidhybrids.xml,def
GR_Mechamime.comps.2.message,GR_IFFCoherence,message,ThingDef/Races_Animal_Mechanoidhybrids.xml,def
GR_Mechamime.label,mecha-mime,label,PawnKindDef/Races_Animal_Mechanoidhybrids.xml,def
GR_Muffalobear.label,muffalobear,label,ThingDef/Races_Animal_Muffalohybrids.xml,def
GR_Muffalobear.description,"An absolute unit of a muffalo hybrid with muscles bursting underneath the layers of fur and fat. An excellent caravan companion for those wanting to transport lots of goods and hot muffalobear milk makes living in eternal winter seem almost worth it.\n\nA muffalo hybrid with recessive ursine genes. While they are slower and eat more compared to a regular muffalo, they are better at self defence and offer the highest carry capacity of all primary muffalo hybrids. They also produce good thick wool and delicious yet simple milk.\n\n<color=#E5E54C>Gameplay effect:</color> All primary muffalo hybrids have 150% carrying capacity on caravans.",description,ThingDef/Races_Animal_Muffalohybrids.xml,def
GR_Muffalobear.tools.0.label,head,label,ThingDef/Races_Animal_Muffalohybrids.xml,def
GR_Muffalobear.label,muffalobear,label,PawnKindDef/Races_Animal_Muffalohybrids.xml,def
GR_Muffalobear.lifeStages.0.label,muffalobear calf,label,PawnKindDef/Races_Animal_Muffalohybrids.xml,def
GR_Muffalobear.lifeStages.0.labelPlural,muffalobear calves,labelPlural,PawnKindDef/Races_Animal_Muffalohybrids.xml,def
GR_Muffalope.label,muffalope,label,ThingDef/Races_Animal_Muffalohybrids.xml,def
GR_Muffalope.description,"A very naughty hybrid that can be told to relieve itself on command, creating puddles of chemfuel-infused urine around it. For those who just want to watch the world burn in the most vulgar way.\n\nA muffalo hybrid with recessive boomalope genes. A bit too slow for a caravan companion but make up for it with intelligence and an unusual chemfuel ability that lends itself for defence.\n\n<color=#E5E54C>Gameplay effect:</color> All primary muffalo hybrids have 150% carrying capacity on caravans.",description,ThingDef/Races_Animal_Muffalohybrids.xml,def
GR_Muffalope.tools.0.label,head,label,ThingDef/Races_Animal_Muffalohybrids.xml,def
GR_Muffalope.label,muffalope,label,PawnKindDef/Races_Animal_Muffalohybrids.xml,def
GR_Muffalope.lifeStages.0.label,muffalope calf,label,PawnKindDef/Races_Animal_Muffalohybrids.xml,def
GR_Muffalope.lifeStages.0.labelPlural,muffalope calves,labelPlural,PawnKindDef/Races_Animal_Muffalohybrids.xml,def
GR_Muffalochicken.label,muffalochicken,label,ThingDef/Races_Animal_Muffalohybrids.xml,def
GR_Muffalochicken.description,"Don’t let its adorable appearance fool you, this beastie is ready to fly off its handle at a moment's notice. The more it’s hurt, the more pissed off it gets and the faster it’ll try to rip its enemies to shreds.\n\nA muffalo hybrid with recessive avian genes. A bit too slow and weak for a caravan companion but it makes  for a vicious and suicidal protective companion. Produces a thick, chunky milk that tastes like a protein shake.\n\n<color=#E5E54C>Gameplay effect:</color> The melee cooldown of its attacks scales with the percentage of lost health, up to 6 times faster. All primary muffalo hybrids have 150% carrying capacity on caravans.",description,ThingDef/Races_Animal_Muffalohybrids.xml,def
GR_Muffalochicken.tools.0.label,head,label,ThingDef/Races_Animal_Muffalohybrids.xml,def
GR_Muffalochicken.tools.1.label,beak,label,ThingDef/Races_Animal_Muffalohybrids.xml,def
GR_Muffalochicken.label,muffalochicken,label,PawnKindDef/Races_Animal_Muffalohybrids.xml,def
GR_Muffalochicken.lifeStages.0.label,muffalochicken calf,label,PawnKindDef/Races_Animal_Muffalohybrids.xml,def
GR_Muffalochicken.lifeStages.0.labelPlural,muffalochicken calves,labelPlural,PawnKindDef/Races_Animal_Muffalohybrids.xml,def
GR_Muffalowolf.label,muffalowolf,label,ThingDef/Races_Animal_Muffalohybrids.xml,def
GR_Muffalowolf.description,"Someone clearly wanted multiple muffalos that would be capable of tearing foolish attackers to shreds. They eat a ton but those massive teeth of theirs aren’t just good at chewing up vegetation. Plus they’re incredibly cute when they wag their massive tails.\n\nA muffalo hybrid with recessive canine genes. The combination of lethality, speed and high intelligence makes this hybrid a fierce pack animal, both figuratively and literally. Capable of pack tactics with other muffalowolves that further increase their melee dodge, hit chance and dps.\n\n<color=#E5E54C>Gameplay effect:</color> The pack tactics ability will give any muffalowolves around bonuses to melee dps, melee dodge and melee hit chance. All primary muffalo hybrids have 150% carrying capacity on caravans.",description,ThingDef/Races_Animal_Muffalohybrids.xml,def
GR_Muffalowolf.tools.0.label,head,label,ThingDef/Races_Animal_Muffalohybrids.xml,def
GR_Muffalowolf.label,muffalowolf,label,PawnKindDef/Races_Animal_Muffalohybrids.xml,def
GR_Muffalowolf.lifeStages.0.label,muffalowolf calf,label,PawnKindDef/Races_Animal_Muffalohybrids.xml,def
GR_Muffalowolf.lifeStages.0.labelPlural,muffalowolf calves,labelPlural,PawnKindDef/Races_Animal_Muffalohybrids.xml,def
GR_Muffalocat.label,muffalocat,label,ThingDef/Races_Animal_Muffalohybrids.xml,def
GR_Muffalocat.description,"Combining fierce independence with an animal suited for travelling long distances might not have been the best idea. But critics have clearly never been nuzzled by a giant cat only to be buried alive in a pile of insulating hair in the winter, so what do they know.\n\nA muffalo hybrid with recessive feline genes. Not the best for caravan duty but their regular grooming produces bundles of thick wool and can be milked for a rather disgusting milk filled with hair. A low maintenance way of getting more hair than you bargained for.\n\n<color=#E5E54C>Gameplay effect:</color> Produces wool without needing to be sheared. All primary muffalo hybrids have 150% carrying capacity on caravans. Like all cat hybrids, they have an improved melee dodge ability and a short nuzzle period.",description,ThingDef/Races_Animal_Muffalohybrids.xml,def
GR_Muffalocat.tools.0.label,head,label,ThingDef/Races_Animal_Muffalohybrids.xml,def
GR_Muffalocat.tools.1.label,left hoof,label,ThingDef/Races_Animal_Muffalohybrids.xml,def
GR_Muffalocat.tools.2.label,right hoof,label,ThingDef/Races_Animal_Muffalohybrids.xml,def
GR_Muffalocat.label,muffalocat,label,PawnKindDef/Races_Animal_Muffalohybrids.xml,def
GR_Muffalocat.lifeStages.0.label,muffalocat calf,label,PawnKindDef/Races_Animal_Muffalohybrids.xml,def
GR_Muffalocat.lifeStages.0.labelPlural,muffalocat calves,labelPlural,PawnKindDef/Races_Animal_Muffalohybrids.xml,def
GR_Muffalorat.label,muffalorat,label,ThingDef/Races_Animal_Muffalohybrids.xml,def
GR_Muffalorat.description,"Breeding a muffalo hybrid into such a small package means they have very little capacity for either wool or milk. They’re very quick though, and your handlers better be quicker on their daily milking and shearing.\n\nA muffalo hybrid with recessive rodent genes. Very weak as a pack animal but they breed quickly and can be milked and sheared daily. The amount of product is small, but it’s thick wool and nutritious milk.\n\n<color=#E5E54C>Gameplay effect:</color> All primary muffalo hybrids have 150% carrying capacity on caravans.",description,ThingDef/Races_Animal_Muffalohybrids.xml,def
GR_Muffalorat.tools.0.label,head,label,ThingDef/Races_Animal_Muffalohybrids.xml,def
GR_Muffalorat.label,muffalorat,label,PawnKindDef/Races_Animal_Muffalohybrids.xml,def
GR_Muffalorat.lifeStages.0.label,muffalorat calf,label,PawnKindDef/Races_Animal_Muffalohybrids.xml,def
GR_Muffalorat.lifeStages.0.labelPlural,muffalorat calves,labelPlural,PawnKindDef/Races_Animal_Muffalohybrids.xml,def
GR_Muffaloman.label,muffaloman,label,ThingDef/Races_Animal_Muffalohybrids.xml,def
GR_Muffaloman.description,"The animal we’ve all been waiting for, namely one that not only cleans up after itself but for others as well. Their fur is surprisingly soft and has antibacterial properties, which it uses along with its fingered paws to clean surfaces. Once the fur starts to become matted is when it needs to be trimmed.\n\nA muffalo hybrid with recessive humanoid genes. Quite intelligent but they lose out on a lot of their progenitor’s hardiness against the cold. They are also very clean animals and will clean areas around the colony, and can be sheared regularly for a decent amount of wool.\n\n<color=#E5E54C>Gameplay effect:</color> Humanoid hybrids will periodically engage other colonists in conversation, talking about a variety of topics. This increases the social recreation needs of those they interact with by 10% (subject to diminishing returns like all joy types). If using Ideology, humanoid hybrids are subject to precepts. All primary muffalo hybrids have 150% carrying capacity on caravans. Muffalomen are clean muffalo hybrids that will periodically clean around the colony.",description,ThingDef/Races_Animal_Muffalohybrids.xml,def
GR_Muffaloman.tools.0.label,head,label,ThingDef/Races_Animal_Muffalohybrids.xml,def
GR_Muffaloman.label,muffaloman,label,PawnKindDef/Races_Animal_Muffalohybrids.xml,def
GR_Muffaloman.labelFemale,muffalowoman,labelFemale,PawnKindDef/Races_Animal_Muffalohybrids.xml,def
GR_Muffaloman.lifeStages.0.label,muffalobaby,label,PawnKindDef/Races_Animal_Muffalohybrids.xml,def
GR_Muffaloman.lifeStages.0.labelPlural,muffalobabies,labelPlural,PawnKindDef/Races_Animal_Muffalohybrids.xml,def
GR_ParagonBear.label,ursine paragon,label,ThingDef/Races_Animal_Paragons.xml,def
GR_ParagonBear.description,"The absolute alpha of units, the chonkiest of bois, winner of consecutive Fat Bear Weeks before being disqualified due to winning too often.\n\nA perfect ursine animal, paragon of all similar animals with no needless junk genetic data. Besides the various improvements to the baseline animal’s abilities, this paragon has a particularly powerful stun attack and can be slaughtered for a valuable pelt, which can either be used for decoration or sold.",description,ThingDef/Races_Animal_Paragons.xml,def
GR_ParagonBear.tools.0.label,left claw,label,ThingDef/Races_Animal_Paragons.xml,def
GR_ParagonBear.tools.1.label,right claw,label,ThingDef/Races_Animal_Paragons.xml,def
GR_ParagonBear.tools.3.label,head,label,ThingDef/Races_Animal_Paragons.xml,def
GR_ParagonBear.label,ursine paragon,label,PawnKindDef/Races_Animal_Paragons.xml,def
GR_ParagonBoomalope.label,boomalope paragon,label,ThingDef/Races_Animal_Paragons.xml,def
GR_ParagonBoomalope.description,"While more of a risk to keep around, they are considerably more efficient and don’t eat your crops as much. Plus their permanent sad expression just makes you want to pet them, how can you say no.\n\nA perfect boomalope animal, paragon of all similar animals with no needless junk genetic data. Besides the various improvements to the baseline animal’s abilities, this paragon produces deepchem instead and explodes on death in a much more violent fashion.",description,ThingDef/Races_Animal_Paragons.xml,def
GR_ParagonBoomalope.tools.0.label,head,label,ThingDef/Races_Animal_Paragons.xml,def
GR_ParagonBoomalope.label,boomalope paragon,label,PawnKindDef/Races_Animal_Paragons.xml,def
GR_ParagonBoomalope.lifeStages.0.label,paragon boomalope calf,label,PawnKindDef/Races_Animal_Paragons.xml,def
GR_ParagonBoomalope.lifeStages.0.labelPlural,paragon boomalope calves,labelPlural,PawnKindDef/Races_Animal_Paragons.xml,def
GR_ParagonChicken.label,avian paragon,label,ThingDef/Races_Animal_Paragons.xml,def
GR_ParagonChicken.description,"Sure the little blighter is more stubborn than its progenitor, but not having to gather the eggs so often and a bigger fried egg makes all the difference.\n\nA perfect avian animal, paragon of all similar animals with no needless junk genetic data. Besides the various improvements to the baseline animal’s abilities, this paragon possesses inherent wildness not present in domesticated chickens but is more likely to stay put.",description,ThingDef/Races_Animal_Paragons.xml,def
GR_ParagonChicken.tools.0.label,claws,label,ThingDef/Races_Animal_Paragons.xml,def
GR_ParagonChicken.tools.2.label,head,label,ThingDef/Races_Animal_Paragons.xml,def
GR_ParagonChicken.label,avian paragon,label,PawnKindDef/Races_Animal_Paragons.xml,def
GR_ParagonChicken.labelFemale,avian paragon hen,labelFemale,PawnKindDef/Races_Animal_Paragons.xml,def
GR_ParagonChicken.lifeStages.0.label,avian paragon chick,label,PawnKindDef/Races_Animal_Paragons.xml,def
GR_ParagonMuffalo.label,muffalo paragon,label,ThingDef/Races_Animal_Paragons.xml,def
GR_ParagonMuffalo.description,"A return to simpler times, when everyone could have sworn blind that muffalos used to be able to produce milk but were instead fooled by hornless paragons.\n\nA perfect muffalo animal, paragon of all similar animals with no needless junk genetic data. Besides the various improvements to the baseline animal’s abilities, this paragon also produces milk and can be slaughtered for a valuable pelt, which can either be used for decoration or sold.",description,ThingDef/Races_Animal_Paragons.xml,def
GR_ParagonMuffalo.tools.0.label,head,label,ThingDef/Races_Animal_Paragons.xml,def
GR_ParagonMuffalo.label,muffalo paragon,label,PawnKindDef/Races_Animal_Paragons.xml,def
GR_ParagonMuffalo.lifeStages.0.label,muffalo paragon calf,label,PawnKindDef/Races_Animal_Paragons.xml,def
GR_ParagonMuffalo.lifeStages.0.labelPlural,muffalo paragon calves,labelPlural,PawnKindDef/Races_Animal_Paragons.xml,def
GR_ParagonWolf.label,canine paragon,label,ThingDef/Races_Animal_Paragons.xml,def
GR_ParagonWolf.description,"An improved version of man’s best friend, easier to train, more assertive and dangerous to those that threaten a household. Sadly, far too proud to admit it really wants a belly rub.\n\nA perfect canine animal, paragon of all similar animals with no needless junk genetic data. Besides the various improvements to the baseline animal’s abilities, this paragon can be slaughtered for a valuable pelt, which can either be used for decoration or sold.",description,ThingDef/Races_Animal_Paragons.xml,def
GR_ParagonWolf.tools.0.label,left claw,label,ThingDef/Races_Animal_Paragons.xml,def
GR_ParagonWolf.tools.1.label,right claw,label,ThingDef/Races_Animal_Paragons.xml,def
GR_ParagonWolf.tools.3.label,head,label,ThingDef/Races_Animal_Paragons.xml,def
GR_ParagonWolf.label,canine paragon,label,PawnKindDef/Races_Animal_Paragons.xml,def
GR_ParagonWolf.lifeStages.0.label,canine paragon puppy,label,PawnKindDef/Races_Animal_Paragons.xml,def
GR_ParagonWolf.lifeStages.0.labelPlural,paragon timber wolf puppies,labelPlural,PawnKindDef/Races_Animal_Paragons.xml,def
GR_ParagonRat.label,rodent paragon,label,ThingDef/Races_Animal_Paragons.xml,def
GR_ParagonRat.description,"Look, I know what you’re thinking. Why is the rat the paragon of all rodents? And even if you’re not thinking that, this is rhetorical anyway so there. What other rodent has caused civilization to collapse due to poorly held beliefs and lack of proper hygiene. As such, we give you the King Rat. Or Queen Rat, if you want a whole colony showing up.\n\nA perfect rodent animal, paragon of all similar animals with no needless junk genetic data. Besides the various improvements to the baseline animal’s abilities, this paragon has a very fast gestation period and its attacks transmit the plague.",description,ThingDef/Races_Animal_Paragons.xml,def
GR_ParagonRat.tools.0.label,left claw,label,ThingDef/Races_Animal_Paragons.xml,def
GR_ParagonRat.tools.1.label,right claw,label,ThingDef/Races_Animal_Paragons.xml,def
GR_ParagonRat.tools.3.label,head,label,ThingDef/Races_Animal_Paragons.xml,def
GR_ParagonRat.label,rodent paragon,label,PawnKindDef/Races_Animal_Paragons.xml,def
GR_ParagonIguana.label,reptile paragon,label,ThingDef/Races_Animal_Paragons.xml,def
GR_ParagonIguana.description,"Small and venomous, with a deadly fart, not quite what one was expecting for the perfect reptilian form. I mean, you’d think you’d get a tyrannosaurus rex or something but no, it seems that the humble iguana is here to stay. If anything, the shock of something so small moving so fast has got to be worth something.\n\nA perfect reptile animal, paragon of all similar animals with no needless junk genetic data. Besides the various improvements to the baseline animal’s abilities, this paragon is oviparous and can manually rupture neck sacs containing venomous gas.",description,ThingDef/Races_Animal_Paragons.xml,def
GR_ParagonIguana.tools.0.label,left claw,label,ThingDef/Races_Animal_Paragons.xml,def
GR_ParagonIguana.tools.1.label,right claw,label,ThingDef/Races_Animal_Paragons.xml,def
GR_ParagonIguana.tools.3.label,head,label,ThingDef/Races_Animal_Paragons.xml,def
GR_ParagonIguana.label,reptile paragon,label,PawnKindDef/Races_Animal_Paragons.xml,def
GR_ParagonHorse.label,equine paragon,label,ThingDef/Races_Animal_Paragons.xml,def
GR_ParagonHorse.description,"The most majestic of horses is proud and magnificent, and doesn’t care for your rules, man. So keep them properly penned up, because they’ll try to escape to freedom so they can run wild and free. And then wonder where all the carrots, sugar cubes and salt licks have disappeared to.\n\nA perfect equine animal, paragon of all similar animals with no needless junk genetic data. Besides the various improvements to the baseline animal’s abilities, this paragon makes for an excellent mount and pack animal for caravans.",description,ThingDef/Races_Animal_Paragons.xml,def
GR_ParagonHorse.tools.0.label,head,label,ThingDef/Races_Animal_Paragons.xml,def
GR_ParagonHorse.tools.1.label,left hoof,label,ThingDef/Races_Animal_Paragons.xml,def
GR_ParagonHorse.tools.2.label,right hoof,label,ThingDef/Races_Animal_Paragons.xml,def
GR_ParagonHorse.label,equine paragon,label,PawnKindDef/Races_Animal_Paragons.xml,def
GR_ParagonThrumbo.label,colossal paragon,label,ThingDef/Races_Animal_Paragons.xml,def
GR_ParagonThrumbo.description,"The gigantic, graceful creature has somehow been improved even further, proving infallibly that there’s always a taller mountain. Significantly easier to train and with a more efficient digestive system, this creature is possibly how the thrumbo originally was when first bred in a lab before it got tainted through terraforming.\n\nA perfect colossal animal, paragon of all similar animals with no needless junk genetic data. Besides the various improvements to the baseline animal’s abilities, this paragon makes for an excellent mount for caravans and can forcibly rush itself, getting faster and creating dust clouds that impede ranged attacks.",description,ThingDef/Races_Animal_Paragons.xml,def
GR_ParagonThrumbo.tools.0.label,horn,label,ThingDef/Races_Animal_Paragons.xml,def
GR_ParagonThrumbo.tools.2.label,left foot,label,ThingDef/Races_Animal_Paragons.xml,def
GR_ParagonThrumbo.tools.3.label,right foot,label,ThingDef/Races_Animal_Paragons.xml,def
GR_ParagonThrumbo.tools.4.label,head,label,ThingDef/Races_Animal_Paragons.xml,def
GR_ParagonThrumbo.label,colossal paragon,label,PawnKindDef/Races_Animal_Paragons.xml,def
GR_ParagonThrumbo.lifeStages.0.label,colossal paragon calf,label,PawnKindDef/Races_Animal_Paragons.xml,def
GR_ParagonThrumbo.lifeStages.0.labelPlural,colossal paragon calves,labelPlural,PawnKindDef/Races_Animal_Paragons.xml,def
GR_ParagonHumanoid.label,humanoid paragon,label,ThingDef/Races_Animal_Paragons.xml,def
GR_ParagonHumanoid.description,"There is a saying that all of life is a circle, and that eventually everything returns to its origins only to begin again. This particular humanoid has undergone some mental evolution while at the same time suffering from physical devolution, resembling more closely humanity’s distant evolutionary ancestors. Just don’t say monkey.\n\nA perfect humanoid animal, paragon of all similar animals with no needless junk genetic data. Besides the various improvements to the baseline animal’s abilities, this paragon can drive man’s curiosity ever forward by providing a boost to research speed with a well-placed insightful word of wisdom.\n\n<color=#E5E54C>Gameplay effect:</color> Humanoid paragons will periodically engage other colonists in conversation, talking about a variety of topics. This increases the social recreation needs of those they interact with by 10% (subject to diminishing returns like all joy types). If using Ideology, humanoid hybrids are subject to precepts. Research drive ability: offers investigative insights to nearby researches, allowing them to more easily reach a breakthrough by increasing research speed by 10%.",description,ThingDef/Races_Animal_Paragons.xml,def
GR_ParagonHumanoid.tools.0.label,left fist,label,ThingDef/Races_Animal_Paragons.xml,def
GR_ParagonHumanoid.tools.1.label,right fist,label,ThingDef/Races_Animal_Paragons.xml,def
GR_ParagonHumanoid.tools.3.label,head,label,ThingDef/Races_Animal_Paragons.xml,def
GR_ParagonHumanoid.label,humanoid paragon,label,PawnKindDef/Races_Animal_Paragons.xml,def
GR_ParagonFeline.label,feline paragon,label,ThingDef/Races_Animal_Paragons.xml,def
GR_ParagonFeline.description,"An incredible, large fur baby that not only wants you to scratch its belly, but regularly and without fear of getting your eyes gouged out by their massive claws. Also they’re smart enough to go after prey less than half their size, but that’s more so they don’t have to spend so much time grooming themselves afterwards.\n\nA perfect feline animal, paragon of all similar animals with no needless junk genetic data. Besides the various improvements to the baseline animal’s abilities, this paragon is incredibly intelligent and can be properly trained with minimal retraining, as well as being an excellent and affectionate companion.\n\n<color=#E5E54C>Gameplay effect:</color> Like all cat hybrids, they have an improved melee dodge ability and a short nuzzle period. Cat reflexes ability: twice per day, it can use an ability that gives it further melee capabilities.",description,ThingDef/Races_Animal_Paragons.xml,def
GR_ParagonFeline.tools.0.label,left claw,label,ThingDef/Races_Animal_Paragons.xml,def
GR_ParagonFeline.tools.1.label,right claw,label,ThingDef/Races_Animal_Paragons.xml,def
GR_ParagonFeline.tools.3.label,head,label,ThingDef/Races_Animal_Paragons.xml,def
GR_ParagonFeline.label,feline paragon,label,PawnKindDef/Races_Animal_Paragons.xml,def
GR_ParagonInsectoid.label,insectoid paragon,label,ThingDef/Races_Animal_Paragons.xml,def
GR_ParagonInsectoid.description,"A terrifying callback to the original Sorne geneline, this mobile hive was originally designed to engage the mechanoid enemy head-on. By carrying an entire colony of insects with hardened mandibles, their ability to practically disassemble the mechanical menace proved just as effective at turning against their human overlords.\n\nA perfect insectoid animal, paragon of all similar animals with no needless junk genetic data. Besides the various improvements to the baseline animal’s abilities, this paragon is extremely intelligent and carries a dangerous brood of warrior flies. A burst of pheromones summons the drones to protect their hive and queen, shredding apart all other nearby creatures.\n\n<color=#E5E54C>Gameplay effect:</color> All insectoid hybrids have good armor and no toxic sensitivity, but they are always sterile and can't reproduce, even if a fertility booster is used to create them. Insect clouds ability: twice a day it can create insect clouds around it that damage any animal crossing them, except insectoid paragons, which are immune.",description,ThingDef/Races_Animal_Paragons.xml,def
GR_ParagonInsectoid.tools.1.label,head,label,ThingDef/Races_Animal_Paragons.xml,def
GR_ParagonInsectoid.label,insectoid paragon,label,PawnKindDef/Races_Animal_Paragons.xml,def
GR_Bearodile.label,bearodile,label,ThingDef/Races_Animal_Reptilehybrids.xml,def
GR_Bearodile.description,"The dinosaur nerds out there should love this hybrid. Got one hell of a nasty bite and even the claws will both knock you down and make you unable to get up. Often bred for hunting by the bored one percenters who want to eat massive drumsticks, caveman style.\n\nA reptile hybrid with recessive ursine genes. Highly intelligent and an exceptional frontline trooper, with a venomous, stunning attack, fast movement speed and high health pool.\n\n<color=#E5E54C>Gameplay effect:</color> All reptile hybrids have good temperature tolerance ranges and venomous attacks.",description,ThingDef/Races_Animal_Reptilehybrids.xml,def
GR_Bearodile.tools.0.label,left claw,label,ThingDef/Races_Animal_Reptilehybrids.xml,def
GR_Bearodile.tools.1.label,right claw,label,ThingDef/Races_Animal_Reptilehybrids.xml,def
GR_Bearodile.tools.3.label,head,label,ThingDef/Races_Animal_Reptilehybrids.xml,def
GR_Bearodile.label,bearodile,label,PawnKindDef/Races_Animal_Reptilehybrids.xml,def
GR_Boomsnake.label,boomsnake,label,ThingDef/Races_Animal_Reptilehybrids.xml,def
GR_Boomsnake.description,"What happens when you mix a spitting cobra, a rattlesnake and a creature designed to lactate refined fuel? This abomination, that’s what. Drive it into a corner and it’ll hurt itself to release deadly neurotoxins. Try and keep your distance and it’ll spit toxic blood right at you. Clearly someone was a sore loser in playing pretend games as a child, but had either the brains or the money to prove themselves right.\n\nA reptile hybrid with recessive boomalope genes. Decently intelligent with a nasty bite and even nastier ranged attack, both causing toxic buildup. Quite a high metabolism which supports its various combat abilities, best suited for home defence.\n\n<color=#E5E54C>Gameplay effect:</color> All reptile hybrids have good temperature tolerance ranges and venomous attacks.",description,ThingDef/Races_Animal_Reptilehybrids.xml,def
GR_Boomsnake.tools.1.label,head,label,ThingDef/Races_Animal_Reptilehybrids.xml,def
GR_Boomsnake.label,boomsnake,label,PawnKindDef/Races_Animal_Reptilehybrids.xml,def
GR_Chickenlizard.label,chickenlizard,label,ThingDef/Races_Animal_Reptilehybrids.xml,def
GR_Chickenlizard.description,"Chickens are basically an evolution of dinosaurs, so someone decided to turn them back. Unfortunately they didn’t exactly bother to check that they should still be avian rather than reptilian, so it resulted in this nasty little thing that reproduces at an insane rate and empties your fridge. But hey, they’ll spit on your enemies and their right to shit everywhere, especially where they eat.\n\nA reptile hybrid with recessive avian genes. This particular farm animal is smart enough that it doesn’t need a pen and breeds faster than other reptiles. A very large appetite for a creature so small, which supports its ability to spit out nasty toxins on their enemies and create messes on the floor. Very easy to train and has a good memory.\n\n<color=#E5E54C>Gameplay effect:</color> All reptile hybrids have good temperature tolerance ranges and venomous attacks.",description,ThingDef/Races_Animal_Reptilehybrids.xml,def
GR_Chickenlizard.tools.0.label,claws,label,ThingDef/Races_Animal_Reptilehybrids.xml,def
GR_Chickenlizard.tools.2.label,head,label,ThingDef/Races_Animal_Reptilehybrids.xml,def
GR_Chickenlizard.label,chickenlizard,label,PawnKindDef/Races_Animal_Reptilehybrids.xml,def
GR_Muffalokomodo.label,muffalokomodo,label,ThingDef/Races_Animal_Reptilehybrids.xml,def
GR_Muffalokomodo.description,"Milking snakes for venom in order to create medicine is an extremely dangerous career. While this particular beast of burden proved to be capable in other areas, it was mainly synthesised in order to provide a safer way of sourcing an anaesthetic coagulant to be used in emergencies. Or someone was trying to get high by milking a reptilian space cow, who really knows.\n\nA reptile hybrid with recessive muffalo genes. A strong pack animal with a massive appetite and a proportionate filth rate. Quite durable and will prove a fatal mistake for any animal that attempts to hunt them, as their fangs, horns and claws are all venomous. Can be milked every ten days for a vial of paralysing coagulant, best used for large animals that are suffering from multiple lacerations.\n\n<color=#E5E54C>Gameplay effect:</color> All reptile hybrids have good temperature tolerance ranges and venomous attacks.",description,ThingDef/Races_Animal_Reptilehybrids.xml,def
GR_Muffalokomodo.label,muffalokomodo,label,PawnKindDef/Races_Animal_Reptilehybrids.xml,def
GR_Spidersnake.label,spidersnake,label,ThingDef/Races_Animal_Reptilehybrids.xml,def
GR_Spidersnake.description,"Neutroamine is rather difficult to manufacture due to the sterile environment needed in creating a synthetic precursor chemical. So some insane madman decided to create a living creature that can synthesise its own neutroamine. Granted it’s not a lot, but have enough of these disturbingly powerful and quick cobras and no one will ever try to rob you, or live long enough to get away.\n\nA reptile hybrid with recessive insectoid genes. For an animal so small, it has an incredibly powerful bite and can spit venom. Sadly they can’t be trained but will happily hunt smaller prey that happen to wander into their territory or fight back against any foolish predators. Can be milked once every several days for a vial of neutroamine, so they function well as part of a large drug farm.\n\n<color=#E5E54C>Gameplay effect:</color> All reptile hybrids have good temperature tolerance ranges and venomous attacks.",description,ThingDef/Races_Animal_Reptilehybrids.xml,def
GR_Spidersnake.tools.1.label,head,label,ThingDef/Races_Animal_Reptilehybrids.xml,def
GR_Spidersnake.label,spidersnake,label,PawnKindDef/Races_Animal_Reptilehybrids.xml,def
GR_Wolfsnake.label,wolfsnake,label,ThingDef/Races_Animal_Reptilehybrids.xml,def
GR_Wolfsnake.description,"A great doggo that sheds snakeskin instead of fur, so don’t be too alarmed when scratching at an itchy spot makes skin flake off. It’ll shed itself, even when out hunting prey, so be prepared to occasionally go on a long trek to pick up the valuable skin.\n\nA reptile hybrid with recessive canine genes. Fast, intelligent and with a nasty venomous bite, these hybrids make for an excellent hunting hound. They lack any notion of fear so they may end up going after much larger, more dangerous prey and achieving a pyrrhic victory.\n\n<color=#E5E54C>Gameplay effect:</color> All reptile hybrids have good temperature tolerance ranges and venomous attacks.",description,ThingDef/Races_Animal_Reptilehybrids.xml,def
GR_Wolfsnake.tools.0.label,left claw,label,ThingDef/Races_Animal_Reptilehybrids.xml,def
GR_Wolfsnake.tools.1.label,right claw,label,ThingDef/Races_Animal_Reptilehybrids.xml,def
GR_Wolfsnake.tools.3.label,head,label,ThingDef/Races_Animal_Reptilehybrids.xml,def
GR_Wolfsnake.label,wolfsnake,label,PawnKindDef/Races_Animal_Reptilehybrids.xml,def
GR_Wolfsnake.lifeStages.0.label,wolfsnake puppy,label,PawnKindDef/Races_Animal_Reptilehybrids.xml,def
GR_Wolfsnake.lifeStages.0.labelPlural,wolfsnake puppies,labelPlural,PawnKindDef/Races_Animal_Reptilehybrids.xml,def
GR_Snakecat.label,snakecat,label,ThingDef/Races_Animal_Reptilehybrids.xml,def
GR_Snakecat.description,"Possibly one of the weirdest and cutest snakes to be ever created. They have several tiny legs which are used to push its body along, while also having an invitingly soft fur. Quite a lot of people never stop freaking out from something sliding up the backs of their legs only to get softly headbutted by a purring python.\n\nA reptile hybrid with recessive feline genes. An unusually furry snake that enjoys nuzzling while also hunting for prey much weaker than itself. Incredibly intelligent and easy to train, they combine quick reflexes and an incredibly nasty bite and spitting attack.\n\n<color=#E5E54C>Gameplay effect:</color> All reptile hybrids have good temperature tolerance ranges and venomous attacks.",description,ThingDef/Races_Animal_Reptilehybrids.xml,def
GR_Snakecat.tools.1.label,head,label,ThingDef/Races_Animal_Reptilehybrids.xml,def
GR_Snakecat.label,snakecat,label,PawnKindDef/Races_Animal_Reptilehybrids.xml,def
GR_Lizardman.label,lizardman,label,ThingDef/Races_Animal_Reptilehybrids.xml,def
GR_Lizardman.description,"It is doubtful that one would meet a crueller or more sadistic creature than this hybrid. It actively experiences joy when slaughtering tame animals and executing prisoners, the latter of which even provides a powerful boost which can be used before battle. Maybe it has something to do with taking pleasure in killing those that made it this way, but that’s a story for another time.\n\nA reptile hybrid with recessive humanoid genes. A very intelligent but combat-limited animal that performs surprisingly poorly against similar sized creatures. They will only passively engage creatures much smaller than itself and takes some twisted, psychotic pleasure in killing those who are completely helpless.\n\n<color=#E5E54C>Gameplay effect:</color> Humanoid hybrids will periodically engage other colonists in conversation, talking about a variety of topics. This increases the social recreation needs of those they interact with by 10% (subject to diminishing returns like all joy types). If using Ideology, humanoid hybrids are subject to precepts. All reptile hybrids have good temperature tolerance ranges and venomous attacks. Lizardmen will obey order to slaughter other colony animals, as well as execute prisoners of the colony.",description,ThingDef/Races_Animal_Reptilehybrids.xml,def
GR_Lizardman.tools.1.label,head,label,ThingDef/Races_Animal_Reptilehybrids.xml,def
GR_Lizardman.label,lizardman,label,PawnKindDef/Races_Animal_Reptilehybrids.xml,def
GR_Lizardman.labelFemale,lizardwoman,labelFemale,PawnKindDef/Races_Animal_Reptilehybrids.xml,def
GR_Molebear.label,molebear,label,ThingDef/Races_Animal_Rodenthybrids.xml,def
GR_Molebear.description,"Far too independent to be a combat animal but certainly can both dish out and take pain. Works best in the background, minding its own business and digging up metals it finds. No one is really sure why but it probably has to do with those massive whiskers.\n\nA rodent hybrid with recessive ursine genes. An independent predator with a very low metabolism and high toughness. Has an unusual behaviour where it’ll periodically dig for treasures, typically raw metals.\n\n<color=#E5E54C>Gameplay effect:</color> All rodent hybrids have fast gestation, as long as a fertility unblocker was used when creating them in the genomorpher.",description,ThingDef/Races_Animal_Rodenthybrids.xml,def
GR_Molebear.tools.0.label,left claw,label,ThingDef/Races_Animal_Rodenthybrids.xml,def
GR_Molebear.tools.1.label,right claw,label,ThingDef/Races_Animal_Rodenthybrids.xml,def
GR_Molebear.tools.3.label,head,label,ThingDef/Races_Animal_Rodenthybrids.xml,def
GR_Molebear.label,molebear,label,PawnKindDef/Races_Animal_Rodenthybrids.xml,def
GR_Squirralope.label,squirralope,label,ThingDef/Races_Animal_Rodenthybrids.xml,def
GR_Squirralope.description,"It’s small, it’s cute, it’s a ticking time bomb waiting for some idiot to think it looks delicious. It’s not going to be a big explosion, but that doesn’t matter much when it’s in your mouth.\n\nA rodent hybrid with recessive boomalope genes. Small, weak but fast, this hybrid suits those looking for a fuel production method in a small package. Produces chemfuel much more efficiently compared to a boomalope but it needs to be milked every day.\n\n<color=#E5E54C>Gameplay effect:</color> All rodent hybrids have fast gestation, as long as a fertility unblocker was used when creating them in the genomorpher.",description,ThingDef/Races_Animal_Rodenthybrids.xml,def
GR_Squirralope.tools.0.label,left claw,label,ThingDef/Races_Animal_Rodenthybrids.xml,def
GR_Squirralope.tools.1.label,right claw,label,ThingDef/Races_Animal_Rodenthybrids.xml,def
GR_Squirralope.tools.3.label,head,label,ThingDef/Races_Animal_Rodenthybrids.xml,def
GR_Squirralope.label,squirralope,label,PawnKindDef/Races_Animal_Rodenthybrids.xml,def
GR_Rabbitchicken.label,rabbitchicken,label,ThingDef/Races_Animal_Rodenthybrids.xml,def
GR_Rabbitchicken.description,"Legends say of an ancient and vicious monster, a creature so foul, so cruel that no man yet has fought with it and lived. This was a somewhat successful attempt, as its weakness lulls the enemy into a false sense of security so that it can rip their throat out. So do you feel lucky, punk?\n\nA rodent hybrid with recessive avian genes. A tiny, weak, fast-moving pest with an insane appetite for its size. Incredibly fast gestation period and a 1% chance to instantly kill when attacking.\n\n<color=#E5E54C>Gameplay effect:</color> All rodent hybrids have fast gestation, as long as a fertility unblocker was used when creating them in the genomorpher.",description,ThingDef/Races_Animal_Rodenthybrids.xml,def
GR_Rabbitchicken.tools.1.label,head,label,ThingDef/Races_Animal_Rodenthybrids.xml,def
GR_Rabbitchicken.label,rabbitchicken,label,PawnKindDef/Races_Animal_Rodenthybrids.xml,def
GR_Ratffalo.label,ratffalo,label,ThingDef/Races_Animal_Rodenthybrids.xml,def
GR_Ratffalo.description,"An interesting pack animal that packs an incredible punch that also pisses and shits everywhere. That ain’t even the worst part, because these rodents of unusual size are also plague carriers with complete immunity to toxicity. Sometimes scientists just can’t leave well enough alone.\n\nA rodent hybrid with recessive muffalo genes. Quite clever, almost absurdly lethal and quick on its feet. While they are herbivores, they will still happily munch on corpses thanks to their large appetite. Not as short a gestation period compared to other primary rodent hybrids, but every bite transmits the plague.\n\n<color=#E5E54C>Gameplay effect:</color> All rodent hybrids have fast gestation, as long as a fertility unblocker was used when creating them in the genomorpher.",description,ThingDef/Races_Animal_Rodenthybrids.xml,def
GR_Ratffalo.tools.1.label,head,label,ThingDef/Races_Animal_Rodenthybrids.xml,def
GR_Ratffalo.label,ratffalo,label,PawnKindDef/Races_Animal_Rodenthybrids.xml,def
GR_Beaverwolf.label,beaverwolf,label,ThingDef/Races_Animal_Rodenthybrids.xml,def
GR_Beaverwolf.description,"An incredibly quick - mentally and physically - hunter with an overactive castoreum gland, effectively allowing them to actively convert meat and trees into vegetables. Technically vegans should be fine with it since, much like bees, it needs to be harvested and the beaverwolf will absolutely let you know if it doesn’t like you touching it.\n\nA rodent hybrid with recessive canine genes. A very quick but cautious predator, this hybrid is both intelligent and frequently looking for its next meal. Able to freely roam and doesn’t require a pen, they are both carnivorous and dendrovorous while also offering daily harvests of castoreum which functions as a vegetable in dishes.\n\n<color=#E5E54C>Gameplay effect:</color> All rodent hybrids have fast gestation, as long as a fertility unblocker was used when creating them in the genomorpher.",description,ThingDef/Races_Animal_Rodenthybrids.xml,def
GR_Beaverwolf.tools.0.label,left claw,label,ThingDef/Races_Animal_Rodenthybrids.xml,def
GR_Beaverwolf.tools.1.label,right claw,label,ThingDef/Races_Animal_Rodenthybrids.xml,def
GR_Beaverwolf.tools.3.label,head,label,ThingDef/Races_Animal_Rodenthybrids.xml,def
GR_Beaverwolf.label,beaverwolf,label,PawnKindDef/Races_Animal_Rodenthybrids.xml,def
GR_Beaverwolf.lifeStages.0.label,beaverwolf puppy,label,PawnKindDef/Races_Animal_Rodenthybrids.xml,def
GR_Beaverwolf.lifeStages.0.labelPlural,beaverwolf puppies,labelPlural,PawnKindDef/Races_Animal_Rodenthybrids.xml,def
GR_Rabbitcat.label,rabbitcat,label,ThingDef/Races_Animal_Rodenthybrids.xml,def
GR_Rabbitcat.description,"For a combination of two relatively small animals, the rabbitcat is fucking massive and has a robust physique. It knows no fear and will tackle anything it wants to eat. Some say this was the other attempt to create the Rabbit of Caerbannog, because who says geneticists don’t have a sick sense of humour.\n\nA rodent hybrid with recessive feline genes. Very intelligent considering the source material, these hybrids are fast, lethal and possess a robust physique with rapid natural regenerative capabilities. Quite stubborn so they require frequent, competent training but they aren’t afraid to show their appreciation.\n\n<color=#E5E54C>Gameplay effect:</color> Like all cat hybrids, they have an improved melee dodge ability and a short nuzzle period. All rodent hybrids have fast gestation, as long as a fertility unblocker was used when creating them in the genomorpher.",description,ThingDef/Races_Animal_Rodenthybrids.xml,def
GR_Rabbitcat.tools.0.label,left claw,label,ThingDef/Races_Animal_Rodenthybrids.xml,def
GR_Rabbitcat.tools.1.label,right claw,label,ThingDef/Races_Animal_Rodenthybrids.xml,def
GR_Rabbitcat.label,rabbitcat,label,PawnKindDef/Races_Animal_Rodenthybrids.xml,def
GR_Rabbitcat.lifeStages.0.label,rabbitcat kitten,label,PawnKindDef/Races_Animal_Rodenthybrids.xml,def
GR_Rabbitcat.lifeStages.0.labelPlural,rabbitcat kittens,labelPlural,PawnKindDef/Races_Animal_Rodenthybrids.xml,def
GR_Moleman.label,moleman,label,ThingDef/Races_Animal_Rodenthybrids.xml,def
GR_Moleman.description,"A hulking monstrosity that is genuinely caring for those around them, taking great joy and actual personal pleasure through working diligently and caring for those it considers friends and family. Evidently, it was bred specifically by megacorporations to work in dangerous mines, because human greed never changes.\n\nA rodent hybrid with recessive humanoid genes. Very low hunger rate and very intelligent, these gentle giants enjoy digging with their hands. They will sometimes work mining orders given the chance but they’re very slow due to their bulk.\n\n<color=#E5E54C>Gameplay effect:</color> Humanoid hybrids will periodically engage other colonists in conversation, talking about a variety of topics. This increases the social recreation needs of those they interact with by 10% (subject to diminishing returns like all joy types). If using Ideology, humanoid hybrids are subject to precepts. Molemen will periodically obey commands to mine. This will also work with the Quarry mod.",description,ThingDef/Races_Animal_Rodenthybrids.xml,def
GR_Moleman.tools.0.label,left claw,label,ThingDef/Races_Animal_Rodenthybrids.xml,def
GR_Moleman.tools.1.label,right claw,label,ThingDef/Races_Animal_Rodenthybrids.xml,def
GR_Moleman.tools.3.label,head,label,ThingDef/Races_Animal_Rodenthybrids.xml,def
GR_Moleman.label,moleman,label,PawnKindDef/Races_Animal_Rodenthybrids.xml,def
GR_Moleman.labelFemale,molewoman,labelFemale,PawnKindDef/Races_Animal_Rodenthybrids.xml,def
GR_Moleman.lifeStages.0.label,molebaby,label,PawnKindDef/Races_Animal_Rodenthybrids.xml,def
GR_Moleman.lifeStages.0.labelPlural,molebabies,labelPlural,PawnKindDef/Races_Animal_Rodenthybrids.xml,def
GR_Bearalope.label,bearalope,label,ThingDef/Races_Animal_UrsineHybrids.xml,def
GR_Bearalope.description,"An unusual concoction of traits that was favoured by a particular client who was obsessed on making things explode. Earned the nickname Boom-Boom as they would often make requests along the lines of “two more booms, wasn’t paying attention”.\n\nAn ursine hybrid with recessive boomalope genes. Lacking intelligence compared to a bear while also missing out on some strength and confidence in hunting. However, they can be commanded to detonate a limited amount of fuel sacks for increased combat versatility in exchange for hurting themselves intentionally.\n\n<color=#E5E54C>Gameplay effect:</color> All primary bear hybrids have stun attacks. The ""Detonate chemfuel"" ability can be used to cause a powerful ""Bomb"" damage type explosion surrounding the hybrid. Bear in mind (pun intended) that this will damage the hybrid too!",description,ThingDef/Races_Animal_UrsineHybrids.xml,def
GR_Bearalope.tools.0.label,left claw,label,ThingDef/Races_Animal_UrsineHybrids.xml,def
GR_Bearalope.tools.1.label,right claw,label,ThingDef/Races_Animal_UrsineHybrids.xml,def
GR_Bearalope.tools.3.label,head,label,ThingDef/Races_Animal_UrsineHybrids.xml,def
GR_Bearalope.label,bearalope,label,PawnKindDef/Races_Animal_UrsineHybrids.xml,def
GR_Bearchicken.label,bearchicken,label,ThingDef/Races_Animal_UrsineHybrids.xml,def
GR_Bearchicken.description,"A surprisingly clean animal dubbed the “owl-bear” by those that find them amusing as they attempt to fly by rapidly flapping their stubby vestigial wings. That is until they get their eyes pecked out and flattened by their weight.\n\nAn ursine hybrid with recessive avian genes. Slightly dumber but easier to train, they lay eggs every couple of days and have the strength to protect their clutch. Slower than a bear but their ability to hover over terrain means they perform better in harsh terrain.\n\n<color=#E5E54C>Gameplay effect:</color> All primary bear hybrids have stun attacks. Although too heavy to fly, it can use its wings to nullify terrain movement costs.",description,ThingDef/Races_Animal_UrsineHybrids.xml,def
GR_Bearchicken.tools.0.label,left claw,label,ThingDef/Races_Animal_UrsineHybrids.xml,def
GR_Bearchicken.tools.1.label,right claw,label,ThingDef/Races_Animal_UrsineHybrids.xml,def
GR_Bearchicken.tools.3.label,head,label,ThingDef/Races_Animal_UrsineHybrids.xml,def
GR_Bearchicken.label,bearchicken,label,PawnKindDef/Races_Animal_UrsineHybrids.xml,def
GR_Bearchicken.labelFemale,bearchicken hen,labelFemale,PawnKindDef/Races_Animal_UrsineHybrids.xml,def
GR_Bearffalo.label,bearffalo,label,ThingDef/Races_Animal_UrsineHybrids.xml,def
GR_Bearffalo.description,"A wonderful animal for those cold winter journeys, very popular as travellers snuggle into their fur at night to keep warm. Fights have even broken out over who gets to sleep with the oversized rug.\n\nAn ursine hybrid with recessive muffalo genes. Very filthy but a decently intelligent pack animal that produces good-quality wool and milk. Performs very well in cold environments and is more than capable of defending itself.\n\n<color=#E5E54C>Gameplay effect:</color> All primary bear hybrids have stun attacks.",description,ThingDef/Races_Animal_UrsineHybrids.xml,def
GR_Bearffalo.tools.0.label,left claw,label,ThingDef/Races_Animal_UrsineHybrids.xml,def
GR_Bearffalo.tools.1.label,right claw,label,ThingDef/Races_Animal_UrsineHybrids.xml,def
GR_Bearffalo.tools.3.label,head,label,ThingDef/Races_Animal_UrsineHybrids.xml,def
GR_Bearffalo.label,bearffalo,label,PawnKindDef/Races_Animal_UrsineHybrids.xml,def
GR_Bearwolf.label,bearwolf,label,ThingDef/Races_Animal_UrsineHybrids.xml,def
GR_Bearwolf.description,"Great care must be taken before considering raising this chonky boy, as they have a metabolism that matches their high ferocity and movement speed. Pretty useful in keeping egg-laying animal populations in check.\n\nAn ursine hybrid with recessive canine genes. A very fierce and intelligent combat hybrid with an incredible appetite. As they are almost constantly hungry, they will dig for berries when they’re hungry provided it’s growing season.\n\n<color=#E5E54C>Gameplay effect:</color> All primary bear hybrids have stun attacks.",description,ThingDef/Races_Animal_UrsineHybrids.xml,def
GR_Bearwolf.tools.0.label,left claw,label,ThingDef/Races_Animal_UrsineHybrids.xml,def
GR_Bearwolf.tools.1.label,right claw,label,ThingDef/Races_Animal_UrsineHybrids.xml,def
GR_Bearwolf.tools.3.label,head,label,ThingDef/Races_Animal_UrsineHybrids.xml,def
GR_Bearwolf.label,bearwolf,label,PawnKindDef/Races_Animal_UrsineHybrids.xml,def
GR_Bearmole.label,bearmole,label,ThingDef/Races_Animal_UrsineHybrids.xml,def
GR_Bearmole.description,"Not many people get to see a naked bear, and fewer still want a repeat viewing. This oversized mole-rat inspires plenty of fear with its massive teeth, but gets a lot of love and affection from those wanting a large, hairless pet that gnaws on the furniture.\n\nAn ursine hybrid with recessive rodent genes. Very slow both mentally and physically along with dietary restrictions, but very fierce in combat and immune to pain. Also they have the added benefit of having a short reproductive cycle, low metabolism and being completely fearless in hunting prey.\n\n<color=#E5E54C>Gameplay effect:</color> All primary bear hybrids have stun attacks. No pain sensitivity. This hybrid won't be knocked down in combat due to pain.",description,ThingDef/Races_Animal_UrsineHybrids.xml,def
GR_Bearmole.tools.0.label,left claw,label,ThingDef/Races_Animal_UrsineHybrids.xml,def
GR_Bearmole.tools.1.label,right claw,label,ThingDef/Races_Animal_UrsineHybrids.xml,def
GR_Bearmole.tools.3.label,head,label,ThingDef/Races_Animal_UrsineHybrids.xml,def
GR_Bearmole.label,bearmole,label,PawnKindDef/Races_Animal_UrsineHybrids.xml,def
GR_Bearcat.label,bearcat,label,ThingDef/Races_Animal_UrsineHybrids.xml,def
GR_Bearcat.description,"Massive, fluffy murder babies is just one of the many “cute” nicknames made for this animal, their only downside being that they’re unable to purr. Because they’re so large, they often end up knocking over the people they’re trying to show affection to before laying on top of them for warmth.\n\nAn ursine hybrid with recessive feline genes. Retaining their intelligence and being faster and more fierce in combat, they are adorable killing machines that love to nuzzle. They prefer easier prey and can be slaughtered for a valuable pelt, you monster.\n\n<color=#E5E54C>Gameplay effect:</color> All primary bear hybrids have stun attacks. Like all cat hybrids, they have an improved melee dodge ability and a short nuzzle period. The pelt can be sold or used in the art workbench to create rugs.",description,ThingDef/Races_Animal_UrsineHybrids.xml,def
GR_Bearcat.tools.0.label,left claw,label,ThingDef/Races_Animal_UrsineHybrids.xml,def
GR_Bearcat.tools.1.label,right claw,label,ThingDef/Races_Animal_UrsineHybrids.xml,def
GR_Bearcat.tools.3.label,head,label,ThingDef/Races_Animal_UrsineHybrids.xml,def
GR_Bearcat.label,bearcat,label,PawnKindDef/Races_Animal_UrsineHybrids.xml,def
GR_Bearman.label,bearman,label,ThingDef/Races_Animal_UrsineHybrids.xml,def
GR_Bearman.description,"A terrifying combination of the raw power of a bear and the intellect of a human, resulting in a creature that loves to abuse its prey. Not quite as strong due to the strange hand-paw shapes, but very energetic and eager to get their victims to catch these hands.\n\nAn ursine hybrid with recessive humanoid genes. Very high intellect but comparatively fragile compared to similar hybrids. Their bodies contain oversized and overstimulated adrenal glands that are found just under the surface of the skin, which can be regularly extracted for a substance analogous to Go-Juice.\n\n<color=#E5E54C>Gameplay effect:</color> Humanoid hybrids will periodically engage other colonists in conversation, talking about a variety of topics. This increases the social recreation needs of those they interact with by 10% (subject to diminishing returns like all joy types). If using Ideology, humanoid hybrids are subject to precepts.",description,ThingDef/Races_Animal_UrsineHybrids.xml,def
GR_Bearman.tools.0.label,left claw,label,ThingDef/Races_Animal_UrsineHybrids.xml,def
GR_Bearman.tools.1.label,right claw,label,ThingDef/Races_Animal_UrsineHybrids.xml,def
GR_Bearman.tools.3.label,head,label,ThingDef/Races_Animal_UrsineHybrids.xml,def
GR_Bearman.label,bearman,label,PawnKindDef/Races_Animal_UrsineHybrids.xml,def
GR_Bearman.labelFemale,bearwoman,labelFemale,PawnKindDef/Races_Animal_UrsineHybrids.xml,def
GR_Bearman.lifeStages.0.label,bearbaby,label,PawnKindDef/Races_Animal_UrsineHybrids.xml,def
GR_Bearman.lifeStages.0.labelPlural,bearbabies,labelPlural,PawnKindDef/Races_Animal_UrsineHybrids.xml,def
GR_WearingThrumboHorn.stages.0.label,wearing thrumbo horn,label,ThoughtDef/Thoughts_Implants.xml,def
GR_WearingThrumboHorn.stages.0.description,I'm so horny.,description,ThoughtDef/Thoughts_Implants.xml,def
GR_WearingBunnyEars.stages.0.label,wearing bunny ears,label,ThoughtDef/Thoughts_Implants.xml,def
GR_WearingBunnyEars.stages.0.description,Kawaii!!!,description,ThoughtDef/Thoughts_Implants.xml,def
GR_HeWearsAntennae.stages.0.label,wearing insectoid antennae,label,ThoughtDef/Thoughts_Implants.xml,def
GR_HeWearsAntennae.stages.0.description,So much information! Make it stop!,description,ThoughtDef/Thoughts_Implants.xml,def
GR_DamnMammaries.stages.0.label,feeling like a fat cow,label,ThoughtDef/Thoughts_Implants.xml,def
GR_DamnMammaries.stages.0.description,I'm being milked like an animal! This is really deeply humilliating!,description,ThoughtDef/Thoughts_Implants.xml,def
GR_AteRatMilk.stages.0.label,what was that milk?,label,ThoughtDef/Thoughts_Memory_Eating.xml,def
GR_AteRatMilk.stages.0.description,"Did I just drink rat milk? It can't be, can it?",description,ThoughtDef/Thoughts_Memory_Eating.xml,def
GR_BunnyAround.stages.0.label,cute catrabbit,label,ThoughtDef/Thoughts_Memory_Misc.xml,def
GR_BunnyAround.stages.0.description,*faint sobs* that's the cutest thing I've ever seen,description,ThoughtDef/Thoughts_Memory_Misc.xml,def
GR_InsultedByHumanoidMood.stages.0.label,insulted by humanoid hybrid,label,ThoughtDef/Thoughts_Memory_Misc.xml,def
GR_InsultedByHumanoidMood.stages.0.description,I've been directly insulted by a genetic abomination! What an awful creature!,description,ThoughtDef/Thoughts_Memory_Misc.xml,def
GR_EngagedByHumanoidMood.stages.0.label,kind conversation with humanoid hybrid,label,ThoughtDef/Thoughts_Memory_Misc.xml,def
GR_EngagedByHumanoidMood.stages.0.description,That was such an interesting conversation! What a nice creature!,description,ThoughtDef/Thoughts_Memory_Misc.xml,def
GR_Uwuchat.stages.0.label,uwu pounced,label,ThoughtDef/Thoughts_Memory_Misc.xml,def
GR_Uwuchat.stages.0.description,That was weird. Am I a degenerate?,description,ThoughtDef/Thoughts_Memory_Misc.xml,def
GR_DisgustingUwuchat.stages.0.label,intense cringe,label,ThoughtDef/Thoughts_Memory_Misc.xml,def
GR_DisgustingUwuchat.stages.0.description,I feel so dirty... what a disgusting experience,description,ThoughtDef/Thoughts_Memory_Misc.xml,def
GR_GoForTheHead.label,vicious slash,label,ToolCapacityDef/ToolCapacity.xml,def
GR_RabidSlash.label,rabid slash,label,ToolCapacityDef/ToolCapacity.xml,def
GR_GoForTheEyes.label,peck at the eyes,label,ToolCapacityDef/ToolCapacity.xml,def
GR_BloodFrenzy.label,blood frenzy,label,ToolCapacityDef/ToolCapacity.xml,def
GR_DoubleSlash.label,double slash,label,ToolCapacityDef/ToolCapacity.xml,def
GR_DevastatingBite.label,devastating bite,label,ToolCapacityDef/ToolCapacity.xml,def
GR_VeryToxicBite.label,virulent toxic bite,label,ToolCapacityDef/ToolCapacity.xml,def
GR_LightToxicBite.label,light toxic bite,label,ToolCapacityDef/ToolCapacity.xml,def
GR_ToxicExplosion.label,toxic explosion,label,ToolCapacityDef/ToolCapacity.xml,def
GR_PlagueBite.label,plagued bite,label,ToolCapacityDef/ToolCapacity.xml,def
GR_HairballBite.label,suffocating bite,label,ToolCapacityDef/ToolCapacity.xml,def
GR_Outlander_CaravanTrader.label,genetics supplier,label,TraderKindDef/TraderKinds_Base_Madscientists.xml,def
GR_OrbitalTrader.label,genetics supplier,label,TraderKindDef/TraderKinds_Base_Madscientists.xml,def
GR_DoBillsGenetics.label,works at genetics table,label,WorkGiverDef/WorkGivers.xml,def
GR_DoBillsGenetics.verb,extract genetic materials,verb,WorkGiverDef/WorkGivers.xml,def
GR_DoBillsGenetics.gerund,extracting genetic material at,gerund,WorkGiverDef/WorkGivers.xml,def
GR_DoBillsTissueGrinder.label,works at tissue grinder,label,WorkGiverDef/WorkGivers.xml,def
GR_DoBillsTissueGrinder.verb,grinding tissues,verb,WorkGiverDef/WorkGivers.xml,def
GR_DoBillsTissueGrinder.gerund,grinding tissues at,gerund,WorkGiverDef/WorkGivers.xml,def
GR_DoBillsGeneticsTinkeringTable.label,works at genetics tinkering table,label,WorkGiverDef/WorkGivers.xml,def
GR_DoBillsGeneticsTinkeringTable.verb,tinkering,verb,WorkGiverDef/WorkGivers.xml,def
GR_DoBillsGeneticsTinkeringTable.gerund,tinkering at,gerund,WorkGiverDef/WorkGivers.xml,def
GR_DoBillsGeneRecombinator.label,works at gene recombinator,label,WorkGiverDef/WorkGivers.xml,def
GR_DoBillsGeneRecombinator.verb,recombining genes,verb,WorkGiverDef/WorkGivers.xml,def
GR_DoBillsGeneRecombinator.gerund,recombining genes at,gerund,WorkGiverDef/WorkGivers.xml,def
GR_DoBillsVat.label,works at tissue growing vat,label,WorkGiverDef/WorkGivers.xml,def
GR_DoBillsVat.verb,growing tissues,verb,WorkGiverDef/WorkGivers.xml,def
GR_DoBillsVat.gerund,growing tissues at,gerund,WorkGiverDef/WorkGivers.xml,def
GR_InsertIngredients.label,bringing ingredients,label,WorkGiverDef/WorkGivers.xml,def
GR_InsertIngredients.verb,bring ingredients to,verb,WorkGiverDef/WorkGivers.xml,def
GR_InsertIngredients.gerund,bringing ingredients to,gerund,WorkGiverDef/WorkGivers.xml,def
GR_ArchotechDNAExtraction.label,bringing animals to extraction,label,WorkGiverDef/WorkGivers.xml,def
GR_ArchotechDNAExtraction.verb,bring animal to,verb,WorkGiverDef/WorkGivers.xml,def
GR_ArchotechDNAExtraction.gerund,bringing animal to,gerund,WorkGiverDef/WorkGivers.xml,def
GR_ParagonConversion.label,bringing paragon to convert,label,WorkGiverDef/WorkGivers.xml,def
GR_ParagonConversion.verb,bring paragon to,verb,WorkGiverDef/WorkGivers.xml,def
GR_ParagonConversion.gerund,bringing paragon to,gerund,WorkGiverDef/WorkGivers.xml,def
GR_Genetics.labelShort,genetics,labelShort,WorkTypeDef/WorkTypes.xml,def
GR_Genetics.pawnLabel,Genetic researcher,pawnLabel,WorkTypeDef/WorkTypes.xml,def
GR_Genetics.gerundLabel,researching genetics,gerundLabel,WorkTypeDef/WorkTypes.xml,def
GR_Genetics.description,Perform genetics research work.,description,WorkTypeDef/WorkTypes.xml,def
GR_Genetics.verb,Research genetics at,verb,WorkTypeDef/WorkTypes.xml,def
GR_BiomechanicalLab.label,biomechanical lab complex,label,SitePartDef/BiomechanicalLabs.xml,def
GR_BiomechanicalLab.description,A recently-discovered biomechanical lab complex.,description,SitePartDef/BiomechanicalLabs.xml,def
GR_AbandonedLab.label,abandoned lab,label,SitePartDef/Labs.xml,def
GR_AbandonedLab.description,A recently-discovered abandoned lab.,description,SitePartDef/Labs.xml,def
