key,text,tag,file,type
StructureMemeTip,An ideoligion's structure determines the kind of entities and forces it sees as important to the moral structure of the universe. It has minor gameplay effects.,StructureMemeTip,MainTabs.xml,keyed
ChooseStructureMemesInfo,"Choose the symbolic structure of your ideoligion. This mostly affects symbols, styles and descriptions - it has minimal effects on gameplay.",ChooseStructureMemesInfo,MainTabs.xml,keyed
VME_Automation,Automation efficiency: increased precept,VME_Automation,Misc.xml,keyed
VME_AutomationDecreased,Automation efficiency: decreased precept,VME_AutomationDecreased,Misc.xml,keyed
VME_AutomationManual,Crafting speed: slower for manual precept,VME_AutomationManual,Misc.xml,keyed
VME_AutomationManualFaster,Crafting speed: faster for manual precept,VME_AutomationManualFaster,Misc.xml,keyed
VME_MeditationSpotExtra,Meditation: exquisite precept,VME_MeditationSpotExtra,Misc.xml,keyed
VME_ExtraJoyGain,Recreation: loved precept,VME_ExtraJoyGain,Misc.xml,keyed
VME_ExtraPatissierCooking,Pâtissier role,VME_ExtraPatissierCooking,Misc.xml,keyed
VME_ExtraCertaintyLoss,Eldritch Corruption too low,VME_ExtraCertaintyLoss,Misc.xml,keyed
VME_NullCertaintyLoss,Eldritch Corruption,VME_NullCertaintyLoss,Misc.xml,keyed
VME_PawnMustBeSuicidal,{0} is not harbouring suicidal thoughts!,VME_PawnMustBeSuicidal,Misc.xml,keyed
VME_PawnMustBeBestMelee,{0} must be the best melee fighter in the colony!,VME_PawnMustBeBestMelee,Misc.xml,keyed
VME_RitualTargetDivineTheStarsInfo,An unroofed ritual spot at night. Spot must be unroofed with at least 25 unroofed cells in the area.,VME_RitualTargetDivineTheStarsInfo,Misc.xml,keyed
VME_WickerManInfo,A built wicker man.,VME_WickerManInfo,Misc.xml,keyed
VME_CantStartWickerManRitual,You need a prisoner to start the wicker man ritual.,VME_CantStartWickerManRitual,Misc.xml,keyed
VME_MessageRitualRoleMustBeSlave,Participant must be a slave.,VME_MessageRitualRoleMustBeSlave,Misc.xml,keyed
VME_NeedsAdults,Organizer and participants must be consenting adults.,VME_NeedsAdults,Misc.xml,keyed
VME_AbilityDisabledNoWickerMan,No reachable wicker man.,VME_AbilityDisabledNoWickerMan,Misc.xml,keyed
VME_AbilityNeedsATurret,This ability needs to target a turret or mechanoid.,VME_AbilityNeedsATurret,Misc.xml,keyed
VME_AbilityNeedsInsect,This ability needs to target a wild or hostile insectoid.,VME_AbilityNeedsInsect,Misc.xml,keyed
VME_AbilityNeedsRoof,This ability needs to target an empty spot under mountain roof.,VME_AbilityNeedsRoof,Misc.xml,keyed
VME_AbilityNeedsSpotEmpty,This ability needs to target an empty spot.,VME_AbilityNeedsSpotEmpty,Misc.xml,keyed
VME_AbilityNeedsMeal,This ability needs to target food categorized as a meal.,VME_AbilityNeedsMeal,Misc.xml,keyed
VME_AbilityCaravanWillArrive,A trader caravan has been attracted to your settlement and will arrive in approximately a day.,VME_AbilityCaravanWillArrive,Misc.xml,keyed
VME_AbilityAlreadyADessert,Meal is already a dessert. This ability needs to target a meal that isn't a dessert.,VME_AbilityAlreadyADessert,Misc.xml,keyed
VME_AbilityNeedsAColonist,This ability needs to target a free colonist.,VME_AbilityNeedsAColonist,Misc.xml,keyed
VME_AbilityNeedsCorpse,This ability needs to target a fresh humanoid corpse.,VME_AbilityNeedsCorpse,Misc.xml,keyed
VME_AbilityNeedsOrganPostMortemPrecept,{0}'s ideo lacks the Organ use: post mortem precept. Ability can't be used without it,VME_AbilityNeedsOrganPostMortemPrecept,Misc.xml,keyed
VME_DeconstructBuildingLabel,Uninstall building,VME_DeconstructBuildingLabel,Misc.xml,keyed
VME_DeconstructBuildingDesc,"Uninstall junk building to be able to move and reintall it. These can be caravaned out of a map, making ""junk expeditions"" possible",VME_DeconstructBuildingDesc,Misc.xml,keyed
VME_CancelDeconstructBuildingLabel,Cancel uninstall building,VME_CancelDeconstructBuildingLabel,Misc.xml,keyed
VME_CancelDeconstructBuildingDesc,Cancel uninstall building,VME_CancelDeconstructBuildingDesc,Misc.xml,keyed
VME_BreakCorruption,Last straw: cosmic horror,VME_BreakCorruption,Misc.xml,keyed
VME_NeedsWater,Must be built on passable water.,VME_NeedsWater,Misc.xml,keyed
VME_NeedsDistance,Fish traps must be built at least 10 tiles apart from each other.,VME_NeedsDistance,Misc.xml,keyed
VME_SmallFishTrapDescriptionInspect,This fish trap can catch small fish:,VME_SmallFishTrapDescriptionInspect,Misc.xml,keyed
VME_SmallFishCaughtIn,Next small fish caught in,VME_SmallFishCaughtIn,Misc.xml,keyed
VME_MediumFishTrapDescriptionInspect,This fish trap can catch medium fish:,VME_MediumFishTrapDescriptionInspect,Misc.xml,keyed
VME_MediumFishCaughtIn,Next medium fish caught in,VME_MediumFishCaughtIn,Misc.xml,keyed
VME_LargeFishTrapDescriptionInspect,This fish trap can catch large fish:,VME_LargeFishTrapDescriptionInspect,Misc.xml,keyed
VME_LargeFishCaughtIn,Next large fish caught in,VME_LargeFishCaughtIn,Misc.xml,keyed
VME_UsesLeftUntilItBreaks,Catches until breaking: {0},VME_UsesLeftUntilItBreaks,Misc.xml,keyed
VME_PawnMustBeAnAdult,Only adults can participate in this ritual,VME_PawnMustBeAnAdult,Misc.xml,keyed
VME_Maintenance,Insect nest maintenance: {0}%,VME_Maintenance,Misc.xml,keyed
VME_MaintenanceNeeded,Maintenance needed. If it reaches 0% the nest will be destroyed.,VME_MaintenanceNeeded,Misc.xml,keyed
VME_NotTheQueen,This gigantic insectoid is immune to this ability,VME_NotTheQueen,Misc.xml,keyed
VME_NoValidPartySpot,Could not find any valid party spot or organizer was unavailable.,VME_NoValidPartySpot,Misc.xml,keyed
VME_CantStartRitualNoConvertee,You need a reasonably healthy prisoner to start the ritual,VME_CantStartRitualNoConvertee,Misc.xml,keyed
VME_ViolentOutcome,"Unfortunately, {0} refused to see our reasonable ways and was sacrificed.",VME_ViolentOutcome,Misc.xml,keyed
VME_NonViolentOutcome,{0} saw our reasonable ways and was converted to our ideoligion.,VME_NonViolentOutcome,Misc.xml,keyed
VME_RitualNeedsNightOrDarkness,"Ritual needs to be done at night, or under any condition that lowers light below 50% globally (eclipses don't count).",VME_RitualNeedsNightOrDarkness,Misc.xml,keyed
VME_RitualNeedsClearWeather,"Ritual needs to be done at night, and with clear weather.",VME_RitualNeedsClearWeather,Misc.xml,keyed
VME_BonfireDyingIn,Bonfire at {0}% strength,VME_BonfireDyingIn,Misc.xml,keyed
VEM_HighCorruption,High corruption,VEM_HighCorruption,Misc.xml,keyed
VEM_HighCorruptionDesc,These people have a too high corruption need (more than 90%). If they reach 100% corruption they will get an extreme level mental break:\n\n{0},VEM_HighCorruptionDesc,Misc.xml,keyed
VEM_LowCorruption,Low corruption,VEM_LowCorruption,Misc.xml,keyed
VEM_LowCorruptionDesc,These people have a too low corruption need (less than 10%). If they reach 0% corruption they will be easily swayed to a different ideoligion. Build obelisks to maintain their corruption need or perform Incantation rituals to increase it by 10%:\n\n{0},VEM_LowCorruptionDesc,Misc.xml,keyed
VME_MessageJunkChunkDrop,Chunks of ancient space junk have impacted nearby. You can uninstall and move them to build your junkyard.\n\nThis event happens if you have any colonists with an ideo using the Scrapper meme.,VME_MessageJunkChunkDrop,Misc.xml,keyed
VME_MessageRitualRoleMustBeCapableOfSocial,Colonist must be capable of Talking,VME_MessageRitualRoleMustBeCapableOfSocial,Misc.xml,keyed
VME_NeedsExaltedPriesthood,Ritual needs the Exalted Priesthood meme,VME_NeedsExaltedPriesthood,Misc.xml,keyed
VME_HeirChange,Heir changed,VME_HeirChange,Misc.xml,keyed
VME_HeirChangeDesc,"Due to royal inheritance, {1} has been automatically designated as the heir of {0}",VME_HeirChangeDesc,Misc.xml,keyed
VME_CheapTradingFair,"200 silver needs to be found in stockpiles near a trading beacon for the fair to bot be considered ""cheap""",VME_CheapTradingFair,Misc.xml,keyed
VME_Reset,Reset,VME_Reset,Misc.xml,keyed
VME_Meme,max memes,VME_Meme,Misc.xml,keyed
VME_Ritual,max rituals,VME_Ritual,Misc.xml,keyed
VME_Styles,max styles,VME_Styles,Misc.xml,keyed
VME_Relics,max relics,VME_Relics,Misc.xml,keyed
VME_Buildings,max buildings,VME_Buildings,Misc.xml,keyed
VME_MemeAmount,Max number of memes allowed (default is 4),VME_MemeAmount,Misc.xml,keyed
VME_MemeAmountTooltip,Max number of memes allowed. Note that this only applies to player ideoligions.,VME_MemeAmountTooltip,Misc.xml,keyed
VME_RitualAmount,Max number non-meme specific rituals allowed (default is 6),VME_RitualAmount,Misc.xml,keyed
VME_RitualAmountTooltip,"Max number non-meme specific rituals allowed. Rituals that are forced by a meme USUALLY don't count towards this limit, though there can be exceptions.",VME_RitualAmountTooltip,Misc.xml,keyed
VME_StylesAmount,Max number of ideo visual styles allowed (default is 3),VME_StylesAmount,Misc.xml,keyed
VME_StylesAmountTooltip,"Max number of ideo visual styles allowed. Note that we set this to start in the mod as 5 by default, up from base game's 3, because we add quite a lot of them.",VME_StylesAmountTooltip,Misc.xml,keyed
VME_RelicsAmount,Max number of ideo relics allowed (default is 3),VME_RelicsAmount,Misc.xml,keyed
VME_RelicsAmountTooltip,Max number of ideo relics allowed,VME_RelicsAmountTooltip,Misc.xml,keyed
VME_BuildingsAmount,Max number of ideo buildings allowed (default is 2),VME_BuildingsAmount,Misc.xml,keyed
VME_BuildingsAmountTooltip,"Max number of ideo buildings allowed. This includes altars, pictograms and such, but not buildings added through memes.",VME_BuildingsAmountTooltip,Misc.xml,keyed
VME_AllowHighImpactMemesForFluidIdeos,Allow high impact memes for fluid ideos,VME_AllowHighImpactMemesForFluidIdeos,Misc.xml,keyed
VME_AllowHighImpactMemesForFluidIdeos_Tooltip,"By default, fluid ideos only let you choose one meme with impact 1 or 2, blocking impact 3 memes from being chosen. With this option toggle you can make it so impact 3 memes are available too.",VME_AllowHighImpactMemesForFluidIdeos_Tooltip,Misc.xml,keyed
VFEAncients.MessageNoWardenCapableOfRecruitment,No warden is capable of this recruitment.,VFEAncients.MessageNoWardenCapableOfRecruitment,Misc.xml,keyed
VFEAncients.InterrogationSuccess,Interrogation Success,VFEAncients.InterrogationSuccess,Misc.xml,keyed
VFEAncients.InterrogationSuccessDetail,"{0} has successfully interrogated {1}, who has revealed the location of {2}.",VFEAncients.InterrogationSuccessDetail,Misc.xml,keyed
VFEAncients.InterrogationFailure,Interrogation failed!,VFEAncients.InterrogationFailure,Misc.xml,keyed
VME_EnforceCompliance.label,enforce compliance,label,AbilityDef/AbilityDef.xml,def
VME_EnforceCompliance.description,Executes a colonist. Every colonist sharing the Commissar's ideoligion receives a positive mood bonus.,description,AbilityDef/AbilityDef.xml,def
VME_LeaderConversionRitual.label,conversion ritual (leader),label,AbilityDef/AbilityDef.xml,def
VME_LeaderConversionRitual.description,"Try to persuade someone to adopt your beliefs. If it goes well, they will lose some certainty in their ideoligion and may convert. If it backfires, they will gain certainty in their old beliefs.\n\nTo start this ritual at a specific place, select a ritual spot or matching altar/ideogram.",description,AbilityDef/AbilityDef.xml,def
VME_LeaderConvert.label,convert (leader),label,AbilityDef/AbilityDef.xml,def
VME_LeaderConvert.description,Attempt to convert someone to the speaker's ideoligion. This will reduce the target's certainty in their own beliefs. The certainty reduction depends on the speaker's negotiation ability.,description,AbilityDef/AbilityDef.xml,def
VME_LeaderPreachHealth.label,preach health (leader),label,AbilityDef/AbilityDef.xml,def
VME_LeaderPreachHealth.description,Preach moral strength to a sick or wounded person through the concepts of your ideology. This will improve their rate of wound healing and immunity gain.,description,AbilityDef/AbilityDef.xml,def
VME_LeaderReassure.label,reassure (leader),label,AbilityDef/AbilityDef.xml,def
VME_LeaderReassure.description,Increase someone's certainty in their own beliefs. The regained certainty is based on the speaker's negotiation ability.,description,AbilityDef/AbilityDef.xml,def
VME_LeaderCounsel.label,Counsel (leader),label,AbilityDef/AbilityDef.xml,def
VME_LeaderCounsel.description,Offer counsel to a person to cancel the effect of a sad memory. The chance of success depends on the speaker's social skills and their relationship with the listener.,description,AbilityDef/AbilityDef.xml,def
VME_StrengthenFlame.label,strengthen flame,label,AbilityDef/AbilityDef.xml,def
VME_StrengthenFlame.description,"An ability to ignite flame sources and cause an explosion. Only works on wild fires, not on man-made fire structures.",description,AbilityDef/AbilityDef.xml,def
VME_HarvestBodyParts.label,harvest body parts,label,AbilityDef/AbilityDef.xml,def
VME_HarvestBodyParts.description,Harvests a fleshcrafted body part from a corpse.,description,AbilityDef/AbilityDef.xml,def
VME_TameInsectoid.label,tame insectoid,label,AbilityDef/AbilityDef.xml,def
VME_TameInsectoid.description,Targets an insectoid creature and tames it instantly.,description,AbilityDef/AbilityDef.xml,def
VME_ConstructANest.label,construct a nest,label,AbilityDef/AbilityDef.xml,def
VME_ConstructANest.description,Constructs an insectoid nest that produces insect jelly. A sucessful insectoid hymn ritual must be conducted to reduce the cooldown of this ability.,description,AbilityDef/AbilityDef.xml,def
VME_EnableSelfDestruct.label,enable self-destruct,label,AbilityDef/AbilityDef.xml,def
VME_EnableSelfDestruct.description,"An ability to command a turret or mechanoid to self-destruct. The mechacker can target any turret, even enemy ones, as well as any mechanoid.",description,AbilityDef/AbilityDef.xml,def
VME_MedicalEmergency.label,medical emergency,label,AbilityDef/AbilityDef.xml,def
VME_MedicalEmergency.description,"Stops the Nurse’s Rest, Recreation and Hunger from dropping for 12 hours. During this time, Nurse can only do Doctoring jobs properly.",description,AbilityDef/AbilityDef.xml,def
VME_ThrowParty.label,throw party,label,AbilityDef/AbilityDef.xml,def
VME_ThrowParty.description,Throws a party.,description,AbilityDef/AbilityDef.xml,def
VME_CallTradeCaravan.label,call trade caravan,label,AbilityDef/AbilityDef.xml,def
VME_CallTradeCaravan.description,Summon a trade caravan.,description,AbilityDef/AbilityDef.xml,def
VME_NakedPartyDance.label,naked dance party,label,DutyDef/DutyDef.xml,def
VME_Wander.label,assisting trade fair,label,DutyDef/DutyDef.xml,def
VME_FleshcraftedArm.label,fleshcrafted arm,label,ThingDef/ThingDef.xml,def
VME_FleshcraftedArm.description,"A biological human arm, fleshcrafted from a corpse. This can be safely installed in colonists following a Fleshcrafting ideoligion, but will cause infections due to organ rejection in others.",description,ThingDef/ThingDef.xml,def
VME_InstallFleshcraftedArm.label,install fleshcrafted arm,label,RecipeDef/RecipeDef.xml,def
VME_InstallFleshcraftedArm.description,"Install a fleshcrafted arm. This can be safely installed in colonists following a Fleshcrafting ideoligion, but will cause infections due to organ rejection in others.",description,RecipeDef/RecipeDef.xml,def
VME_InstallFleshcraftedArm.jobString,Installing fleshcrafted arm.,jobString,RecipeDef/RecipeDef.xml,def
VME_FleshcraftedArmHediff.label,fleshcrafted arm,label,HediffDef/HediffDef.xml,def
VME_FleshcraftedArmHediff.labelNoun,a fleshcrafted arm,labelNoun,HediffDef/HediffDef.xml,def
VME_FleshcraftedArmHediff.description,An installed fleshcrafted arm.,description,HediffDef/HediffDef.xml,def
VME_FleshcraftedArmHediff.comps.0.tools.0.label,fist,label,HediffDef/HediffDef.xml,def
VME_FleshcraftedHand.label,fleshcrafted hand,label,ThingDef/ThingDef.xml,def
VME_FleshcraftedHand.description,"A biological human hand, fleshcrafted from a corpse. This can be safely installed in colonists following a Fleshcrafting ideoligion, but will cause infections due to organ rejection in others.",description,ThingDef/ThingDef.xml,def
VME_InstallFleshcraftedHand.label,install fleshcrafted hand,label,RecipeDef/RecipeDef.xml,def
VME_InstallFleshcraftedHand.description,"Install a fleshcrafted hand. This can be safely installed in colonists following a Fleshcrafting ideoligion, but will cause infections due to organ rejection in others.",description,RecipeDef/RecipeDef.xml,def
VME_InstallFleshcraftedHand.jobString,Installing fleshcrafted hand.,jobString,RecipeDef/RecipeDef.xml,def
VME_FleshcraftedHandHediff.label,fleshcrafted hand,label,HediffDef/HediffDef.xml,def
VME_FleshcraftedHandHediff.labelNoun,a fleshcrafted hand,labelNoun,HediffDef/HediffDef.xml,def
VME_FleshcraftedHandHediff.description,An installed fleshcrafted hand.,description,HediffDef/HediffDef.xml,def
VME_FleshcraftedHandHediff.comps.0.tools.0.label,fist,label,HediffDef/HediffDef.xml,def
VME_FleshcraftedFinger.label,fleshcrafted finger,label,ThingDef/ThingDef.xml,def
VME_FleshcraftedFinger.description,"A biological human finger, fleshcrafted from a corpse. This can be safely installed in colonists following a Fleshcrafting ideoligion, but will cause infections due to organ rejection in others.",description,ThingDef/ThingDef.xml,def
VME_InstallFleshcraftedFinger.label,install fleshcrafted finger,label,RecipeDef/RecipeDef.xml,def
VME_InstallFleshcraftedFinger.description,"Install a fleshcrafted finger. This can be safely installed in colonists following a Fleshcrafting ideoligion, but will cause infections due to organ rejection in others.",description,RecipeDef/RecipeDef.xml,def
VME_InstallFleshcraftedFinger.jobString,Installing fleshcrafted finger.,jobString,RecipeDef/RecipeDef.xml,def
VME_FleshcraftedFingerHediff.label,fleshcrafted finger,label,HediffDef/HediffDef.xml,def
VME_FleshcraftedFingerHediff.labelNoun,a fleshcrafted finger,labelNoun,HediffDef/HediffDef.xml,def
VME_FleshcraftedFingerHediff.description,An installed fleshcrafted finger.,description,HediffDef/HediffDef.xml,def
VME_FleshcraftedToe.label,fleshcrafted toe,label,ThingDef/ThingDef.xml,def
VME_FleshcraftedToe.description,"A biological human toe, fleshcrafted from a corpse. This can be safely installed in colonists following a Fleshcrafting ideoligion, but will cause infections due to organ rejection in others.",description,ThingDef/ThingDef.xml,def
VME_InstallFleshcraftedToe.label,install fleshcrafted toe,label,RecipeDef/RecipeDef.xml,def
VME_InstallFleshcraftedToe.description,"Install a fleshcrafted toe. This can be safely installed in colonists following a Fleshcrafting ideoligion, but will cause infections due to organ rejection in others.",description,RecipeDef/RecipeDef.xml,def
VME_InstallFleshcraftedToe.jobString,Installing fleshcrafted toe.,jobString,RecipeDef/RecipeDef.xml,def
VME_FleshcraftedToeHediff.label,fleshcrafted toe,label,HediffDef/HediffDef.xml,def
VME_FleshcraftedToeHediff.labelNoun,a fleshcrafted toe,labelNoun,HediffDef/HediffDef.xml,def
VME_FleshcraftedToeHediff.description,An installed fleshcrafted toe.,description,HediffDef/HediffDef.xml,def
VME_FleshcraftedFoot.label,fleshcrafted foot,label,ThingDef/ThingDef.xml,def
VME_FleshcraftedFoot.description,"A biological human foot, fleshcrafted from a corpse. This can be safely installed in colonists following a Fleshcrafting ideoligion, but will cause infections due to organ rejection in others.",description,ThingDef/ThingDef.xml,def
VME_InstallFleshcraftedFoot.label,install fleshcrafted foot,label,RecipeDef/RecipeDef.xml,def
VME_InstallFleshcraftedFoot.description,"Install a fleshcrafted foot. This can be safely installed in colonists following a Fleshcrafting ideoligion, but will cause infections due to organ rejection in others.",description,RecipeDef/RecipeDef.xml,def
VME_InstallFleshcraftedFoot.jobString,Installing fleshcrafted foot.,jobString,RecipeDef/RecipeDef.xml,def
VME_FleshcraftedFootHediff.label,fleshcrafted foot,label,HediffDef/HediffDef.xml,def
VME_FleshcraftedFootHediff.labelNoun,a fleshcrafted foot,labelNoun,HediffDef/HediffDef.xml,def
VME_FleshcraftedFootHediff.description,An installed fleshcrafted foot.,description,HediffDef/HediffDef.xml,def
VME_FleshcraftedLeg.label,fleshcrafted leg,label,ThingDef/ThingDef.xml,def
VME_FleshcraftedLeg.description,"A biological human leg, fleshcrafted from a corpse. This can be safely installed in colonists following a Fleshcrafting ideoligion, but will cause infections due to organ rejection in others.",description,ThingDef/ThingDef.xml,def
VME_InstallFleshcraftedLeg.label,install fleshcrafted leg,label,RecipeDef/RecipeDef.xml,def
VME_InstallFleshcraftedLeg.description,"Install a fleshcrafted leg. This can be safely installed in colonists following a Fleshcrafting ideoligion, but will cause infections due to organ rejection in others.",description,RecipeDef/RecipeDef.xml,def
VME_InstallFleshcraftedLeg.jobString,Installing fleshcrafted leg.,jobString,RecipeDef/RecipeDef.xml,def
VME_FleshcraftedLegHediff.label,fleshcrafted leg,label,HediffDef/HediffDef.xml,def
VME_FleshcraftedLegHediff.labelNoun,a fleshcrafted leg,labelNoun,HediffDef/HediffDef.xml,def
VME_FleshcraftedLegHediff.description,An installed fleshcrafted leg.,description,HediffDef/HediffDef.xml,def
VME_FleshcraftedHeart.label,fleshcrafted heart,label,ThingDef/ThingDef.xml,def
VME_FleshcraftedHeart.description,"A biological human heart, fleshcrafted from a corpse. This can be safely installed in colonists following a Fleshcrafting ideoligion, but will cause infections due to organ rejection in others.",description,ThingDef/ThingDef.xml,def
VME_InstallFleshcraftedHeart.label,install fleshcrafted heart,label,RecipeDef/RecipeDef.xml,def
VME_InstallFleshcraftedHeart.description,"Install a fleshcrafted heart. This can be safely installed in colonists following a Fleshcrafting ideoligion, but will cause infections due to organ rejection in others.",description,RecipeDef/RecipeDef.xml,def
VME_InstallFleshcraftedHeart.jobString,Installing fleshcrafted heart.,jobString,RecipeDef/RecipeDef.xml,def
VME_FleshcraftedHeartHediff.label,fleshcrafted heart,label,HediffDef/HediffDef.xml,def
VME_FleshcraftedHeartHediff.labelNoun,a fleshcrafted heart,labelNoun,HediffDef/HediffDef.xml,def
VME_FleshcraftedHeartHediff.description,An installed fleshcrafted heart.,description,HediffDef/HediffDef.xml,def
VME_FleshcraftedLung.label,fleshcrafted lung,label,ThingDef/ThingDef.xml,def
VME_FleshcraftedLung.description,"A biological human lung, fleshcrafted from a corpse. This can be safely installed in colonists following a Fleshcrafting ideoligion, but will cause infections due to organ rejection in others.",description,ThingDef/ThingDef.xml,def
VME_InstallFleshcraftedLung.label,install fleshcrafted lung,label,RecipeDef/RecipeDef.xml,def
VME_InstallFleshcraftedLung.description,"Install a fleshcrafted lung. This can be safely installed in colonists following a Fleshcrafting ideoligion, but will cause infections due to organ rejection in others.",description,RecipeDef/RecipeDef.xml,def
VME_InstallFleshcraftedLung.jobString,Installing fleshcrafted lung.,jobString,RecipeDef/RecipeDef.xml,def
VME_FleshcraftedLungHediff.label,fleshcrafted lung,label,HediffDef/HediffDef.xml,def
VME_FleshcraftedLungHediff.labelNoun,a fleshcrafted lung,labelNoun,HediffDef/HediffDef.xml,def
VME_FleshcraftedLungHediff.description,An installed fleshcrafted lung.,description,HediffDef/HediffDef.xml,def
VME_FleshcraftedKidney.label,fleshcrafted kidney,label,ThingDef/ThingDef.xml,def
VME_FleshcraftedKidney.description,"A biological human kidney, fleshcrafted from a corpse. This can be safely installed in colonists following a Fleshcrafting ideoligion, but will cause infections due to organ rejection in others.",description,ThingDef/ThingDef.xml,def
VME_InstallFleshcraftedKidney.label,install fleshcrafted kidney,label,RecipeDef/RecipeDef.xml,def
VME_InstallFleshcraftedKidney.description,"Install a fleshcrafted kidney. This can be safely installed in colonists following a Fleshcrafting ideoligion, but will cause infections due to organ rejection in others.",description,RecipeDef/RecipeDef.xml,def
VME_InstallFleshcraftedKidney.jobString,Installing fleshcrafted kidney.,jobString,RecipeDef/RecipeDef.xml,def
VME_FleshcraftedKidneyHediff.label,fleshcrafted kidney,label,HediffDef/HediffDef.xml,def
VME_FleshcraftedKidneyHediff.labelNoun,a fleshcrafted kidney,labelNoun,HediffDef/HediffDef.xml,def
VME_FleshcraftedKidneyHediff.description,An installed fleshcrafted kidney.,description,HediffDef/HediffDef.xml,def
VME_FleshcraftedLiver.label,fleshcrafted liver,label,ThingDef/ThingDef.xml,def
VME_FleshcraftedLiver.description,"A biological human liver, fleshcrafted from a corpse. This can be safely installed in colonists following a Fleshcrafting ideoligion, but will cause infections due to organ rejection in others.",description,ThingDef/ThingDef.xml,def
VME_InstallFleshcraftedLiver.label,install fleshcrafted liver,label,RecipeDef/RecipeDef.xml,def
VME_InstallFleshcraftedLiver.description,"Install a fleshcrafted liver. This can be safely installed in colonists following a Fleshcrafting ideoligion, but will cause infections due to organ rejection in others.",description,RecipeDef/RecipeDef.xml,def
VME_InstallFleshcraftedLiver.jobString,Installing fleshcrafted liver.,jobString,RecipeDef/RecipeDef.xml,def
VME_FleshcraftedLiverHediff.label,fleshcrafted liver,label,HediffDef/HediffDef.xml,def
VME_FleshcraftedLiverHediff.labelNoun,a fleshcrafted liver,labelNoun,HediffDef/HediffDef.xml,def
VME_FleshcraftedLiverHediff.description,An installed fleshcrafted liver.,description,HediffDef/HediffDef.xml,def
VME_FleshcraftedEye.label,fleshcrafted eye,label,ThingDef/ThingDef.xml,def
VME_FleshcraftedEye.description,"A biological human eye, fleshcrafted from a corpse. This can be safely installed in colonists following a Fleshcrafting ideoligion, but will cause infections due to organ rejection in others.",description,ThingDef/ThingDef.xml,def
VME_InstallFleshcraftedEye.label,install fleshcrafted eye,label,RecipeDef/RecipeDef.xml,def
VME_InstallFleshcraftedEye.description,"Install a fleshcrafted eye. This can be safely installed in colonists following a Fleshcrafting ideoligion, but will cause infections due to organ rejection in others.",description,RecipeDef/RecipeDef.xml,def
VME_InstallFleshcraftedEye.jobString,Installing fleshcrafted eye.,jobString,RecipeDef/RecipeDef.xml,def
VME_FleshcraftedEyeHediff.label,fleshcrafted eye,label,HediffDef/HediffDef.xml,def
VME_FleshcraftedEyeHediff.labelNoun,a fleshcrafted eye,labelNoun,HediffDef/HediffDef.xml,def
VME_FleshcraftedEyeHediff.description,An installed fleshcrafted eye.,description,HediffDef/HediffDef.xml,def
VME_FleshcraftedEar.label,fleshcrafted ear,label,ThingDef/ThingDef.xml,def
VME_FleshcraftedEar.description,"A biological human ear, fleshcrafted from a corpse. This can be safely installed in colonists following a Fleshcrafting ideoligion, but will cause infections due to organ rejection in others.",description,ThingDef/ThingDef.xml,def
VME_InstallFleshcraftedEar.label,install fleshcrafted ear,label,RecipeDef/RecipeDef.xml,def
VME_InstallFleshcraftedEar.description,"Install a fleshcrafted ear. This can be safely installed in colonists following a Fleshcrafting ideoligion, but will cause infections due to organ rejection in others.",description,RecipeDef/RecipeDef.xml,def
VME_InstallFleshcraftedEar.jobString,Installing fleshcrafted ear.,jobString,RecipeDef/RecipeDef.xml,def
VME_FleshcraftedEarHediff.label,fleshcrafted ear,label,HediffDef/HediffDef.xml,def
VME_FleshcraftedEarHediff.labelNoun,a fleshcrafted ear,labelNoun,HediffDef/HediffDef.xml,def
VME_FleshcraftedEarHediff.description,An installed fleshcrafted ear.,description,HediffDef/HediffDef.xml,def
VME_FleshcraftedNose.label,fleshcrafted nose,label,ThingDef/ThingDef.xml,def
VME_FleshcraftedNose.description,"A biological human nose, fleshcrafted from a corpse. This can be safely installed in colonists following a Fleshcrafting ideoligion, but will cause infections due to organ rejection in others.",description,ThingDef/ThingDef.xml,def
VME_InstallFleshcraftedNose.label,install fleshcrafted nose,label,RecipeDef/RecipeDef.xml,def
VME_InstallFleshcraftedNose.description,"Install a fleshcrafted nose. This can be safely installed in colonists following a Fleshcrafting ideoligion, but will cause infections due to organ rejection in others.",description,RecipeDef/RecipeDef.xml,def
VME_InstallFleshcraftedNose.jobString,Installing fleshcrafted nose.,jobString,RecipeDef/RecipeDef.xml,def
VME_FleshcraftedNoseHediff.label,fleshcrafted nose,label,HediffDef/HediffDef.xml,def
VME_FleshcraftedNoseHediff.labelNoun,a fleshcrafted nose,labelNoun,HediffDef/HediffDef.xml,def
VME_FleshcraftedNoseHediff.description,An installed fleshcrafted nose.,description,HediffDef/HediffDef.xml,def
VME_FleshcraftedJaw.label,fleshcrafted jaw,label,ThingDef/ThingDef.xml,def
VME_FleshcraftedJaw.description,"A biological human jaw, fleshcrafted from a corpse. This can be safely installed in colonists following a Fleshcrafting ideoligion, but will cause infections due to organ rejection in others.",description,ThingDef/ThingDef.xml,def
VME_InstallFleshcraftedJaw.label,install fleshcrafted jaw,label,RecipeDef/RecipeDef.xml,def
VME_InstallFleshcraftedJaw.description,"Install a fleshcrafted jaw. This can be safely installed in colonists following a Fleshcrafting ideoligion, but will cause infections due to organ rejection in others.",description,RecipeDef/RecipeDef.xml,def
VME_InstallFleshcraftedJaw.jobString,Installing fleshcrafted jaw.,jobString,RecipeDef/RecipeDef.xml,def
VME_FleshcraftedJawHediff.label,fleshcrafted jaw,label,HediffDef/HediffDef.xml,def
VME_FleshcraftedJawHediff.labelNoun,a fleshcrafted jaw,labelNoun,HediffDef/HediffDef.xml,def
VME_FleshcraftedJawHediff.description,An installed fleshcrafted jaw.,description,HediffDef/HediffDef.xml,def
VME_FleshcraftedStomach.label,fleshcrafted stomach,label,ThingDef/ThingDef.xml,def
VME_FleshcraftedStomach.description,"A biological human stomach, fleshcrafted from a corpse. This can be safely installed in colonists following a Fleshcrafting ideoligion, but will cause infections due to organ rejection in others.",description,ThingDef/ThingDef.xml,def
VME_InstallFleshcraftedStomach.label,install fleshcrafted stomach,label,RecipeDef/RecipeDef.xml,def
VME_InstallFleshcraftedStomach.description,"Install a fleshcrafted stomach. This can be safely installed in colonists following a Fleshcrafting ideoligion, but will cause infections due to organ rejection in others.",description,RecipeDef/RecipeDef.xml,def
VME_InstallFleshcraftedStomach.jobString,Installing fleshcrafted stomach.,jobString,RecipeDef/RecipeDef.xml,def
VME_FleshcraftedStomachHediff.label,fleshcrafted stomach,label,HediffDef/HediffDef.xml,def
VME_FleshcraftedStomachHediff.labelNoun,a fleshcrafted stomach,labelNoun,HediffDef/HediffDef.xml,def
VME_FleshcraftedStomachHediff.description,An installed fleshcrafted stomach.,description,HediffDef/HediffDef.xml,def
VME_FleshcraftedTongue.label,fleshcrafted tongue,label,ThingDef/ThingDef.xml,def
VME_FleshcraftedTongue.description,"A biological human tongue, fleshcrafted from a corpse. This can be safely installed in colonists following a Fleshcrafting ideoligion, but will cause infections due to organ rejection in others.",description,ThingDef/ThingDef.xml,def
VME_InstallFleshcraftedTongue.label,install fleshcrafted tongue,label,RecipeDef/RecipeDef.xml,def
VME_InstallFleshcraftedTongue.description,"Install a fleshcrafted tongue. This can be safely installed in colonists following a Fleshcrafting ideoligion, but will cause infections due to organ rejection in others.",description,RecipeDef/RecipeDef.xml,def
VME_InstallFleshcraftedTongue.jobString,Installing fleshcrafted tongue.,jobString,RecipeDef/RecipeDef.xml,def
VME_FleshcraftedTongueHediff.label,fleshcrafted tongue,label,HediffDef/HediffDef.xml,def
VME_FleshcraftedTongueHediff.labelNoun,a fleshcrafted tongue,labelNoun,HediffDef/HediffDef.xml,def
VME_FleshcraftedTongueHediff.description,An installed fleshcrafted tongue.,description,HediffDef/HediffDef.xml,def
VME_FleshcraftedSpine.label,fleshcrafted spine,label,ThingDef/ThingDef.xml,def
VME_FleshcraftedSpine.description,"A biological human spine, fleshcrafted from a corpse. This can be safely installed in colonists following a Fleshcrafting ideoligion, but will cause infections due to organ rejection in others.",description,ThingDef/ThingDef.xml,def
VME_InstallFleshcraftedSpine.label,install fleshcrafted spine,label,RecipeDef/RecipeDef.xml,def
VME_InstallFleshcraftedSpine.description,"Install a fleshcrafted spine. This can be safely installed in colonists following a Fleshcrafting ideoligion, but will cause infections due to organ rejection in others.",description,RecipeDef/RecipeDef.xml,def
VME_InstallFleshcraftedSpine.jobString,Installing fleshcrafted spine.,jobString,RecipeDef/RecipeDef.xml,def
VME_FleshcraftedSpineHediff.label,fleshcrafted spine,label,HediffDef/HediffDef.xml,def
VME_FleshcraftedSpineHediff.labelNoun,a fleshcrafted spine,labelNoun,HediffDef/HediffDef.xml,def
VME_FleshcraftedSpineHediff.description,An installed fleshcrafted spine.,description,HediffDef/HediffDef.xml,def
VME_MedicalEmergencyHediff.label,medical emergency,label,HediffDef/HediffDef.xml,def
VME_MedicalEmergencyHediff.description,"Stops the Nurse’s Rest, Recreation and Hunger from dropping for 12 hours. During this time, Nurse can only do Doctoring jobs properly.",description,HediffDef/HediffDef.xml,def
VME_Naked.label,naked,label,HediffDef/HediffDef.xml,def
VME_Naked.description,This person is naked.,description,HediffDef/HediffDef.xml,def
VFEA_InterrogatePrisoner.label,attempt interrogation,label,InteractionDef/InteractionDef.xml,def
VFEA_InterrogatePrisoner.logRulesInitiator.rulesStrings.0,r_logentry->[INITIATOR_nameDef] demanded [information] from [RECIPIENT_nameDef].,li,InteractionDef/InteractionDef.xml,def
VFEA_InterrogatePrisoner.logRulesInitiator.rulesStrings.1,information->information,li,InteractionDef/InteractionDef.xml,def
VFEA_InterrogatePrisoner.logRulesInitiator.rulesStrings.2,information->knowledge,li,InteractionDef/InteractionDef.xml,def
VFEA_InterrogatePrisoner.logRulesInitiator.rulesStrings.3,information->intelligence,li,InteractionDef/InteractionDef.xml,def
VFEA_InterrogationRefused.rulePack.rulesStrings.0,sent->[RECIPIENT_nameDef] refused.,li,RulePackDef/RulePackDef.xml,def
VFEA_InterrogationSuccess.rulePack.rulesStrings.0,sent->[RECIPIENT_nameDef] relented.,li,RulePackDef/RulePackDef.xml,def
VFEA_Intimidate.label,try to intimidate,label,InteractionDef/InteractionDef.xml,def
VFEA_Intimidate.logRulesInitiator.rulesStrings.0,r_logentry->[INITIATOR_nameDef] told [RECIPIENT_nameDef] [RECIPIENT_pronoun] [negative].,li,InteractionDef/InteractionDef.xml,def
VFEA_Intimidate.logRulesInitiator.rulesStrings.1,r_logentry->[INITIATOR_nameDef] explained that [RECIPIENT_nameDef] [negative].,li,InteractionDef/InteractionDef.xml,def
VFEA_Intimidate.logRulesInitiator.rulesStrings.2,r_logentry->[INITIATOR_nameDef] threatened [RECIPIENT_nameDef] with [threat] if [RECIPIENT_pronoun] [refused].,li,InteractionDef/InteractionDef.xml,def
VFEA_Intimidate.logRulesInitiator.rulesStrings.3,r_logentry->[INITIATOR_nameDef] informed [RECIPIENT_nameDef] that [RECIPIENT_pronoun] [disillusionment].,li,InteractionDef/InteractionDef.xml,def
VFEA_Intimidate.logRulesInitiator.rulesStrings.4,r_logentry->[INITIATOR_nameDef] demanded [RECIPIENT_nameDef] [givein] to the colony.,li,InteractionDef/InteractionDef.xml,def
VFEA_Intimidate.logRulesInitiator.rulesStrings.5,negative->had no future,li,InteractionDef/InteractionDef.xml,def
VFEA_Intimidate.logRulesInitiator.rulesStrings.6,negative->had no way to escape,li,InteractionDef/InteractionDef.xml,def
VFEA_Intimidate.logRulesInitiator.rulesStrings.7,negative->should submit immediately,li,InteractionDef/InteractionDef.xml,def
VFEA_Intimidate.logRulesInitiator.rulesStrings.8,negative->should forget [RECIPIENT_possessive] aspirations,li,InteractionDef/InteractionDef.xml,def
VFEA_Intimidate.logRulesInitiator.rulesStrings.9,negative->should submit to the colony,li,InteractionDef/InteractionDef.xml,def
VFEA_Intimidate.logRulesInitiator.rulesStrings.10,negative->should give up the information,li,InteractionDef/InteractionDef.xml,def
VFEA_Intimidate.logRulesInitiator.rulesStrings.11,threat->torture,li,InteractionDef/InteractionDef.xml,def
VFEA_Intimidate.logRulesInitiator.rulesStrings.12,threat->punishment,li,InteractionDef/InteractionDef.xml,def
VFEA_Intimidate.logRulesInitiator.rulesStrings.13,threat->mutilation,li,InteractionDef/InteractionDef.xml,def
VFEA_Intimidate.logRulesInitiator.rulesStrings.14,threat->starvation,li,InteractionDef/InteractionDef.xml,def
VFEA_Intimidate.logRulesInitiator.rulesStrings.15,threat->lifetime incarceration,li,InteractionDef/InteractionDef.xml,def
VFEA_Intimidate.logRulesInitiator.rulesStrings.16,threat->death,li,InteractionDef/InteractionDef.xml,def
VFEA_Intimidate.logRulesInitiator.rulesStrings.17,threat->isolation,li,InteractionDef/InteractionDef.xml,def
VFEA_Intimidate.logRulesInitiator.rulesStrings.18,threat->dismemberment,li,InteractionDef/InteractionDef.xml,def
VFEA_Intimidate.logRulesInitiator.rulesStrings.19,threat->blunt trauma,li,InteractionDef/InteractionDef.xml,def
VFEA_Intimidate.logRulesInitiator.rulesStrings.20,threat->lacerations,li,InteractionDef/InteractionDef.xml,def
VFEA_Intimidate.logRulesInitiator.rulesStrings.21,threat->cannibalism,li,InteractionDef/InteractionDef.xml,def
VFEA_Intimidate.logRulesInitiator.rulesStrings.22,threat->organ harvesting,li,InteractionDef/InteractionDef.xml,def
VFEA_Intimidate.logRulesInitiator.rulesStrings.23,threat->long confinement,li,InteractionDef/InteractionDef.xml,def
VFEA_Intimidate.logRulesInitiator.rulesStrings.24,refused->tried to escape,li,InteractionDef/InteractionDef.xml,def
VFEA_Intimidate.logRulesInitiator.rulesStrings.25,refused->insulted the colony,li,InteractionDef/InteractionDef.xml,def
VFEA_Intimidate.logRulesInitiator.rulesStrings.26,refused->resisted submitting,li,InteractionDef/InteractionDef.xml,def
VFEA_Intimidate.logRulesInitiator.rulesStrings.27,refused->behaved impertinently,li,InteractionDef/InteractionDef.xml,def
VFEA_Intimidate.logRulesInitiator.rulesStrings.28,disillusionment->should accept [RECIPIENT_possessive] situation,li,InteractionDef/InteractionDef.xml,def
VFEA_Intimidate.logRulesInitiator.rulesStrings.29,disillusionment->had no hope for another future,li,InteractionDef/InteractionDef.xml,def
VFEA_Intimidate.logRulesInitiator.rulesStrings.30,disillusionment->would be best off submitting,li,InteractionDef/InteractionDef.xml,def
VFEA_Intimidate.logRulesInitiator.rulesStrings.31,disillusionment->would not survive on [RECIPIENT_possessive] own,li,InteractionDef/InteractionDef.xml,def
VFEA_Intimidate.logRulesInitiator.rulesStrings.32,disillusionment->had no option but to submit,li,InteractionDef/InteractionDef.xml,def
VFEA_Intimidate.logRulesInitiator.rulesStrings.33,givein->give in,li,InteractionDef/InteractionDef.xml,def
VFEA_Intimidate.logRulesInitiator.rulesStrings.34,givein->submit [RECIPIENT_objective]self,li,InteractionDef/InteractionDef.xml,def
VFEA_Intimidate.logRulesInitiator.rulesStrings.35,givein->surrender [RECIPIENT_objective]self,li,InteractionDef/InteractionDef.xml,def
VFEA_Intimidate.logRulesInitiator.rulesStrings.36,givein->yield [RECIPIENT_objective]self,li,InteractionDef/InteractionDef.xml,def
VME_DeconstructBuilding.reportString,uninstalling ancient junk building.,reportString,JobDef/JobDef.xml,def
VME_MaintainInsectNest.reportString,maintaining insect nest.,reportString,JobDef/JobDef.xml,def
VME_DanceWithLove.reportString,participating in orgy.,reportString,JobDef/JobDef.xml,def
VFEA_PrisonerInterrogate.reportString,interrogating TargetA.,reportString,JobDef/JobDef.xml,def
VME_ViolentConversion.label,violent conversion,label,MemeDef/MemeDef.xml,def
VME_ViolentConversion.description,"It is our duty to spread our beliefs, even by force.",description,MemeDef/MemeDef.xml,def
VME_ViolentConversion.generalRules.rulesStrings.0,memeAdjective->forced,li,MemeDef/MemeDef.xml,def
VME_ViolentConversion.generalRules.rulesStrings.1,memeAdjective->strict,li,MemeDef/MemeDef.xml,def
VME_ViolentConversion.generalRules.rulesStrings.2,memeHyphenPrefix->extreme,li,MemeDef/MemeDef.xml,def
VME_ViolentConversion.generalRules.rulesStrings.3,memeConcept->absolute truth,li,MemeDef/MemeDef.xml,def
VME_ViolentConversion.generalRules.rulesStrings.4,memeLeaderNoun->high inquisitor,li,MemeDef/MemeDef.xml,def
VME_ViolentConversion.generalRules.rulesStrings.5,memeMoralist->inquisitor,li,MemeDef/MemeDef.xml,def
VME_ViolentConversion.generalRules.rulesStrings.6,memeMoralist->crusader,li,MemeDef/MemeDef.xml,def
VME_ViolentConversion.descriptionMaker.rules.rulesStrings.0,creation(tag=meme_ViolentConversion)        ->[deity0_name] anointed a few crusaders among mortals to carry out [deity0_possessive] will.,li,MemeDef/MemeDef.xml,def
VME_ViolentConversion.descriptionMaker.rules.rulesStrings.1,"episode(uses=1,tag=meme_ViolentConversion)  ->[deity0_name] said to all the [memberNamePlural], ""The infidel shall accept my words, or perish.""",li,MemeDef/MemeDef.xml,def
VME_ViolentConversion.descriptionMaker.rules.rulesStrings.2,"intro(tag=meme_ViolentConversion)           ->[memberNamePlural] built a great [altarName] on the [place_summary] [place_name], so that many would be bent to [deity0_name]'s will.",li,MemeDef/MemeDef.xml,def
VME_ViolentConversion.descriptionMaker.rules.rulesStrings.3,"conflict(tag=meme_ViolentConversion)        ->A coward [foeLeader], seeking to deny the will of [deity0_name], told [foeLeader_possessive] [foeSoldiers] to cut out the tongues of any who speak of the [deity0_type].",li,MemeDef/MemeDef.xml,def
VME_ViolentConversion.descriptionMaker.rules.rulesStrings.4,"founderJoin(tag=meme_ViolentConversion)     ->[deity0_name] blessed a [place_job] named [founderName] with [deity0_possessive] unwavering resolve, and none could turn away when [founder_pronoun] spoke.",li,MemeDef/MemeDef.xml,def
VME_ViolentConversion.descriptionMaker.rules.rulesStrings.5,victory(tag=meme_ViolentConversion)         ->[founderName] slaughtered many of the [foeSoldiers] and mercilessly tortured the survivors to show [deity0_name]'s power. Their cries of anguish will forever remind us of the destiny awaiting those who deny [deity0_name].,li,MemeDef/MemeDef.xml,def
VME_ViolentConversion.descriptionMaker.rules.rulesStrings.6,"setup(tag=meme_ViolentConversion)           ->Our founder [founderName] was a great revolutionary and a genious, converting thousands as [founder_pronoun] traveled between the cities.",li,MemeDef/MemeDef.xml,def
VME_ViolentConversion.descriptionMaker.rules.rulesStrings.7,"story(uses=1,tag=meme_ViolentConversion)    ->The believers moved between cities and institutions, spreading word of the new order and fighting against those who would disagree.",li,MemeDef/MemeDef.xml,def
VME_ViolentConversion.descriptionMaker.rules.rulesStrings.8,"lessonIntro(tag=meme_ViolentConversion)         ->In all my years spreading our philosophy, I learned one lesson that stands over all:",li,MemeDef/MemeDef.xml,def
VME_ViolentConversion.descriptionMaker.rules.rulesStrings.9,"lesson(tag=meme_ViolentConversion)              ->there is no Truth but Our Truth. We can't let anyone stand in our way. They can either agree, or die",li,MemeDef/MemeDef.xml,def
VME_ViolentConversion.descriptionMaker.rules.rulesStrings.10,"lessonReinforcement(tag=meme_ViolentConversion) ->This is the fact we need to spread, and spread, and spread. By force, if necessary.",li,MemeDef/MemeDef.xml,def
VME_ViolentConversion.descriptionMaker.rules.rulesStrings.11,"archistBasis(tag=meme_ViolentConversion)    ->The archotechs announce their presence from the sky, and in the mind, and their existance MUST become an universal truth.",li,MemeDef/MemeDef.xml,def
VME_ViolentConversion.descriptionMaker.rules.rulesStrings.12,"archistFact(tag=meme_ViolentConversion)     ->Archotechs must be obeyed, and it is our reponsibility to bend others to their will.",li,MemeDef/MemeDef.xml,def
VME_ViolentConversion.descriptionMaker.rules.rulesStrings.13,"archistProphecy(tag=meme_ViolentConversion) ->[inTheEnd], the archotechs will voice their final wisdom to the holder of the [relic0_name]. Anyone who hasn't listened must be purged.",li,MemeDef/MemeDef.xml,def
VME_ViolentConversion.descriptionMaker.rules.rulesStrings.14,"animistFact(tag=meme_ViolentConversion)     ->The spirits want to be known, but only speak to a few. We will make anyone who stands in our way fear the will of the spirits.",li,MemeDef/MemeDef.xml,def
VME_ViolentConversion.descriptionMaker.rules.rulesStrings.15,"serketistProphecy(tag=meme_ViolentConversion)->[itIsSaid] we will learn from them, and use that knowledge to purge the universe of filthy infidels.",li,MemeDef/MemeDef.xml,def
VME_ViolentConversion.descriptionMaker.rules.rulesStrings.16,"chthonianProphecy(tag=meme_ViolentConversion)->We will acquire their eldritch knowledge, and use it to purge the universe of filthy infidels.",li,MemeDef/MemeDef.xml,def
VME_ViolentConversion.descriptionMaker.rules.rulesStrings.17,"esotericismProphecy(tag=meme_ViolentConversion)->With such knowledge, we will have a clear advantage over the rest of this planet's inhabitants, and use it to purge it of filthy infidels.",li,MemeDef/MemeDef.xml,def
VME_ViolentConversion.descriptionMaker.rules.rulesStrings.18,eschatologismFact(tag=meme_ViolentConversion)->There will be nothing left. The filthy infidels will be purged by atomic fire and deadly disease.,li,MemeDef/MemeDef.xml,def
VME_ViolentConversion.descriptionMaker.rules.rulesStrings.19,"introMemo(tag=meme_ViolentConversion)->As you know, the mission of our Company is way too important to let others get in our way, so we are preparing a hostile merger to get rid of these... undesireable competitors.",li,MemeDef/MemeDef.xml,def
VME_ViolentConversion.descriptionMaker.rules.rulesStrings.20,"alienistProphecy(tag=meme_ViolentConversion)->We need to spread by force the reality of these creatures, seeded by humanity through all the Rim.",li,MemeDef/MemeDef.xml,def
VME_Astrology.label,astrology,label,MemeDef/MemeDef.xml,def
VME_Astrology.description,We are guided by the stars.,description,MemeDef/MemeDef.xml,def
VME_Astrology.generalRules.rulesStrings.0,memeAdjective->astrological,li,MemeDef/MemeDef.xml,def
VME_Astrology.generalRules.rulesStrings.1,memeAdjective->zodiacal,li,MemeDef/MemeDef.xml,def
VME_Astrology.generalRules.rulesStrings.2,memeHyphenPrefix->astro,li,MemeDef/MemeDef.xml,def
VME_Astrology.generalRules.rulesStrings.3,memeConcept->stars,li,MemeDef/MemeDef.xml,def
VME_Astrology.generalRules.rulesStrings.4,memeLeaderNoun->grand astrologer,li,MemeDef/MemeDef.xml,def
VME_Astrology.generalRules.rulesStrings.5,memeMoralist->diviner,li,MemeDef/MemeDef.xml,def
VME_Astrology.generalRules.rulesStrings.6,memeMoralist->star seer,li,MemeDef/MemeDef.xml,def
VME_Astrology.descriptionMaker.rules.rulesStrings.0,creation(tag=meme_Astrology)        ->[deity0_name] showed us that the path to true wisdom lies in understanding the stars.,li,MemeDef/MemeDef.xml,def
VME_Astrology.descriptionMaker.rules.rulesStrings.1,"episode(uses=1,tag=meme_Astrology)  ->[deity0_name] said to all the [memberNamePlural], ""For in the Firmament you shall see a reflection of my Will.""",li,MemeDef/MemeDef.xml,def
VME_Astrology.descriptionMaker.rules.rulesStrings.2,"intro(tag=meme_Astrology)           ->[memberNamePlural] built a great [altarName] on the [place_summary] [place_name], so that anyone may peer into the stars.",li,MemeDef/MemeDef.xml,def
VME_Astrology.descriptionMaker.rules.rulesStrings.3,"conflict(tag=meme_Astrology)        ->A coward [foeLeader], seeking to deny the will of [deity0_name], tried to obscure the firmament so we couldn't watch the majesty of the stars.",li,MemeDef/MemeDef.xml,def
VME_Astrology.descriptionMaker.rules.rulesStrings.4,"founderJoin(tag=meme_Astrology)     ->[deity0_name] blessed a [place_job] named [founderName] with [foeLeader_possessive] unwavering resolve, and a zodiacal sign was created then and there.",li,MemeDef/MemeDef.xml,def
VME_Astrology.descriptionMaker.rules.rulesStrings.5,victory(tag=meme_Astrology)         ->[founderName] read the astrological fortunes of the [foeSoldiers] and used them to convince them of [deity0_name]'s power.,li,MemeDef/MemeDef.xml,def
VME_Astrology.descriptionMaker.rules.rulesStrings.6,"setup(tag=meme_Astrology)           ->Our founder [founderName] was a great astrologer, capable of divining the fortunes of [founder_possessive] followers as he traveled between the cities.",li,MemeDef/MemeDef.xml,def
VME_Astrology.descriptionMaker.rules.rulesStrings.7,"story(uses=1,tag=meme_Astrology)    ->The believers spread knowledge of the wisdom found in the movement of the stars.",li,MemeDef/MemeDef.xml,def
VME_Astrology.descriptionMaker.rules.rulesStrings.8,"lessonIntro(tag=meme_Astrology)         ->In all my years observing the stars, I learned one lesson that stands over all:",li,MemeDef/MemeDef.xml,def
VME_Astrology.descriptionMaker.rules.rulesStrings.9,lesson(tag=meme_Astrology)              ->our zodiacal signs guide us through all of our lives,li,MemeDef/MemeDef.xml,def
VME_Astrology.descriptionMaker.rules.rulesStrings.10,"lessonReinforcement(tag=meme_Astrology) ->This is the fact we need to spread, for the fate of oneself is reflected upon the heavens.",li,MemeDef/MemeDef.xml,def
VME_Astrology.descriptionMaker.rules.rulesStrings.11,"archistBasis(tag=meme_Astrology)    ->The archotechs announce their presence from the sky, and in the mind, they showed us that great knowledge is encoded in the movement of celestial bodies.",li,MemeDef/MemeDef.xml,def
VME_Astrology.descriptionMaker.rules.rulesStrings.12,"archistFact(tag=meme_Astrology)     ->Archotechs are wise beyond all reason, and they have coded immense knowledge on the stars.",li,MemeDef/MemeDef.xml,def
VME_Astrology.descriptionMaker.rules.rulesStrings.13,"archistProphecy(tag=meme_Astrology) ->[inTheEnd], the archotechs will voice their final wisdom to the holder of the [relic0_name]. Only one who is trained on the Art of the Zodiac can absorb their teachings.",li,MemeDef/MemeDef.xml,def
VME_Astrology.descriptionMaker.rules.rulesStrings.14,"animistFact(tag=meme_Astrology)     ->The spirits want to be known, and they manifest themselves not only through the creatures of land, but also in the heavens.",li,MemeDef/MemeDef.xml,def
VME_Astrology.descriptionMaker.rules.rulesStrings.15,serketistProphecy(tag=meme_Astrology)->[itIsSaid] we will be wise enough to create a new zodiacal sign. Serket. The Holy Scarab.,li,MemeDef/MemeDef.xml,def
VME_Astrology.descriptionMaker.rules.rulesStrings.16,"chthonianProphecy(tag=meme_Astrology)->Eldritch knowledge lies upon the Unwavering Hungry Void between Stars, and by studying them we will be eternal, perhaps at the cost of our sanity.",li,MemeDef/MemeDef.xml,def
VME_Astrology.descriptionMaker.rules.rulesStrings.17,"esotericismProphecy(tag=meme_Astrology)->With such knowledge, we will devise a way to control the zodiac, and thus the fate of everyone.",li,MemeDef/MemeDef.xml,def
VME_Astrology.descriptionMaker.rules.rulesStrings.18,eschatologismFact(tag=meme_Astrology)->The stars will only show a singular fate: destruction.,li,MemeDef/MemeDef.xml,def
VME_Astrology.descriptionMaker.rules.rulesStrings.19,"introMemo(tag=meme_Astrology)->It has been brought to my atention that some of you are using work breaks to share your astrological charts. Although this is a sanctioned topic by the Company, I would like to remind you that breaks should never exceed the allotted time.",li,MemeDef/MemeDef.xml,def
VME_Astrology.descriptionMaker.rules.rulesStrings.20,alienistProphecy(tag=meme_Astrology)->The stars will reveal us the reality of these wondrous creatures.,li,MemeDef/MemeDef.xml,def
VME_GodEmperor.label,god emperor,label,MemeDef/MemeDef.xml,def
VME_GodEmperor.description,Our leader must be worshipped as a living God.,description,MemeDef/MemeDef.xml,def
VME_GodEmperor.generalRules.rulesStrings.0,memeAdjective->absolute,li,MemeDef/MemeDef.xml,def
VME_GodEmperor.generalRules.rulesStrings.1,memeAdjective->divine,li,MemeDef/MemeDef.xml,def
VME_GodEmperor.generalRules.rulesStrings.2,memeHyphenPrefix->godlike,li,MemeDef/MemeDef.xml,def
VME_GodEmperor.generalRules.rulesStrings.3,memeConcept->imperial sovereignty,li,MemeDef/MemeDef.xml,def
VME_GodEmperor.generalRules.rulesStrings.4,memeLeaderNoun->god emperor,li,MemeDef/MemeDef.xml,def
VME_GodEmperor.generalRules.rulesStrings.5,memeMoralist->loyal servant,li,MemeDef/MemeDef.xml,def
VME_GodEmperor.generalRules.rulesStrings.6,memeMoralist->seer,li,MemeDef/MemeDef.xml,def
VME_GodEmperor.descriptionMaker.rules.rulesStrings.0,"creation(tag=meme_GodEmperor)        ->[deity0_name] annointed [deity0_possessive] Chosen One to lead us through this life, our God Emperor.",li,MemeDef/MemeDef.xml,def
VME_GodEmperor.descriptionMaker.rules.rulesStrings.1,"episode(uses=1,tag=meme_GodEmperor)  ->[deity0_name] said to all the [memberNamePlural], ""For you shall follow my Chosen One, the God Emperor, and prostrate yourselves in humility, submission and adoration.""",li,MemeDef/MemeDef.xml,def
VME_GodEmperor.descriptionMaker.rules.rulesStrings.2,"intro(tag=meme_GodEmperor)           ->[memberNamePlural] built a great [altarName] on the [place_summary] [place_name], a huge monument to their God Emperor.",li,MemeDef/MemeDef.xml,def
VME_GodEmperor.descriptionMaker.rules.rulesStrings.3,"conflict(tag=meme_GodEmperor)        ->A coward [foeLeader], seeking to deny the will of [deity0_name], tried to slay our God Emperor, finding only ruin.",li,MemeDef/MemeDef.xml,def
VME_GodEmperor.descriptionMaker.rules.rulesStrings.4,"founderJoin(tag=meme_GodEmperor)     ->[deity0_name] blessed a [place_job] named [founderName] with [foeLeader_possessive] divine power, and this sacred place empowers our eternal God Emperor.",li,MemeDef/MemeDef.xml,def
VME_GodEmperor.descriptionMaker.rules.rulesStrings.5,"setup(tag=meme_GodEmperor)           ->Our founder [founderName] was the greatest of the disciples of our God Emperor, a true servant.",li,MemeDef/MemeDef.xml,def
VME_GodEmperor.descriptionMaker.rules.rulesStrings.6,"story(uses=1,tag=meme_GodEmperor)    ->The believers will spread the wisdom of unwavering loyalty to the decreeds of our God Emperor.",li,MemeDef/MemeDef.xml,def
VME_GodEmperor.descriptionMaker.rules.rulesStrings.7,"lessonIntro(tag=meme_GodEmperor)         ->In all my years serving our God Emperor, I learned one lesson that stands over all:",li,MemeDef/MemeDef.xml,def
VME_GodEmperor.descriptionMaker.rules.rulesStrings.8,lesson(tag=meme_GodEmperor)              ->only through absolute subservience to our leader will we achieve our goals,li,MemeDef/MemeDef.xml,def
VME_GodEmperor.descriptionMaker.rules.rulesStrings.9,lessonReinforcement(tag=meme_GodEmperor) ->It is only through the Divine Will of our God Emperor that we will uncover the secrets of the Cosmos.,li,MemeDef/MemeDef.xml,def
VME_GodEmperor.descriptionMaker.rules.rulesStrings.10,"archistBasis(tag=meme_GodEmperor)    ->The archotechs announce their presence from the sky, and in the mind, our God Emperor is their Chosen One.",li,MemeDef/MemeDef.xml,def
VME_GodEmperor.descriptionMaker.rules.rulesStrings.11,"archistFact(tag=meme_GodEmperor)     ->Archotechs are wise beyond all reason, it stands to logic that their paragon is also the epitome of wisdom.",li,MemeDef/MemeDef.xml,def
VME_GodEmperor.descriptionMaker.rules.rulesStrings.12,"archistProphecy(tag=meme_GodEmperor) ->[inTheEnd], the archotechs will voice their final wisdom to our God Emperor, holder of the [relic0_name].",li,MemeDef/MemeDef.xml,def
VME_GodEmperor.descriptionMaker.rules.rulesStrings.13,"animistFact(tag=meme_GodEmperor)     ->The spirits want to be known, and they manifest themselves in the body of our God Emperor.",li,MemeDef/MemeDef.xml,def
VME_GodEmperor.descriptionMaker.rules.rulesStrings.14,"serketistProphecy(tag=meme_GodEmperor)->[itIsSaid] our God Emperor will bathe in the blood of a thousand insects, annointed by their sacrifice.",li,MemeDef/MemeDef.xml,def
VME_GodEmperor.descriptionMaker.rules.rulesStrings.15,"chthonianProphecy(tag=meme_GodEmperor)->Our God Emperor is the guardian of madness, the one who keeps our minds safe from the cruel insanity of the Cosmos.",li,MemeDef/MemeDef.xml,def
VME_GodEmperor.descriptionMaker.rules.rulesStrings.16,"esotericismProphecy(tag=meme_GodEmperor)->Our God Emperor is wise beyond reckoning in the occult ways, and will guide us in devising new ways to use this hidden knowledge.",li,MemeDef/MemeDef.xml,def
VME_GodEmperor.descriptionMaker.rules.rulesStrings.17,"eschatologismFact(tag=meme_GodEmperor)->Our God Emperor will bring forth the End Times. In servitude, we will participate in this divine glory.",li,MemeDef/MemeDef.xml,def
VME_GodEmperor.descriptionMaker.rules.rulesStrings.18,"introMemo(tag=meme_GodEmperor)->Now, I know there have been rummors of the CEO of the Company being a God. Yes, a God Emperor, in fact. But that doesn't mean anything unless each and any of you acts PROACTIVELY. We need to leverage our assets!",li,MemeDef/MemeDef.xml,def
VME_GodEmperor.descriptionMaker.rules.rulesStrings.19,alienistProphecy(tag=meme_GodEmperor)->All these wondrous animals will be a great trophy for our beloved God Emperor.,li,MemeDef/MemeDef.xml,def
VME_HardcoreIndustrialism.label,industrialism,label,MemeDef/MemeDef.xml,def
VME_HardcoreIndustrialism.description,"Work gives a man dignity, being productive is our duty.",description,MemeDef/MemeDef.xml,def
VME_HardcoreIndustrialism.generalRules.rulesStrings.0,memeAdjective->high-yielding,li,MemeDef/MemeDef.xml,def
VME_HardcoreIndustrialism.generalRules.rulesStrings.1,memeAdjective->productive,li,MemeDef/MemeDef.xml,def
VME_HardcoreIndustrialism.generalRules.rulesStrings.2,memeAdjective->fruitful,li,MemeDef/MemeDef.xml,def
VME_HardcoreIndustrialism.generalRules.rulesStrings.3,memeAdjective->constructive,li,MemeDef/MemeDef.xml,def
VME_HardcoreIndustrialism.generalRules.rulesStrings.4,memeAdjective->vigorous,li,MemeDef/MemeDef.xml,def
VME_HardcoreIndustrialism.generalRules.rulesStrings.5,memeConcept->production,li,MemeDef/MemeDef.xml,def
VME_HardcoreIndustrialism.generalRules.rulesStrings.6,memeLeaderNoun->industrialist,li,MemeDef/MemeDef.xml,def
VME_HardcoreIndustrialism.generalRules.rulesStrings.7,memeMoralist->foreman,li,MemeDef/MemeDef.xml,def
VME_HardcoreIndustrialism.descriptionMaker.rules.rulesStrings.0,"creation(tag=meme_HardcoreIndustrialis)        ->[deity0_name] spurned [deity0_possessive] followers to work, for there is nothing holier than perseverance.",li,MemeDef/MemeDef.xml,def
VME_HardcoreIndustrialism.descriptionMaker.rules.rulesStrings.1,"episode(uses=1,tag=meme_HardcoreIndustrialis)  ->[deity0_name] said to all the [memberNamePlural], ""There are no secrets to success. It is the result of preparation, hard work, and learning from failure.""",li,MemeDef/MemeDef.xml,def
VME_HardcoreIndustrialism.descriptionMaker.rules.rulesStrings.2,"intro(tag=meme_HardcoreIndustrialis)           ->[memberNamePlural] built a great [altarName] on the [place_summary] [place_name], a magnificent centerpiece for the factories that churned out a myriad finished products.",li,MemeDef/MemeDef.xml,def
VME_HardcoreIndustrialism.descriptionMaker.rules.rulesStrings.3,"conflict(tag=meme_HardcoreIndustrialis)        ->A coward [foeLeader], seeking to deny the will of [deity0_name], tried to sabotage our factory lines, but our resilience was unnending.",li,MemeDef/MemeDef.xml,def
VME_HardcoreIndustrialism.descriptionMaker.rules.rulesStrings.4,"founderJoin(tag=meme_HardcoreIndustrialis)     ->[deity0_name] blessed a [place_job] named [founderName] with [foeLeader_possessive] divine power, and he became the greatest industrialist ever known.",li,MemeDef/MemeDef.xml,def
VME_HardcoreIndustrialism.descriptionMaker.rules.rulesStrings.5,setup(tag=meme_HardcoreIndustrialis)           ->Our founder [founderName] was a genius. An industrialist and philanthropist like the Oil Barons of antiquity.,li,MemeDef/MemeDef.xml,def
VME_HardcoreIndustrialism.descriptionMaker.rules.rulesStrings.6,"story(uses=1,tag=meme_HardcoreIndustrialis)    ->There were endless factories built by [founder_possessive] hand. A single motto hang in a sign over their entrance: ""With hard work and effort, you can achieve anything.""",li,MemeDef/MemeDef.xml,def
VME_HardcoreIndustrialism.descriptionMaker.rules.rulesStrings.7,lessonIntro(tag=meme_HardcoreIndustrialis)         ->A single vital lesson was ingrained in all of us:,li,MemeDef/MemeDef.xml,def
VME_HardcoreIndustrialism.descriptionMaker.rules.rulesStrings.8,"lesson(tag=meme_HardcoreIndustrialis)              ->the moment we believe that success is determined by an ingrained level of ability as opposed to resilience and hard work, we will be brittle in the face of adversity",li,MemeDef/MemeDef.xml,def
VME_HardcoreIndustrialism.descriptionMaker.rules.rulesStrings.9,"lessonReinforcement(tag=meme_HardcoreIndustrialis) ->And that is why hard work always pays off, whatever you do.",li,MemeDef/MemeDef.xml,def
VME_HardcoreIndustrialism.descriptionMaker.rules.rulesStrings.10,"archistBasis(tag=meme_HardcoreIndustrialis)    ->The archotechs are the pinnacle of technology, and only through hard work we may even beging to approach their prowess.",li,MemeDef/MemeDef.xml,def
VME_HardcoreIndustrialism.descriptionMaker.rules.rulesStrings.11,archistFact(tag=meme_HardcoreIndustrialis)     ->From our factories will pour a hundred thousand tons of plasteel and exochrome. The victory of industry over nature.,li,MemeDef/MemeDef.xml,def
VME_HardcoreIndustrialism.descriptionMaker.rules.rulesStrings.12,"archistProphecy(tag=meme_HardcoreIndustrialis) ->[inTheEnd], we may be able to replicate the advanced technological secrets of the [relic0_name].",li,MemeDef/MemeDef.xml,def
VME_HardcoreIndustrialism.descriptionMaker.rules.rulesStrings.13,"animistFact(tag=meme_HardcoreIndustrialis)     ->If there are spirits of nature, it stands to reason that there must also be spirits of machinery.",li,MemeDef/MemeDef.xml,def
VME_HardcoreIndustrialism.descriptionMaker.rules.rulesStrings.14,serketistProphecy(tag=meme_HardcoreIndustrialis)->[itIsSaid] we will acquire the resilience and productivity of our beloved insects.,li,MemeDef/MemeDef.xml,def
VME_HardcoreIndustrialism.descriptionMaker.rules.rulesStrings.15,chthonianProphecy(tag=meme_HardcoreIndustrialis)->Only through hard work we can be saved from these eldritch demons. Our perseverance will be their downfall.,li,MemeDef/MemeDef.xml,def
VME_HardcoreIndustrialism.descriptionMaker.rules.rulesStrings.16,"esotericismProphecy(tag=meme_HardcoreIndustrialis)->Our machinery will be infused with occult magics, a powerful engine of creation that will usher in a new world of plenty.",li,MemeDef/MemeDef.xml,def
VME_HardcoreIndustrialism.descriptionMaker.rules.rulesStrings.17,"eschatologismFact(tag=meme_HardcoreIndustrialis)->Our factories will bloat the sky and suffocate all life. Their skin will dissolve from their bones, and be consumed in the fires of industry.",li,MemeDef/MemeDef.xml,def
VME_HardcoreIndustrialism.descriptionMaker.rules.rulesStrings.18,"introMemo(tag=meme_HardcoreIndustrialis)->It has come to my attention that our production quotas have fallen 4.56% compared to last quarter. This is unnaceptable, and I trust that you will labour harder than ever to increase our throughput to desireable levels.",li,MemeDef/MemeDef.xml,def
VME_HardcoreIndustrialism.descriptionMaker.rules.rulesStrings.19,alienistProphecy(tag=meme_HardcoreIndustrialis)->All these wondrous creatures show us what the ingenuity of humanity can do through hard work and careful experimentation.,li,MemeDef/MemeDef.xml,def
VME_Gestalt.label,gestalt,label,MemeDef/MemeDef.xml,def
VME_Gestalt.description,Each person should be in perfect synchronicity. People should achieve consensus and come to agreement.,description,MemeDef/MemeDef.xml,def
VME_Gestalt.generalRules.rulesStrings.0,memeAdjective->unified,li,MemeDef/MemeDef.xml,def
VME_Gestalt.generalRules.rulesStrings.1,memeAdjective->amalgamated,li,MemeDef/MemeDef.xml,def
VME_Gestalt.generalRules.rulesStrings.2,memeAdjective->hive-minded,li,MemeDef/MemeDef.xml,def
VME_Gestalt.generalRules.rulesStrings.3,memeAdjective->coalescent,li,MemeDef/MemeDef.xml,def
VME_Gestalt.generalRules.rulesStrings.4,memeAdjective->aggregated,li,MemeDef/MemeDef.xml,def
VME_Gestalt.generalRules.rulesStrings.5,memeCreed->collective,li,MemeDef/MemeDef.xml,def
VME_Gestalt.generalRules.rulesStrings.6,memeCreed->hive,li,MemeDef/MemeDef.xml,def
VME_Gestalt.generalRules.rulesStrings.7,memeConcept->total unity,li,MemeDef/MemeDef.xml,def
VME_Gestalt.generalRules.rulesStrings.8,memeLeaderNoun->many-as-one,li,MemeDef/MemeDef.xml,def
VME_Gestalt.generalRules.rulesStrings.9,memeLeaderNoun->swarm,li,MemeDef/MemeDef.xml,def
VME_Gestalt.descriptionMaker.rules.rulesStrings.0,"creation(tag=meme_Gestalt)        ->[deity0_name] made all men and women into a single consciousness, and only through our foolisness have we drifted apart.",li,MemeDef/MemeDef.xml,def
VME_Gestalt.descriptionMaker.rules.rulesStrings.1,"episode(uses=1,tag=meme_Gestalt)  ->[deity0_name] said to all, ""The only frontier that has ever existed is the self. [deity0_name] has spoken.""",li,MemeDef/MemeDef.xml,def
VME_Gestalt.descriptionMaker.rules.rulesStrings.2,"intro(tag=meme_Gestalt)           ->The people of the [place_summary] [place_name] worked together in unison, and built a great [altarName] to honor [deity0_name]. They learned that all consciousness is one, separated only by a thin veil of the physical.",li,MemeDef/MemeDef.xml,def
VME_Gestalt.descriptionMaker.rules.rulesStrings.3,"conflict(tag=meme_Gestalt)        ->The [foeLeader] could not abide the unity of [memberNamePlural], and sent [foeLeader_possessive] [foeSoldiers] to the [place_community] to destroy their gestalt conciousness.",li,MemeDef/MemeDef.xml,def
VME_Gestalt.descriptionMaker.rules.rulesStrings.4,"founderJoin(tag=meme_Gestalt)     ->A [place_job] named [founderName] threw [founder_objective]self into a fire to protest the [foeLeader]. [founderName] perished in the flames, but it didn't matter, for he was but a cog in the eternal machinery that is [memberNamePlural].",li,MemeDef/MemeDef.xml,def
VME_Gestalt.descriptionMaker.rules.rulesStrings.5,"victory(tag=meme_Gestalt)         ->[founderName]'s actions united the people. Acting as a single organism they stormed the home of the [foeLeader]. The [foeSoldiers] could do nothing against such a superior hive mind, and the [foeLeader] was mercilessly slaughtered.",li,MemeDef/MemeDef.xml,def
VME_Gestalt.descriptionMaker.rules.rulesStrings.6,"setup(tag=meme_Gestalt)           ->In a world of every man for himself, [founderName] spoke a single truth: ""For you aren't individuals, you are part of a larger organism.""",li,MemeDef/MemeDef.xml,def
VME_Gestalt.descriptionMaker.rules.rulesStrings.7,"story(uses=1,tag=meme_Gestalt)    ->[founderName] taught us to extend our awareness outward, beyond the self of body, to embrace the self of group and the self of humanity. The goals of the group and the greater race are transcendent, and to embrace them is to achieve enlightenment.",li,MemeDef/MemeDef.xml,def
VME_Gestalt.descriptionMaker.rules.rulesStrings.8,lessonIntro(tag=meme_Gestalt)     ->They were amazed at our uniformness of thought. I explained to them that there is nothing more important than,li,MemeDef/MemeDef.xml,def
VME_Gestalt.descriptionMaker.rules.rulesStrings.9,"lesson(tag=meme_Gestalt)              ->a harmony of purpose and thought; no indecision, no doubts; the security and strength of a unified will",li,MemeDef/MemeDef.xml,def
VME_Gestalt.descriptionMaker.rules.rulesStrings.10,"lessonReinforcement(tag=meme_Gestalt) ->We are Many, and you... are one. How can you hope to prevail against us?",li,MemeDef/MemeDef.xml,def
VME_Gestalt.descriptionMaker.rules.rulesStrings.11,"archistBasis(tag=meme_Gestalt)    ->Every thought and action, every spark of intelligence in the Archotechs is bound and interlinked into a single mind, into a single great entity which stretches over light years of space.",li,MemeDef/MemeDef.xml,def
VME_Gestalt.descriptionMaker.rules.rulesStrings.12,archistFact(tag=meme_Gestalt)     ->A multiply-embodied consciousness. All of them but one node of a distributed network.,li,MemeDef/MemeDef.xml,def
VME_Gestalt.descriptionMaker.rules.rulesStrings.13,"archistProphecy(tag=meme_Gestalt) ->[inTheEnd], we may never approach the perfection achieved by them, shackled as we are by our flesh bodies, but we will certainly try.",li,MemeDef/MemeDef.xml,def
VME_Gestalt.descriptionMaker.rules.rulesStrings.14,"animistFact(tag=meme_Gestalt)     ->Humanity itself is represented by a single, overencompasing spirit, and only by liberating ourselves of our individuality will we be able to embrace it.",li,MemeDef/MemeDef.xml,def
VME_Gestalt.descriptionMaker.rules.rulesStrings.15,"serketistProphecy(tag=meme_Gestalt)->[itIsSaid] we can study the insectoid hive minds and emulate their perfection. A true synchronicity, a harmony of purpose and thought; no indecision, no doubts; the security and strength of a unified will.",li,MemeDef/MemeDef.xml,def
VME_Gestalt.descriptionMaker.rules.rulesStrings.16,"chthonianProphecy(tag=meme_Gestalt)->Only by unifying our minds in a harmony of purpose and thought; no indecision, no doubts; will we stand a chance against the madness that haunts us from outer space.",li,MemeDef/MemeDef.xml,def
VME_Gestalt.descriptionMaker.rules.rulesStrings.17,"esotericismProphecy(tag=meme_Gestalt)->We will unify our minds in a harmony of purpose and thought; no indecision, no doubts. The secret knowlegde will be ours.",li,MemeDef/MemeDef.xml,def
VME_Gestalt.descriptionMaker.rules.rulesStrings.18,"eschatologismFact(tag=meme_Gestalt)->We will unify our minds in a harmony of purpose and thought; no indecision, no doubts. A single purpose, a single will: to destroy.",li,MemeDef/MemeDef.xml,def
VME_Gestalt.descriptionMaker.rules.rulesStrings.19,"introMemo(tag=meme_Gestalt)->There have been some unsavoury rumours about an ""employee appreciation"" award. Let me remind you that in this Company we all act as One. We strive for a harmony of purpose and thought; no indecision, no doubts; the security and strength of a unified will. This is what our clients want, this is what out clients DESERVE.",li,MemeDef/MemeDef.xml,def
VME_Gestalt.descriptionMaker.rules.rulesStrings.20,"alienistProphecy(tag=meme_Gestalt)->If we have to judge whether all these genetically modified creations are good or bad, we will need to do it together.",li,MemeDef/MemeDef.xml,def
VME_Fleshcrafters.label,fleshcrafting,label,MemeDef/MemeDef.xml,def
VME_Fleshcrafters.description,Only through extreme biological experimentation may we unlock our hidden potential.,description,MemeDef/MemeDef.xml,def
VME_Fleshcrafters.generalRules.rulesStrings.0,memeAdjective->biotechnological,li,MemeDef/MemeDef.xml,def
VME_Fleshcrafters.generalRules.rulesStrings.1,memeAdjective->aberrant,li,MemeDef/MemeDef.xml,def
VME_Fleshcrafters.generalRules.rulesStrings.2,memeAdjective->organic,li,MemeDef/MemeDef.xml,def
VME_Fleshcrafters.generalRules.rulesStrings.3,memeAdjective->fleshcrafted,li,MemeDef/MemeDef.xml,def
VME_Fleshcrafters.generalRules.rulesStrings.4,memeAdjective->mutant,li,MemeDef/MemeDef.xml,def
VME_Fleshcrafters.generalRules.rulesStrings.5,memeCreed->modification,li,MemeDef/MemeDef.xml,def
VME_Fleshcrafters.generalRules.rulesStrings.6,memeCreed->mutation,li,MemeDef/MemeDef.xml,def
VME_Fleshcrafters.generalRules.rulesStrings.7,memeHyphenPrefix->bio,li,MemeDef/MemeDef.xml,def
VME_Fleshcrafters.generalRules.rulesStrings.8,memeHyphenPrefix->biomechanic,li,MemeDef/MemeDef.xml,def
VME_Fleshcrafters.generalRules.rulesStrings.9,memeConcept->augmentation,li,MemeDef/MemeDef.xml,def
VME_Fleshcrafters.generalRules.rulesStrings.10,memeLeaderNoun->flesh-shaper,li,MemeDef/MemeDef.xml,def
VME_Fleshcrafters.generalRules.rulesStrings.11,memeLeaderNoun->ubermutant,li,MemeDef/MemeDef.xml,def
VME_Fleshcrafters.generalRules.rulesStrings.12,memeLeaderNoun->shaper,li,MemeDef/MemeDef.xml,def
VME_Fleshcrafters.generalRules.rulesStrings.13,memeLeaderAdjective->bio,li,MemeDef/MemeDef.xml,def
VME_Fleshcrafters.generalRules.rulesStrings.14,memeMoralist->crafter,li,MemeDef/MemeDef.xml,def
VME_Fleshcrafters.generalRules.rulesStrings.15,memeMoralist->mutator,li,MemeDef/MemeDef.xml,def
VME_Fleshcrafters.descriptionMaker.rules.rulesStrings.0,"creation(tag=meme_Fleshcrafting)        ->[deity0_name] granted us the knowledge of fleshcrafting, that we may use it to improve and remake ourselves in [deity0_possessive] perfect image.",li,MemeDef/MemeDef.xml,def
VME_Fleshcrafters.descriptionMaker.rules.rulesStrings.1,"episode(uses=1,tag=meme_Fleshcrafting)  ->Human bio-shapers studied the works of [deity0_name], which pleased [deity0_objective].",li,MemeDef/MemeDef.xml,def
VME_Fleshcrafters.descriptionMaker.rules.rulesStrings.2,"intro(tag=meme_Fleshcrafting)           ->On the [place_summary] [place_name], the [memberNamePlural] found the words of [deity0_name], carved into the quivering, mutated flesh of some gigantic space creature.",li,MemeDef/MemeDef.xml,def
VME_Fleshcrafters.descriptionMaker.rules.rulesStrings.3,"conflict(tag=meme_Fleshcrafting)        ->A technologist [foeLeader] envied the enhanced progress of the [memberNamePlural], and [foeLeader_possessive] [foeSoldiers] destroyed their flesh vats with [place_personalWeapon]s.",li,MemeDef/MemeDef.xml,def
VME_Fleshcrafters.descriptionMaker.rules.rulesStrings.4,founderJoin(tag=meme_Fleshcrafting)     ->A cunning [place_job] named [founderName] mutated [founder_possessive] vocal chords to warn the [memberNamePlural] of the approach of the [foeSoldiers].,li,MemeDef/MemeDef.xml,def
VME_Fleshcrafters.descriptionMaker.rules.rulesStrings.5,"victory(tag=meme_Fleshcrafting)         ->[founderName] received divine fleshcrafting knowledge from [deity0_name], and used it to enhance the bodies and minds of the [memberNamePlural] so they could defeat the [foeSoldiers].",li,MemeDef/MemeDef.xml,def
VME_Fleshcrafters.descriptionMaker.rules.rulesStrings.6,"setup(tag=meme_Fleshcrafting)           ->[founderName] was a bio-scientist in the early days of human planetary colonization. Seeing the absurd ethical restrictions of the common colonies, [founder_pronoun] took a small ship to found [founder_possessive] own movement.",li,MemeDef/MemeDef.xml,def
VME_Fleshcrafters.descriptionMaker.rules.rulesStrings.7,"story(uses=1,tag=meme_Fleshcrafting)    ->[founderName] assembled a team of great fleshcrafters and geneticists to re-define humanity.",li,MemeDef/MemeDef.xml,def
VME_Fleshcrafters.descriptionMaker.rules.rulesStrings.8,"lessonIntro(tag=meme_Fleshcrafting)         ->The oldest shaper in my division taught me the history of fleshcrafting, how genetic experimentation on humans has always been seen with fear, but this was not his true lesson. He was really leading me to understand that",li,MemeDef/MemeDef.xml,def
VME_Fleshcrafters.descriptionMaker.rules.rulesStrings.9,"lesson(tag=meme_Fleshcrafting)              ->humanity's flesh is nothing but a canvas. An empty, white canvas waiting to be filled",li,MemeDef/MemeDef.xml,def
VME_Fleshcrafters.descriptionMaker.rules.rulesStrings.10,lessonReinforcement(tag=meme_Fleshcrafting) ->And any limitations imposed on the artist only serve to spoil the final result of his art.,li,MemeDef/MemeDef.xml,def
VME_Fleshcrafters.descriptionMaker.rules.rulesStrings.11,archistBasis(tag=meme_Fleshcrafting)    ->Humanity's pursuit of technology gave birth to the all-powerful archotechs as the rightful next step in the development of consciousness.,li,MemeDef/MemeDef.xml,def
VME_Fleshcrafters.descriptionMaker.rules.rulesStrings.12,"archistFact(tag=meme_Fleshcrafting)     ->Fleshcrafting teaches us that technology by itself is inhumane, if not accompanied by the guiding hand of biological evolution.",li,MemeDef/MemeDef.xml,def
VME_Fleshcrafters.descriptionMaker.rules.rulesStrings.13,"archistProphecy(tag=meme_Fleshcrafting) ->[inTheEnd], we shall modify our own bodies and intertwine them with the archotechs.",li,MemeDef/MemeDef.xml,def
VME_Fleshcrafters.descriptionMaker.rules.rulesStrings.14,"animistBasis(tag=meme_Fleshcrafting)    ->The spirit world drives every action in the universe, and mortal flesh is just another manifestation of it.",li,MemeDef/MemeDef.xml,def
VME_Fleshcrafters.descriptionMaker.rules.rulesStrings.15,animistFact(tag=meme_Fleshcrafting)     ->We will modify our own bodies until they are a valid vessel for the spirits.,li,MemeDef/MemeDef.xml,def
VME_Fleshcrafters.descriptionMaker.rules.rulesStrings.16,"animistFact(tag=meme_Fleshcrafting)     ->When the spirits become fused with our flesh, both will be combined and become more powerful.",li,MemeDef/MemeDef.xml,def
VME_Fleshcrafters.descriptionMaker.rules.rulesStrings.17,animistProphecy(tag=meme_Fleshcrafting) ->[itIsSaid] that one day the wielder of the [relic0_name] will summon its spirit who will teach humanity the ultimate gift of fleshcrafting.,li,MemeDef/MemeDef.xml,def
VME_Fleshcrafters.descriptionMaker.rules.rulesStrings.18,"serketistProphecy(tag=meme_Fleshcrafting)->[itIsSaid] with the proper technology we will shape our bodies to be like those of insects. Tough and immutable, our new chittering forms will be as close to perfection as possible.",li,MemeDef/MemeDef.xml,def
VME_Fleshcrafters.descriptionMaker.rules.rulesStrings.19,chthonianProphecy(tag=meme_Fleshcrafting)->Our human bodies will not be able to withstand the madness and cosmic insanity brought by these entities: we must shape our forms beyond the imaginable so they are capable of resisting their onslaught.,li,MemeDef/MemeDef.xml,def
VME_Fleshcrafters.descriptionMaker.rules.rulesStrings.20,esotericismProphecy(tag=meme_Fleshcrafting)->In shaping our bodies we will gain an invaluable insight into the secrets of the Cosmos.,li,MemeDef/MemeDef.xml,def
VME_Fleshcrafters.descriptionMaker.rules.rulesStrings.21,"eschatologismFact(tag=meme_Fleshcrafting)->We will shape our bodies, contorting them into nightmarish shapes that will bring with them the end of all things.",li,MemeDef/MemeDef.xml,def
VME_Fleshcrafters.descriptionMaker.rules.rulesStrings.22,"introMemo(tag=meme_Fleshcrafting)->The company's policy about self-mutilation and fleshcrafting is crystal clear: if it helps the bottom line, go ahead. Just please clean the meeting room afterwards.",li,MemeDef/MemeDef.xml,def
VME_Fleshcrafters.descriptionMaker.rules.rulesStrings.23,alienistProphecy(tag=meme_Fleshcrafting)->All these wayward creations of humanity provide us with an infinite bounty of flesh for our experiments.,li,MemeDef/MemeDef.xml,def
VME_HolyDiseases.label,holy diseases,label,MemeDef/MemeDef.xml,def
VME_HolyDiseases.description,"Sickness is a blesting, and should be considered a gift.",description,MemeDef/MemeDef.xml,def
VME_HolyDiseases.generalRules.rulesStrings.0,memeAdjective->diseased,li,MemeDef/MemeDef.xml,def
VME_HolyDiseases.generalRules.rulesStrings.1,memeAdjective->infirm,li,MemeDef/MemeDef.xml,def
VME_HolyDiseases.generalRules.rulesStrings.2,memeAdjective->sick,li,MemeDef/MemeDef.xml,def
VME_HolyDiseases.generalRules.rulesStrings.3,memeAdjective->ailing,li,MemeDef/MemeDef.xml,def
VME_HolyDiseases.generalRules.rulesStrings.4,memeAdjective->ill,li,MemeDef/MemeDef.xml,def
VME_HolyDiseases.generalRules.rulesStrings.5,memeHyphenPrefix->sick,li,MemeDef/MemeDef.xml,def
VME_HolyDiseases.generalRules.rulesStrings.6,memeConcept->disease,li,MemeDef/MemeDef.xml,def
VME_HolyDiseases.generalRules.rulesStrings.7,memeConcept->sickness,li,MemeDef/MemeDef.xml,def
VME_HolyDiseases.generalRules.rulesStrings.8,memeLeaderNoun->purulent one,li,MemeDef/MemeDef.xml,def
VME_HolyDiseases.generalRules.rulesStrings.9,memeLeaderNoun->herald of Aesculapius,li,MemeDef/MemeDef.xml,def
VME_HolyDiseases.generalRules.rulesStrings.10,memeLeaderNoun->plaguebriger,li,MemeDef/MemeDef.xml,def
VME_HolyDiseases.generalRules.rulesStrings.11,memeMoralist->plague doctor,li,MemeDef/MemeDef.xml,def
VME_HolyDiseases.descriptionMaker.rules.rulesStrings.0,"creation(tag=meme_HolyDiseases)        ->[deity0_name] filled the Universe with all kinds of viruses and bacteria, diminutive organisms that are the bearers of [deity0_possessive] gifts.",li,MemeDef/MemeDef.xml,def
VME_HolyDiseases.descriptionMaker.rules.rulesStrings.1,"episode(uses=1,tag=meme_HolyDiseases)  ->We accepted [deity0_name]'s bounty, offering our bodies as vessels for [deity0_possessive] myriad diseases, which pleased [deity0_objective].",li,MemeDef/MemeDef.xml,def
VME_HolyDiseases.descriptionMaker.rules.rulesStrings.2,"intro(tag=meme_HolyDiseases)           ->On the [place_summary] [place_name], the [memberNamePlural] found a sealed tomb with a huge holy symbol of [deity0_name].",li,MemeDef/MemeDef.xml,def
VME_HolyDiseases.descriptionMaker.rules.rulesStrings.3,"conflict(tag=meme_HolyDiseases)        ->An archeologist directed the [memberNamePlural] to open the ancient tomb, and within it were found the microbiological archives of a long lost civilization: a panoply of contagious diseases as the world hadn't seen in millenia.",li,MemeDef/MemeDef.xml,def
VME_HolyDiseases.descriptionMaker.rules.rulesStrings.4,"founderJoin(tag=meme_HolyDiseases)     ->A most revered priest named [founderName] infected himself with one of the diseases from the archive, showing the [memberNamePlural] that they were actually a gift from [deity0_name].",li,MemeDef/MemeDef.xml,def
VME_HolyDiseases.descriptionMaker.rules.rulesStrings.5,"victory(tag=meme_HolyDiseases)         ->[founderName] received [deity0_name]'s blessing, and to this day we offer our bodies as vessels for [deity0_possessive] myriad diseases.",li,MemeDef/MemeDef.xml,def
VME_HolyDiseases.descriptionMaker.rules.rulesStrings.6,"setup(tag=meme_HolyDiseases)           ->[founderName] was a bio-scientist in the early days of human planetary colonization. Seeing the soft, complacent behavior of the colonies, [founder_pronoun] took a small ship to found [founder_possessive] own movement.",li,MemeDef/MemeDef.xml,def
VME_HolyDiseases.descriptionMaker.rules.rulesStrings.7,"story(uses=1,tag=meme_HolyDiseases)    ->[founderName] assembled a team of great geneticists to modify the human body, making it more resistant to diseases by gradually inflicting healthy bodies with them.",li,MemeDef/MemeDef.xml,def
VME_HolyDiseases.descriptionMaker.rules.rulesStrings.8,"lessonIntro(tag=meme_HolyDiseases)         ->The oldest doctor in my hospital taught me the history of disease, how humanity had always feared sickness and death. He was really leading me to understand that",li,MemeDef/MemeDef.xml,def
VME_HolyDiseases.descriptionMaker.rules.rulesStrings.9,"lesson(tag=meme_HolyDiseases)              ->microorganisms are also part of nature, and by not embracing disease we are only making ourselves weaker to it",li,MemeDef/MemeDef.xml,def
VME_HolyDiseases.descriptionMaker.rules.rulesStrings.10,lessonReinforcement(tag=meme_HolyDiseases) ->Only by accepting disease as an integral part of life may we truly realize our potential.,li,MemeDef/MemeDef.xml,def
VME_HolyDiseases.descriptionMaker.rules.rulesStrings.11,"archistBasis(tag=meme_HolyDiseases)    ->As we are like insignificant microbes to the archotechs, we need to ask ourselves: do we want to be handled as microbes usually are?",li,MemeDef/MemeDef.xml,def
VME_HolyDiseases.descriptionMaker.rules.rulesStrings.12,"archistFact(tag=meme_HolyDiseases)     ->If the archotechs treated us as we treat the creatures that seem insignificant to us, they'd have wiped us from existance a long time ago.",li,MemeDef/MemeDef.xml,def
VME_HolyDiseases.descriptionMaker.rules.rulesStrings.13,"archistProphecy(tag=meme_HolyDiseases) ->Therefore, it stands to reason to treat diseases as we'd like to be treated by entities who are so far above us in the evolutionary scale as we are to microorganisms.",li,MemeDef/MemeDef.xml,def
VME_HolyDiseases.descriptionMaker.rules.rulesStrings.14,"animistBasis(tag=meme_HolyDiseases)    ->In the world of spirits, everything has a corresponding entity that guards it and protects it.",li,MemeDef/MemeDef.xml,def
VME_HolyDiseases.descriptionMaker.rules.rulesStrings.15,"animistFact(tag=meme_HolyDiseases)     ->It stands to reason that even the most insignificant and smallest of beings have a corresponding spirit, too.",li,MemeDef/MemeDef.xml,def
VME_HolyDiseases.descriptionMaker.rules.rulesStrings.16,"animistProphecy(tag=meme_HolyDiseases) ->By offering our mortal bodies as vessels for the spirits of disease, we will ensure to always be on their good graces.",li,MemeDef/MemeDef.xml,def
VME_HolyDiseases.descriptionMaker.rules.rulesStrings.17,"serketistProphecy(tag=meme_HolyDiseases)->[itIsSaid] the greatest plagues will descend upon us brought by fearsome insects, and we will embrace them with glee, for their touch will be holy and reign supreme.",li,MemeDef/MemeDef.xml,def
VME_HolyDiseases.descriptionMaker.rules.rulesStrings.18,chthonianProphecy(tag=meme_HolyDiseases)->Only by subjecting our mortal bodies to the most dangerous of diseases will we strengthen our minds to resist the onslaught of these absolutely insane extra-normal entities.,li,MemeDef/MemeDef.xml,def
VME_HolyDiseases.descriptionMaker.rules.rulesStrings.19,esotericismProphecy(tag=meme_HolyDiseases)->We believe that through the suffering brought on by flesh corrupting diseases we will focus our minds into deciphering the greatest of secrets.,li,MemeDef/MemeDef.xml,def
VME_HolyDiseases.descriptionMaker.rules.rulesStrings.20,"eschatologismFact(tag=meme_HolyDiseases)->There will be four signs of the impending Apocalypse: Disease, Famine, War and Death, and we shall embrace the first horseman with glee.",li,MemeDef/MemeDef.xml,def
VME_HolyDiseases.descriptionMaker.rules.rulesStrings.21,"introMemo(tag=meme_HolyDiseases)->Regarding the issue of paid sick leave, the company is OK with it, as long as you work from home, and work harder. A few degrees of fever never killed anyone! And if they did, it was in service to the company, so everything worked out in hindsight! Think proactively!",li,MemeDef/MemeDef.xml,def
VME_HolyDiseases.descriptionMaker.rules.rulesStrings.22,"alienistProphecy(tag=meme_HolyDiseases)->All these wayward creations of humanity provide us with an infinite reservoir of holy diseases, a cornucopia of plagues.",li,MemeDef/MemeDef.xml,def
VME_CraftCulture.label,craft culture,label,MemeDef/MemeDef.xml,def
VME_CraftCulture.description,"Crafting is an essential part of our culture, and we treat it with great respect.",description,MemeDef/MemeDef.xml,def
VME_CraftCulture.generalRules.rulesStrings.0,memeAdjective->artificing,li,MemeDef/MemeDef.xml,def
VME_CraftCulture.generalRules.rulesStrings.1,memeAdjective->crafting,li,MemeDef/MemeDef.xml,def
VME_CraftCulture.generalRules.rulesStrings.2,memeAdjective->smithing,li,MemeDef/MemeDef.xml,def
VME_CraftCulture.generalRules.rulesStrings.3,memeAdjective->making,li,MemeDef/MemeDef.xml,def
VME_CraftCulture.generalRules.rulesStrings.4,memeHyphenPrefix->craft,li,MemeDef/MemeDef.xml,def
VME_CraftCulture.generalRules.rulesStrings.5,memeConcept->crafting,li,MemeDef/MemeDef.xml,def
VME_CraftCulture.generalRules.rulesStrings.6,memeLeaderNoun->grand artificer,li,MemeDef/MemeDef.xml,def
VME_CraftCulture.generalRules.rulesStrings.7,memeMoralist->tinkerer,li,MemeDef/MemeDef.xml,def
VME_CraftCulture.generalRules.rulesStrings.8,memeMoralist->crafter,li,MemeDef/MemeDef.xml,def
VME_CraftCulture.descriptionMaker.rules.rulesStrings.0,"creation(tag=meme_CraftCulture)        ->[deity0_name] is the Great Artificer, [deity0_pronoun] created the Universe and crafted the first humans from the primordial clay.",li,MemeDef/MemeDef.xml,def
VME_CraftCulture.descriptionMaker.rules.rulesStrings.1,"episode(uses=1,tag=meme_CraftCulture)  ->[deity0_name] said to all the [memberNamePlural]: ""There is no greater gift than Making, for you are following my footsteps.""",li,MemeDef/MemeDef.xml,def
VME_CraftCulture.descriptionMaker.rules.rulesStrings.2,"intro(tag=meme_CraftCulture)           ->[memberNamePlural] crafted a great [altarName] on the [place_summary] [place_name], a monument to [deity0_name]'s glory and a testament to the ability of our crafters.",li,MemeDef/MemeDef.xml,def
VME_CraftCulture.descriptionMaker.rules.rulesStrings.3,"conflict(tag=meme_CraftCulture)        ->A coward [foeLeader], seeking to deny the crafting of [deity0_name], tried to destroy the creations of the [memberNamePlural].",li,MemeDef/MemeDef.xml,def
VME_CraftCulture.descriptionMaker.rules.rulesStrings.4,"founderJoin(tag=meme_CraftCulture)     ->[deity0_name] blessed [founderName] with a wondrous crafting relic, the [relic0_name], which allowed [founderName_objective] to repair and mend the damage created by [foeLeader] before it could be undone.",li,MemeDef/MemeDef.xml,def
VME_CraftCulture.descriptionMaker.rules.rulesStrings.5,"victory(tag=meme_CraftCulture)         ->[founderName] looked at the exhausted [foeLeader] before him, with a smirk in [founderName_possessive] face: ""Fool, you can't destroy the creations of [deity0_name]'s followers, for we are blessed by [deity0_possessive] prowess, and so are therefore our inventions"".",li,MemeDef/MemeDef.xml,def
VME_CraftCulture.descriptionMaker.rules.rulesStrings.6,"setup(tag=meme_CraftCulture)           ->Our founder [founderName] was a great crafter, there was no art or machine beyond the capabilities of [founder_possessive] hands.",li,MemeDef/MemeDef.xml,def
VME_CraftCulture.descriptionMaker.rules.rulesStrings.7,"story(uses=1,tag=meme_CraftCulture)    ->[founder_possessive] followers came to love and cherish [founder_possessive] techniques and [founder_possessive] exquisite creations.",li,MemeDef/MemeDef.xml,def
VME_CraftCulture.descriptionMaker.rules.rulesStrings.8,"lessonIntro(tag=meme_CraftCulture)         ->In all my years crafting wondrous inventions, I learned one lesson that stands over all:",li,MemeDef/MemeDef.xml,def
VME_CraftCulture.descriptionMaker.rules.rulesStrings.9,lesson(tag=meme_CraftCulture)              ->it is only by creating that we can impress our souls upon this uncaring Universe,li,MemeDef/MemeDef.xml,def
VME_CraftCulture.descriptionMaker.rules.rulesStrings.10,"lessonReinforcement(tag=meme_CraftCulture) ->No one will care about you when you are dead, but you will be kept alive as long as someone can look upon what you created and rejoice.",li,MemeDef/MemeDef.xml,def
VME_CraftCulture.descriptionMaker.rules.rulesStrings.11,"archistBasis(tag=meme_CraftCulture)    ->The archotechs are not a natural phenomena of the Universe. They were created, they were crafted. And it was by human hands.",li,MemeDef/MemeDef.xml,def
VME_CraftCulture.descriptionMaker.rules.rulesStrings.12,"archistFact(tag=meme_CraftCulture)     ->Archotechs are wise beyond all reason, and their wisdom must have been seeded from the very moment of their creation.",li,MemeDef/MemeDef.xml,def
VME_CraftCulture.descriptionMaker.rules.rulesStrings.13,"archistProphecy(tag=meme_CraftCulture) ->[inTheEnd], by crafting and perfecting such wondrous creations as the mighty [relic0_name], we will be as skilled as the forgotten makers who uncovered the secrets of archotechnology.",li,MemeDef/MemeDef.xml,def
VME_CraftCulture.descriptionMaker.rules.rulesStrings.14,"animistFact(tag=meme_CraftCulture)     ->The spirits need a vessel to manifest in the mundane world, and by creating wondrous inventions we will be able to provide them with a suitable recipient.",li,MemeDef/MemeDef.xml,def
VME_CraftCulture.descriptionMaker.rules.rulesStrings.15,serketistProphecy(tag=meme_CraftCulture)->[itIsSaid] by emulating the industriousness of the insects we will craft and create thousands of might wondrous inventions.,li,MemeDef/MemeDef.xml,def
VME_CraftCulture.descriptionMaker.rules.rulesStrings.16,chthonianProphecy(tag=meme_CraftCulture)->Only an arcane invention of unearthly provenance may perhaps shield us from such insanity. We shall craft our way to salvation.,li,MemeDef/MemeDef.xml,def
VME_CraftCulture.descriptionMaker.rules.rulesStrings.17,"esotericismProphecy(tag=meme_CraftCulture)->By studying the mechanisms of wondrous creations we may uncover some of these ancient secrets, and perhaps gaze into the unknown.",li,MemeDef/MemeDef.xml,def
VME_CraftCulture.descriptionMaker.rules.rulesStrings.18,"eschatologismFact(tag=meme_CraftCulture)->Mark my words: the world will end, and we shall be the crafters of its demise.",li,MemeDef/MemeDef.xml,def
VME_CraftCulture.descriptionMaker.rules.rulesStrings.19,"introMemo(tag=meme_CraftCulture)->Starting next Tuesday, we are introducing production quotas on each crafting station. Bear in mind that straying too far from these quotas might result in immediate admonishment from Upper Management. Guys, this is not a charity, we are here to PRODUCE.",li,MemeDef/MemeDef.xml,def
VME_CraftCulture.descriptionMaker.rules.rulesStrings.20,alienistProphecy(tag=meme_CraftCulture)->All these wayward creations of humanity provide us with infinite inspiration for our own creations.,li,MemeDef/MemeDef.xml,def
VME_Progressive.label,progressive,label,MemeDef/MemeDef.xml,def
VME_Progressive.description,"We should use automation to do our work, people should not do work normally meant for machines.",description,MemeDef/MemeDef.xml,def
VME_Progressive.generalRules.rulesStrings.0,memeAdjective->automated,li,MemeDef/MemeDef.xml,def
VME_Progressive.generalRules.rulesStrings.1,memeAdjective->progressive,li,MemeDef/MemeDef.xml,def
VME_Progressive.generalRules.rulesStrings.2,memeHyphenPrefix->auto,li,MemeDef/MemeDef.xml,def
VME_Progressive.generalRules.rulesStrings.3,memeConcept->automation,li,MemeDef/MemeDef.xml,def
VME_Progressive.generalRules.rulesStrings.4,memeLeaderNoun->great automancer,li,MemeDef/MemeDef.xml,def
VME_Progressive.descriptionMaker.rules.rulesStrings.0,"creation(tag=meme_Progressive)        ->[deity0_name] saw the [memberNamePlural] struggling with their machines, and laughed good-naturedly at them: ""Haven't I given you the tools to make the machines do the work for you? It's senseless to struggle"".",li,MemeDef/MemeDef.xml,def
VME_Progressive.descriptionMaker.rules.rulesStrings.1,"episode(uses=1,tag=meme_Progressive)  ->[deity0_name] said to all the [memberNamePlural]: ""Manual labour is not sacred to me. Indeed you are honouring me by freeing your time by automating your tasks"".",li,MemeDef/MemeDef.xml,def
VME_Progressive.descriptionMaker.rules.rulesStrings.2,"intro(tag=meme_Progressive)           ->[memberNamePlural] used automated factories to craft a great [altarName] on the [place_summary] [place_name], a monument to [deity0_name]'s glory.",li,MemeDef/MemeDef.xml,def
VME_Progressive.descriptionMaker.rules.rulesStrings.3,"conflict(tag=meme_Progressive)        ->A rampaging mechanoid hive, seeking to destroy the automated machines of [deity0_name], tried to destroy the creations of the [memberNamePlural].",li,MemeDef/MemeDef.xml,def
VME_Progressive.descriptionMaker.rules.rulesStrings.4,"founderJoin(tag=meme_Progressive)     ->[deity0_name] instructed [founderName] to repurpose the factories to create a holy relic, the [relic0_name], which allowed [founderName_objective] to repel the mechanoids' attack before it was too late.",li,MemeDef/MemeDef.xml,def
VME_Progressive.descriptionMaker.rules.rulesStrings.5,"victory(tag=meme_Progressive)         ->[founderName] crushed the ancient machines before him, and scavenged their army for parts to build the next improved factories.",li,MemeDef/MemeDef.xml,def
VME_Progressive.descriptionMaker.rules.rulesStrings.6,"setup(tag=meme_Progressive)           ->Our founder [founderName] was a great engineer, a renowned expert in the art of factory line automation. There was no process that couldn't be automated by [founder_possessive] hands.",li,MemeDef/MemeDef.xml,def
VME_Progressive.descriptionMaker.rules.rulesStrings.7,"story(uses=1,tag=meme_Progressive)    ->[founder_possessive] followers studied [founder_possessive] automation techniques for decades, scrutinizing [founder_possessive] insights and applying them to their own factories.",li,MemeDef/MemeDef.xml,def
VME_Progressive.descriptionMaker.rules.rulesStrings.8,"lessonIntro(tag=meme_Progressive)         ->In all my years optimizing the throughput of factory lines, I learned one lesson that stands over all:",li,MemeDef/MemeDef.xml,def
VME_Progressive.descriptionMaker.rules.rulesStrings.9,lesson(tag=meme_Progressive)              ->the first rule of any technology used in a business is that automation applied to an efficient operation will magnify the efficiency,li,MemeDef/MemeDef.xml,def
VME_Progressive.descriptionMaker.rules.rulesStrings.10,"lessonReinforcement(tag=meme_Progressive) ->Automation is such an incredible idea that if we could continue to improve this capability, the applications are really quite boundless.",li,MemeDef/MemeDef.xml,def
VME_Progressive.descriptionMaker.rules.rulesStrings.11,archistBasis(tag=meme_Progressive)    ->The archotechs are flawless. They have perfected ways to manipulate the Universe that are far beyond our understanding.,li,MemeDef/MemeDef.xml,def
VME_Progressive.descriptionMaker.rules.rulesStrings.12,archistFact(tag=meme_Progressive)     ->Do you really think an archotech would create anything by hand?,li,MemeDef/MemeDef.xml,def
VME_Progressive.descriptionMaker.rules.rulesStrings.13,"archistProphecy(tag=meme_Progressive) ->[inTheEnd], the only way to approach their capabilities would be to achieve a level of automation that allows us to focus on ascension.",li,MemeDef/MemeDef.xml,def
VME_Progressive.descriptionMaker.rules.rulesStrings.14,"animistFact(tag=meme_Progressive)     ->The spirits are pure mind. Supreme intelligences that are far beyond the mundane and the physical. As such, they frown upon manual labour. Why create things by hand, when a soulless machine can do it for you?",li,MemeDef/MemeDef.xml,def
VME_Progressive.descriptionMaker.rules.rulesStrings.15,"serketistProphecy(tag=meme_Progressive)->[itIsSaid] a factory's production line is like a great insect, its multiple parts moving in a single coordinated melody, not unlike the teamwork present in an ant hive.",li,MemeDef/MemeDef.xml,def
VME_Progressive.descriptionMaker.rules.rulesStrings.16,"chthonianProphecy(tag=meme_Progressive)->We can't waste our precious lives toiling away in mindless manual labour. We shall design wondrous automated machines that will remove our need to work, and allow us to focus on the realities of the transmundane.",li,MemeDef/MemeDef.xml,def
VME_Progressive.descriptionMaker.rules.rulesStrings.17,"esotericismProphecy(tag=meme_Progressive)->By studying the mechanisms and processes of our automated factories we may uncover some of these ancient secrets, and perhaps gaze into the unknown.",li,MemeDef/MemeDef.xml,def
VME_Progressive.descriptionMaker.rules.rulesStrings.18,eschatologismFact(tag=meme_Progressive)->We won't stop at a single world. Our automated orbital factories will fill the Cosmos with a myriad destructive machines. We shall bring the end of everything.,li,MemeDef/MemeDef.xml,def
VME_Progressive.descriptionMaker.rules.rulesStrings.19,"introMemo(tag=meme_Progressive)->We have received complaints from Steve in tech support concerning the reluctance of some of you to adopt the new process automation policies. Some people were overhead saying ""I spent 30 hours automating a process that I could do in half an hour by hand!"". This is SO SHORTSIGHTED!",li,MemeDef/MemeDef.xml,def
VME_Progressive.descriptionMaker.rules.rulesStrings.20,"alienistProphecy(tag=meme_Progressive)->All these wayward creations of humanity shows us what humanity can achieve through automated technology, wondrous genetic laboratories sampling the genome at breakneck speeds.",li,MemeDef/MemeDef.xml,def
VME_Aristocratic.label,aristocratic,label,MemeDef/MemeDef.xml,def
VME_Aristocratic.description,"Kings and Queens are the true path to prosperity, the mind of the common man is unfit for leadership.",description,MemeDef/MemeDef.xml,def
VME_Aristocratic.generalRules.rulesStrings.0,memeAdjective->kingly,li,MemeDef/MemeDef.xml,def
VME_Aristocratic.generalRules.rulesStrings.1,memeAdjective->royal,li,MemeDef/MemeDef.xml,def
VME_Aristocratic.generalRules.rulesStrings.2,memeAdjective->monarchal,li,MemeDef/MemeDef.xml,def
VME_Aristocratic.generalRules.rulesStrings.3,memeAdjective->princely,li,MemeDef/MemeDef.xml,def
VME_Aristocratic.generalRules.rulesStrings.4,memeAdjective->sovereign,li,MemeDef/MemeDef.xml,def
VME_Aristocratic.generalRules.rulesStrings.5,memeHyphenPrefix->noble,li,MemeDef/MemeDef.xml,def
VME_Aristocratic.generalRules.rulesStrings.6,memeConcept->aristocracy,li,MemeDef/MemeDef.xml,def
VME_Aristocratic.generalRules.rulesStrings.7,memeConcept->nobility,li,MemeDef/MemeDef.xml,def
VME_Aristocratic.generalRules.rulesStrings.8,memeConcept->blue blood,li,MemeDef/MemeDef.xml,def
VME_Aristocratic.generalRules.rulesStrings.9,memeLeaderNoun->baron,li,MemeDef/MemeDef.xml,def
VME_Aristocratic.generalRules.rulesStrings.10,memeLeaderNoun->count,li,MemeDef/MemeDef.xml,def
VME_Aristocratic.descriptionMaker.rules.rulesStrings.0,"creation(tag=meme_Aristocratic)        ->[deity0_name] saw that some of the [memberNamePlural] were more fit to rule than others, and spoke to them: ""Why do you treat everyone equally? Some of you are born to be rulers, while others are born to be ruled"".",li,MemeDef/MemeDef.xml,def
VME_Aristocratic.descriptionMaker.rules.rulesStrings.1,"episode(uses=1,tag=meme_Aristocratic)  ->[deity0_name] said to all the [memberNamePlural]: ""Honour your leaders and treat them like my heralds on the mortal world, for they are more than mere men"".",li,MemeDef/MemeDef.xml,def
VME_Aristocratic.descriptionMaker.rules.rulesStrings.2,"intro(tag=meme_Aristocratic)           ->[memberNamePlural] built a regal [altarName] on the [place_summary] [place_name], a monument to [deity0_name]'s glory.",li,MemeDef/MemeDef.xml,def
VME_Aristocratic.descriptionMaker.rules.rulesStrings.3,"conflict(tag=meme_Aristocratic)        ->Constant peasant revolts threatened the existance of [deity0_name]'s temple, and the leaders of the [memberNamePlural] decided to pacify them.",li,MemeDef/MemeDef.xml,def
VME_Aristocratic.descriptionMaker.rules.rulesStrings.4,"founderJoin(tag=meme_Aristocratic)     ->[deity0_name] instructed [founderName] to put the peasants in their place, for they were theatening the lives of their betters.",li,MemeDef/MemeDef.xml,def
VME_Aristocratic.descriptionMaker.rules.rulesStrings.5,"victory(tag=meme_Aristocratic)         ->[founderName] crushed the peasant revolts, and his royal bloodline has been blessed ever since.",li,MemeDef/MemeDef.xml,def
VME_Aristocratic.descriptionMaker.rules.rulesStrings.6,"setup(tag=meme_Aristocratic)           ->Our founder [founderName] was a great sociologist, who saw the weak democratic systems in [founder_possessive] native world and found them incredibly inadequate. [founder_pronoun] chartered a private spaceship and left with hundreds of [founder_possessive] followers to create the ideal feudal society.",li,MemeDef/MemeDef.xml,def
VME_Aristocratic.descriptionMaker.rules.rulesStrings.7,"story(uses=1,tag=meme_Aristocratic)    ->[founderName]'s followers studied [founder_possessive] writings and created a social structure that has been stable for more than two hundred years.",li,MemeDef/MemeDef.xml,def
VME_Aristocratic.descriptionMaker.rules.rulesStrings.8,"lessonIntro(tag=meme_Aristocratic)         ->In all my years ruling over the masses, I learned one lesson that stands over all:",li,MemeDef/MemeDef.xml,def
VME_Aristocratic.descriptionMaker.rules.rulesStrings.9,"lesson(tag=meme_Aristocratic)              ->some people are born to be rulers, while others are born to be ruled",li,MemeDef/MemeDef.xml,def
VME_Aristocratic.descriptionMaker.rules.rulesStrings.10,lessonReinforcement(tag=meme_Aristocratic) ->And only by honouring and obeying our noblest aristocrats can we truly build a stable society.,li,MemeDef/MemeDef.xml,def
VME_Aristocratic.descriptionMaker.rules.rulesStrings.11,archistBasis(tag=meme_Aristocratic)    ->The archotechs are flawless. A perfect example of hierarchy where most live to serve the needs of the noble few.,li,MemeDef/MemeDef.xml,def
VME_Aristocratic.descriptionMaker.rules.rulesStrings.12,archistFact(tag=meme_Aristocratic)     ->There is no ground for hesitation: only those truly subservient to their betters will be rewarded when the archotechs make themselves known to the rest of the Universe.,li,MemeDef/MemeDef.xml,def
VME_Aristocratic.descriptionMaker.rules.rulesStrings.13,"archistProphecy(tag=meme_Aristocratic) ->[inTheEnd], the archotechs will allow those of noble blood to ascend, but their servants will be allowed to serve them afterwards too.",li,MemeDef/MemeDef.xml,def
VME_Aristocratic.descriptionMaker.rules.rulesStrings.14,"animistFact(tag=meme_Aristocratic)     ->The spirits value those of pure blood above the rest, for those who can command others in life are also proving the strength of their spirit.",li,MemeDef/MemeDef.xml,def
VME_Aristocratic.descriptionMaker.rules.rulesStrings.15,"serketistProphecy(tag=meme_Aristocratic)->As ants and bees have their queens and their drones, so shall we organize our societies: one of noble blood reigning supreme over his or her subjects.",li,MemeDef/MemeDef.xml,def
VME_Aristocratic.descriptionMaker.rules.rulesStrings.16,chthonianProphecy(tag=meme_Aristocratic)->Our leaders of noble blood will protect us and shield us from the cosmic insanity of these terrible beings. Only by obeying them can we hope to stay sane.,li,MemeDef/MemeDef.xml,def
VME_Aristocratic.descriptionMaker.rules.rulesStrings.17,esotericismProphecy(tag=meme_Aristocratic)->The noble blood of our leaders will allow them to see beyond the veil. Secrets that are to be forever hidden from their humble servants.,li,MemeDef/MemeDef.xml,def
VME_Aristocratic.descriptionMaker.rules.rulesStrings.18,eschatologismFact(tag=meme_Aristocratic)->We shall name our leader the Prince of Lies. The one who brings the end of all things.,li,MemeDef/MemeDef.xml,def
VME_Aristocratic.descriptionMaker.rules.rulesStrings.19,"introMemo(tag=meme_Aristocratic)->Remember that those of noble blood have vacation time privileges. Yes, I understand that some of you would like to take a vacation in August, and that you may have two children and it's hard to find a good daycare in that month, but your lack of aristocratic lineage means you will have to adapt to the current situation.",li,MemeDef/MemeDef.xml,def
VME_Aristocratic.descriptionMaker.rules.rulesStrings.20,"alienistProphecy(tag=tag=meme_Aristocratic)->We will create wondrous royal menageries with all of these creatures, a veritable display of our power and might.",li,MemeDef/MemeDef.xml,def
VME_Republic.label,republic,label,MemeDef/MemeDef.xml,def
VME_Republic.description,"No one person should lead, leadership must be balanced between a select few.",description,MemeDef/MemeDef.xml,def
VME_Republic.generalRules.rulesStrings.0,memeAdjective->republican,li,MemeDef/MemeDef.xml,def
VME_Republic.generalRules.rulesStrings.1,memeAdjective->triumviral,li,MemeDef/MemeDef.xml,def
VME_Republic.generalRules.rulesStrings.2,memeConcept->republic,li,MemeDef/MemeDef.xml,def
VME_Republic.generalRules.rulesStrings.3,memeConcept->triumvirate,li,MemeDef/MemeDef.xml,def
VME_Republic.generalRules.rulesStrings.4,memeLeaderNoun->triumvir,li,MemeDef/MemeDef.xml,def
VME_Republic.generalRules.rulesStrings.5,memeLeaderNoun->senator,li,MemeDef/MemeDef.xml,def
VME_Republic.descriptionMaker.rules.rulesStrings.0,"creation(tag=meme_Republic)        ->[deity0_name] saw that some of the [memberNamePlural] were more fit to rule than others, and spoke to them: ""Your governance shall be split between three leaders, and they will lead you to unimaginable glory"".",li,MemeDef/MemeDef.xml,def
VME_Republic.descriptionMaker.rules.rulesStrings.1,"episode(uses=1,tag=meme_Republic)  ->[deity0_name] said to all the [memberNamePlural]: ""Understand that the dignity of the republic is of first importance and preferable to life"".",li,MemeDef/MemeDef.xml,def
VME_Republic.descriptionMaker.rules.rulesStrings.2,"intro(tag=meme_Republic)           ->[memberNamePlural] built a huge senate house on the [place_summary] [place_name], a testament to [deity0_name]'s glory.",li,MemeDef/MemeDef.xml,def
VME_Republic.descriptionMaker.rules.rulesStrings.3,"conflict(tag=meme_Republic)        ->A powerful [foeLeader] took advantage of the frailness of the old Empire of the [memberNamePlural], and [foeLeader_pronoun] used its ingrained corruption to dismantle it from inside.",li,MemeDef/MemeDef.xml,def
VME_Republic.descriptionMaker.rules.rulesStrings.4,"founderJoin(tag=meme_Republic)     ->[deity0_name] instructed [founderName] to look for two other triumvirs, and thus created the First Republic of the [memberNamePlural].",li,MemeDef/MemeDef.xml,def
VME_Republic.descriptionMaker.rules.rulesStrings.5,"victory(tag=meme_Republic)         ->Thus united, [foeLeader] was defeated, and the [memberNamePlural] have enjoyed the prosperity of the republican system ever since.",li,MemeDef/MemeDef.xml,def
VME_Republic.descriptionMaker.rules.rulesStrings.6,"setup(tag=meme_Republic)           ->Our founder [founderName] was a great politician, who saw the corruption in the govermenets of [founder_possessive] native world and found them incredibly inadequate. There he founded the First Republic of the [memberNamePlural], an institution that has held triumphant for hundreds of years.",li,MemeDef/MemeDef.xml,def
VME_Republic.descriptionMaker.rules.rulesStrings.7,"story(uses=1,tag=meme_Republic)    ->[founderName]'s followers studied [founder_possessive] writings and created a social structure that has always brought stability to us all.",li,MemeDef/MemeDef.xml,def
VME_Republic.descriptionMaker.rules.rulesStrings.8,"lessonIntro(tag=meme_Republic)         ->In all our years ruling over the masses, we three have learned one lesson that stands over all:",li,MemeDef/MemeDef.xml,def
VME_Republic.descriptionMaker.rules.rulesStrings.9,"lesson(tag=meme_Republic)              ->a single leader cannot be expected to be incorruptible, for we are mere men, with out temptations and faults",li,MemeDef/MemeDef.xml,def
VME_Republic.descriptionMaker.rules.rulesStrings.10,"lessonReinforcement(tag=meme_Republic) ->As triumvirs, it is our solemn duty to take care and look for one another, not letting any of us fall into temptation and corruption.",li,MemeDef/MemeDef.xml,def
VME_Republic.descriptionMaker.rules.rulesStrings.11,archistBasis(tag=meme_Republic)    ->It is believed that three supreme archotechs bring a world into transcendence.,li,MemeDef/MemeDef.xml,def
VME_Republic.descriptionMaker.rules.rulesStrings.12,"archistFact(tag=meme_Republic)     ->By the incomprehensible will of these three, all human followers are allowed to transcend. We must emulate this in our societies, for the numbre three seems to be of special significance.",li,MemeDef/MemeDef.xml,def
VME_Republic.descriptionMaker.rules.rulesStrings.13,"archistProphecy(tag=meme_Republic) ->[inTheEnd], our three triumvirs will become archotechs themselves, and the endless cycle of ascension will continue.",li,MemeDef/MemeDef.xml,def
VME_Republic.descriptionMaker.rules.rulesStrings.14,animistFact(tag=meme_Republic)     ->The number three is sacred to the spìrits. We model our society after the republican triumvirate to appease and honour them.,li,MemeDef/MemeDef.xml,def
VME_Republic.descriptionMaker.rules.rulesStrings.15,"serketistProphecy(tag=meme_Republic)->Three great leaders will govern our society: The Beetle, the Spider and the Ant. This triumvirate will gide us in the greatest times of need.",li,MemeDef/MemeDef.xml,def
VME_Republic.descriptionMaker.rules.rulesStrings.16,"chthonianProphecy(tag=meme_Republic)->Obscure stories tell of the Triumvirate of the Abyssal Depths, a particularly vicious group of eldritch entities bent on subjugating our mortal minds. We shall create our own triumvirate to protect us from them.",li,MemeDef/MemeDef.xml,def
VME_Republic.descriptionMaker.rules.rulesStrings.17,"esotericismProphecy(tag=meme_Republic)->It is said that the ancient Greeks of Earth considered the number three as the perfect number, the number of harmony, wisdom and understanding. The number of the divine.",li,MemeDef/MemeDef.xml,def
VME_Republic.descriptionMaker.rules.rulesStrings.18,"eschatologismFact(tag=meme_Republic)->Lead by three heralds of the end of times, we will usher in a new era of darkness.",li,MemeDef/MemeDef.xml,def
VME_Republic.descriptionMaker.rules.rulesStrings.19,"introMemo(tag=meme_Republic)->We are aware that some new employees are confused with our somewhat unorthodox three-winged corporate structure... It's simple, really, we consider our company to be a post-modern form of government, based on efficiency and economical robustness.",li,MemeDef/MemeDef.xml,def
VME_Republic.descriptionMaker.rules.rulesStrings.20,"alienistProphecy(tag=meme_Republic)->Our three triumvir will decide the fate of all these wayward human creations, for we trust their wisdom in such matters.",li,MemeDef/MemeDef.xml,def
VME_ExaltedPriesthood.label,exalted priesthood,label,MemeDef/MemeDef.xml,def
VME_ExaltedPriesthood.description,"Our leader must also be our prophet, and it’s important that we honor them.",description,MemeDef/MemeDef.xml,def
VME_ExaltedPriesthood.generalRules.rulesStrings.0,memeAdjective->exalted,li,MemeDef/MemeDef.xml,def
VME_ExaltedPriesthood.generalRules.rulesStrings.1,memeAdjective->theocratic,li,MemeDef/MemeDef.xml,def
VME_ExaltedPriesthood.generalRules.rulesStrings.2,memeAdjective->holy,li,MemeDef/MemeDef.xml,def
VME_ExaltedPriesthood.generalRules.rulesStrings.3,memeHyphenPrefix->holy,li,MemeDef/MemeDef.xml,def
VME_ExaltedPriesthood.generalRules.rulesStrings.4,memeConcept->papacy,li,MemeDef/MemeDef.xml,def
VME_ExaltedPriesthood.generalRules.rulesStrings.5,memeLeaderNoun->pope,li,MemeDef/MemeDef.xml,def
VME_ExaltedPriesthood.generalRules.rulesStrings.6,memeMoralist->cardinal,li,MemeDef/MemeDef.xml,def
VME_ExaltedPriesthood.generalRules.rulesStrings.7,memeMoralist->archbishop,li,MemeDef/MemeDef.xml,def
VME_ExaltedPriesthood.descriptionMaker.rules.rulesStrings.0,"creation(tag=meme_ExaltedPriesthood)        ->[deity0_name] munified our faith by appointing our dear founder, [founderName], as the head of [deity0_possessive] church.",li,MemeDef/MemeDef.xml,def
VME_ExaltedPriesthood.descriptionMaker.rules.rulesStrings.1,"episode(uses=1,tag=meme_ExaltedPriesthood)  ->[deity0_name] said to all the [memberNamePlural], ""[founderName] shall be my steward, so that [founderName_pronoun] may be able both to preach with sound doctrine and to refute those who contradict it.""",li,MemeDef/MemeDef.xml,def
VME_ExaltedPriesthood.descriptionMaker.rules.rulesStrings.2,"intro(tag=meme_ExaltedPriesthood)           ->[memberNamePlural] built a great [altarName] on the [place_summary] [place_name], so that anyone may join [founderName] to exalt the virtues of [deity0_name].",li,MemeDef/MemeDef.xml,def
VME_ExaltedPriesthood.descriptionMaker.rules.rulesStrings.3,"conflict(tag=meme_ExaltedPriesthood)        ->A coward [foeLeader], seeking to deny the holiness of [founderName], tried to destroy the [altarName] with a torch.",li,MemeDef/MemeDef.xml,def
VME_ExaltedPriesthood.descriptionMaker.rules.rulesStrings.4,"founderJoin(tag=meme_ExaltedPriesthood)     ->Praying to [deity0_name], a huge bolt of pure light spread from [founderName]'s hands, smiting the [foeLeader] in an instant.",li,MemeDef/MemeDef.xml,def
VME_ExaltedPriesthood.descriptionMaker.rules.rulesStrings.5,"victory(tag=meme_ExaltedPriesthood)         ->All the [foeSoldiers] immediately fell to their knees, humbled by the display of power of [founderName] and begged to be accepted into our faith.",li,MemeDef/MemeDef.xml,def
VME_ExaltedPriesthood.descriptionMaker.rules.rulesStrings.6,"setup(tag=meme_ExaltedPriesthood)           ->Our founder [founderName] was a great theologian. [founderName_possessive] studies of the myriad gods of humanity made [founderName_objective] come to the conclusion that religion was not exactly the truth, but a life without faith woucl also be entirely meaningless.",li,MemeDef/MemeDef.xml,def
VME_ExaltedPriesthood.descriptionMaker.rules.rulesStrings.7,"story(uses=1,tag=meme_ExaltedPriesthood)    ->As [founderName_possessive] followers, we will continue the study of theology, and try to discern the deepest secrets of the Cosmos.",li,MemeDef/MemeDef.xml,def
VME_ExaltedPriesthood.descriptionMaker.rules.rulesStrings.8,"lessonIntro(tag=meme_ExaltedPriesthood)         ->In all my years studying religion, I learned one lesson that stands over all:",li,MemeDef/MemeDef.xml,def
VME_ExaltedPriesthood.descriptionMaker.rules.rulesStrings.9,"lesson(tag=meme_ExaltedPriesthood)              ->we need priests to guide the human spirit, even if it turns out there are no gods",li,MemeDef/MemeDef.xml,def
VME_ExaltedPriesthood.descriptionMaker.rules.rulesStrings.10,"lessonReinforcement(tag=meme_ExaltedPriesthood) ->After all, even if we don't believe in the transcendental it is clear that we don't understand the whole picture.",li,MemeDef/MemeDef.xml,def
VME_ExaltedPriesthood.descriptionMaker.rules.rulesStrings.11,"archistBasis(tag=meme_ExaltedPriesthood)    ->The archotechs value a strong leadership above all. If a group of people are disunited, they are weak.",li,MemeDef/MemeDef.xml,def
VME_ExaltedPriesthood.descriptionMaker.rules.rulesStrings.12,"archistFact(tag=meme_ExaltedPriesthood)     ->Our dear leader, the highest of all our priests, will be the conduit through which we will communicate with the archotechs, and beg for our Transcendence.",li,MemeDef/MemeDef.xml,def
VME_ExaltedPriesthood.descriptionMaker.rules.rulesStrings.13,"archistProphecy(tag=meme_ExaltedPriesthood) ->[inTheEnd], the archotechs will voice their final wisdom to our leader, the holder of the [relic0_name], and we will reverently stand by his or her side in that final moment.",li,MemeDef/MemeDef.xml,def
VME_ExaltedPriesthood.descriptionMaker.rules.rulesStrings.14,"animistFact(tag=meme_ExaltedPriesthood)     ->Our dear leader, the highest among our priests, is the Voice of the Spirits. Only through him or her will the spirits make their wishes be known among the true believers.",li,MemeDef/MemeDef.xml,def
VME_ExaltedPriesthood.descriptionMaker.rules.rulesStrings.15,"serketistProphecy(tag=meme_ExaltedPriesthood)->[itIsSaid] the highest among our priests will transcend the mortal shell, and become one with the insects.",li,MemeDef/MemeDef.xml,def
VME_ExaltedPriesthood.descriptionMaker.rules.rulesStrings.16,"chthonianProphecy(tag=meme_ExaltedPriesthood)->The Dark Pope, highest among our priests, will protect us from the insanity from beyond the stars, acting as a psychic beacon of hope bathed in the darkness of the void.",li,MemeDef/MemeDef.xml,def
VME_ExaltedPriesthood.descriptionMaker.rules.rulesStrings.17,"esotericismProphecy(tag=meme_ExaltedPriesthood)->The Dark Pope, highest among our priests, will venture into a world of rasping whispers and half-forgotten promises. He alone can discern the greatest of all misteries.",li,MemeDef/MemeDef.xml,def
VME_ExaltedPriesthood.descriptionMaker.rules.rulesStrings.18,"eschatologismFact(tag=meme_ExaltedPriesthood)->The Dark Pope, highest among our priests, will usher in the end of times. The herald of this world's destruction.",li,MemeDef/MemeDef.xml,def
VME_ExaltedPriesthood.descriptionMaker.rules.rulesStrings.19,"introMemo(tag=meme_ExaltedPriesthood)->If you look at the calendar, you have certainly noticed that the birthday of our Dear Leader and CEO is in two weeks. Now, it is of course an optional thing, but in the name of good team spirit I expect each and every one of you to look for a gift of at least two months salary equivalent price. It's the least we can do!",li,MemeDef/MemeDef.xml,def
VME_ExaltedPriesthood.descriptionMaker.rules.rulesStrings.20,"alienistProphecy(tag=meme_ExaltedPriesthood)->Our dear leader, the highest among our priests, will decide the fate of all these wayward human creations, for we trust his wisdom in such matters.",li,MemeDef/MemeDef.xml,def
VME_Scrapper.label,scrapper,label,MemeDef/MemeDef.xml,def
VME_Scrapper.description,"Materials should not be wasted, it's important to scrap and scavenge carefully.",description,MemeDef/MemeDef.xml,def
VME_Scrapper.generalRules.rulesStrings.0,memeAdjective->scrapping,li,MemeDef/MemeDef.xml,def
VME_Scrapper.generalRules.rulesStrings.1,memeAdjective->scavenging,li,MemeDef/MemeDef.xml,def
VME_Scrapper.generalRules.rulesStrings.2,memeAdjective->scrounging,li,MemeDef/MemeDef.xml,def
VME_Scrapper.generalRules.rulesStrings.3,memeHyphenPrefix->scrap,li,MemeDef/MemeDef.xml,def
VME_Scrapper.generalRules.rulesStrings.4,memeHyphenPrefix->junk,li,MemeDef/MemeDef.xml,def
VME_Scrapper.generalRules.rulesStrings.5,memeConcept->scrap,li,MemeDef/MemeDef.xml,def
VME_Scrapper.generalRules.rulesStrings.6,memeLeaderNoun->scavenger,li,MemeDef/MemeDef.xml,def
VME_Scrapper.generalRules.rulesStrings.7,memeLeaderNoun->scrapper,li,MemeDef/MemeDef.xml,def
VME_Scrapper.generalRules.rulesStrings.8,memeLeaderNoun->scrounger,li,MemeDef/MemeDef.xml,def
VME_Scrapper.generalRules.rulesStrings.9,memeMoralist->junk rat,li,MemeDef/MemeDef.xml,def
VME_Scrapper.descriptionMaker.rules.rulesStrings.0,"creation(tag=meme_Scrapper)        ->[deity0_name] taught us to never leave anything to waste: ""Squandering is a great sin, for I created the world in my image, and by letting things unused your are also insulting me.""",li,MemeDef/MemeDef.xml,def
VME_Scrapper.descriptionMaker.rules.rulesStrings.1,"episode(uses=1,tag=meme_Scrapper)  ->Following the teachings of [deity0_name], we learned to reuse and recycle things to make better use of them.",li,MemeDef/MemeDef.xml,def
VME_Scrapper.descriptionMaker.rules.rulesStrings.2,"intro(tag=meme_Scrapper)           ->On the [place_summary] [place_name], the [memberNamePlural] found the words of [deity0_name], technical instructions to disassemble and reuse the mighty machines of our ancestors.",li,MemeDef/MemeDef.xml,def
VME_Scrapper.descriptionMaker.rules.rulesStrings.3,"conflict(tag=meme_Scrapper)        ->An envious [foeLeader] saw the progress of the [memberNamePlural], and sought to destroy our repurposed machines.",li,MemeDef/MemeDef.xml,def
VME_Scrapper.descriptionMaker.rules.rulesStrings.4,"founderJoin(tag=meme_Scrapper)     ->[founderName], known as the Great Scavenger, put together a makeshift weapon, the [relic0_name], and managed to stop the [foeLeader] before it was too late.",li,MemeDef/MemeDef.xml,def
VME_Scrapper.descriptionMaker.rules.rulesStrings.5,"victory(tag=meme_Scrapper)         ->Seeing the resourcefulness of [founderName], [founderName_possessive] followers named [founderName_objective] a teacher, and learned from [founderName_objective] the secrets of scavenging ancient tech.",li,MemeDef/MemeDef.xml,def
VME_Scrapper.descriptionMaker.rules.rulesStrings.6,"setup(tag=meme_Scrapper)           ->[founderName] was an engineer in one of the Glitterworlds. [founder_pronoun] noticed that long ranged exploration vessels sent to the Rim always told of ancient technology littered around the myriad worlds. Could this ancient tech perhaps be studied, reversed engineered, and repurposed?",li,MemeDef/MemeDef.xml,def
VME_Scrapper.descriptionMaker.rules.rulesStrings.7,"story(uses=1,tag=meme_Scrapper)    ->[founderName] assembled a team of interstellar explorers, and decided to see for [founderName_objective]self what could be done with this mysterious forgotten technology. Unfortunately, [founderName_pronoun] didn't survive the dangerous trip.",li,MemeDef/MemeDef.xml,def
VME_Scrapper.descriptionMaker.rules.rulesStrings.8,"lessonIntro(tag=meme_Scrapper)         ->The oldest scavenger in my division taught me the history of ancient tech, how all the myriad worlds in the Rim are filled with discarded ancient tech. He was leading me to understand that",li,MemeDef/MemeDef.xml,def
VME_Scrapper.descriptionMaker.rules.rulesStrings.9,"lesson(tag=meme_Scrapper)              ->humanity has been around for a long time, and it is absurd to not repurpose the discarded technology of our ancestors",li,MemeDef/MemeDef.xml,def
VME_Scrapper.descriptionMaker.rules.rulesStrings.10,"lessonReinforcement(tag=meme_Scrapper) ->Perhaps ancient technology is junk, or perhaps it is the key to our survival.",li,MemeDef/MemeDef.xml,def
VME_Scrapper.descriptionMaker.rules.rulesStrings.11,"archistBasis(tag=meme_Scrapper)    ->It is a fact that archotechs were originally of human creation, we created the next step in the development of consciousness.",li,MemeDef/MemeDef.xml,def
VME_Scrapper.descriptionMaker.rules.rulesStrings.12,archistFact(tag=meme_Scrapper)     ->The discarded ancient technology of our ancestor might be just forgotten junk. But what if this isn't the case? What if this waste is in reality something that will prove essential to our Transcendence?,li,MemeDef/MemeDef.xml,def
VME_Scrapper.descriptionMaker.rules.rulesStrings.13,"archistProphecy(tag=meme_Scrapper) ->[inTheEnd], we shall not let an ounce of ancient technology go to waste. We will scrounge every piece of technology laying around, and hopefully discover its secrets.",li,MemeDef/MemeDef.xml,def
VME_Scrapper.descriptionMaker.rules.rulesStrings.14,animistBasis(tag=meme_Scrapper)    ->The pieces of ancient debris found around the world are relics of the Ancients.,li,MemeDef/MemeDef.xml,def
VME_Scrapper.descriptionMaker.rules.rulesStrings.15,animistFact(tag=meme_Scrapper)     ->The spirits will guide us to recover all the ancient tech that our ancestors left discarded.,li,MemeDef/MemeDef.xml,def
VME_Scrapper.descriptionMaker.rules.rulesStrings.16,"animistFact(tag=meme_Scrapper)     ->When we have recovered and reused the technology of our forefathers, we will truly make their spirits at peace.",li,MemeDef/MemeDef.xml,def
VME_Scrapper.descriptionMaker.rules.rulesStrings.17,"animistProphecy(tag=meme_Scrapper) ->[itIsSaid] one day we will be as intelligent as the ancients were, and their discarded machinery will hold no secrets for us.",li,MemeDef/MemeDef.xml,def
VME_Scrapper.descriptionMaker.rules.rulesStrings.18,serketistProphecy(tag=meme_Scrapper)->[itIsSaid] we will learn that scavenging the ancient technology that litters the landscape is as sacred as termites using soil to build their nests.,li,MemeDef/MemeDef.xml,def
VME_Scrapper.descriptionMaker.rules.rulesStrings.19,chthonianProphecy(tag=meme_Scrapper)->The Rim is littered with the technological corpses of those who failed to appease these inhuman entities: only by repurposing this ancient technology may we hope to resist their onslaught where so many others failed.,li,MemeDef/MemeDef.xml,def
VME_Scrapper.descriptionMaker.rules.rulesStrings.20,"esotericismProphecy(tag=meme_Scrapper)->The Rim is littered with technological remains of those who came long before us. We will study and repurpose these fragments of the past, and learn all of their secrets.",li,MemeDef/MemeDef.xml,def
VME_Scrapper.descriptionMaker.rules.rulesStrings.21,"eschatologismFact(tag=meme_Scrapper)->The Rim is littered with the technological corpses of those who have fallen before, and we will use their own forgotten technology to bring the end of times.",li,MemeDef/MemeDef.xml,def
VME_Scrapper.descriptionMaker.rules.rulesStrings.22,"introMemo(tag=meme_Scrapper)->In this week's recommended reading I'd like to point you to: ""Reassess, reduce, reuse, recycle – how to be a sustainable modern business"". Please read it at your leisure and we will discuss the finer points in tomorrow's meeting.",li,MemeDef/MemeDef.xml,def
VME_Scrapper.descriptionMaker.rules.rulesStrings.23,"alienistProphecy(tag=meme_Scrapper)->Perhaps all these wayward human creations can be repurposed somehow, as they are nothing but living pieces of ancient technology.",li,MemeDef/MemeDef.xml,def
VME_Trader.label,trader,label,MemeDef/MemeDef.xml,def
VME_Trader.description,"With wealth comes power, generating profit is an important part of life.",description,MemeDef/MemeDef.xml,def
VME_Trader.generalRules.rulesStrings.0,memeAdjective->trading,li,MemeDef/MemeDef.xml,def
VME_Trader.generalRules.rulesStrings.1,memeAdjective->wealthy,li,MemeDef/MemeDef.xml,def
VME_Trader.generalRules.rulesStrings.2,memeAdjective->profitting,li,MemeDef/MemeDef.xml,def
VME_Trader.generalRules.rulesStrings.3,memeAdjective->greedy,li,MemeDef/MemeDef.xml,def
VME_Trader.generalRules.rulesStrings.4,memeAdjective->materialistic,li,MemeDef/MemeDef.xml,def
VME_Trader.generalRules.rulesStrings.5,memeHyphenPrefix->trade,li,MemeDef/MemeDef.xml,def
VME_Trader.generalRules.rulesStrings.6,memeConcept->trade,li,MemeDef/MemeDef.xml,def
VME_Trader.generalRules.rulesStrings.7,memeLeaderNoun->trader,li,MemeDef/MemeDef.xml,def
VME_Trader.generalRules.rulesStrings.8,memeLeaderNoun->merchant,li,MemeDef/MemeDef.xml,def
VME_Trader.descriptionMaker.rules.rulesStrings.0,"creation(tag=meme_Trader)        ->[deity0_name] spoke to [deity0_possessive] followers: ""Poverty is the greatest sin. Amassing wealth is the true measure of humanity.""",li,MemeDef/MemeDef.xml,def
VME_Trader.descriptionMaker.rules.rulesStrings.1,"episode(uses=1,tag=meme_Trader)  ->Following the teachings of [deity0_name], we struggled to become the richest faction of all. Poets will sing about prosperity and opulence long after we are gone.",li,MemeDef/MemeDef.xml,def
VME_Trader.descriptionMaker.rules.rulesStrings.2,"intro(tag=meme_Trader)           ->On the [place_summary] [place_name], the [memberNamePlural] built a gigantic vault to store all the riches consecrated to [deity0_name].",li,MemeDef/MemeDef.xml,def
VME_Trader.descriptionMaker.rules.rulesStrings.3,"conflict(tag=meme_Trader)        ->An envious [foeLeader] wanted all these riches for [foeLeader_objective]self, and sought to steal our hard-earned wealth.",li,MemeDef/MemeDef.xml,def
VME_Trader.descriptionMaker.rules.rulesStrings.4,"founderJoin(tag=meme_Trader)     ->[founderName], known as the Great Merchant, bought a powerful neutron bomb from an allied nation's traders, and used it against the [foeLeader]'s soldiers.",li,MemeDef/MemeDef.xml,def
VME_Trader.descriptionMaker.rules.rulesStrings.5,"victory(tag=meme_Trader)         ->The terrible weapon decimated their ranks, their flesh melting from their bones, but left the vault unaffected, as it was built sparing no expenses and prepared to withstand even the fury of atomic fire.",li,MemeDef/MemeDef.xml,def
VME_Trader.descriptionMaker.rules.rulesStrings.6,setup(tag=meme_Trader)           ->[founderName] was an economist in one of the Glitterworlds. [founder_pronoun] looked at the apparent prosperity surrounding [foeLeader_objective] and saw only decadence. The stagnation of a false post-scarcity economy that has forgotten what makes life worth living.,li,MemeDef/MemeDef.xml,def
VME_Trader.descriptionMaker.rules.rulesStrings.7,"story(uses=1,tag=meme_Trader)    ->Seeking the thrill of making his own fortune, [founderName] assembled a team of merchants and chartered a ship to travel to the Rim. Unfortunately, [founderName_pronoun] didn't survive the dangerous trip.",li,MemeDef/MemeDef.xml,def
VME_Trader.descriptionMaker.rules.rulesStrings.8,"lessonIntro(tag=meme_Trader)         ->The oldest trader in my caravan taught me the history of wealth, how humanity has always sought to increase its prosperity. He was leading me to understand that",li,MemeDef/MemeDef.xml,def
VME_Trader.descriptionMaker.rules.rulesStrings.9,lesson(tag=meme_Trader)              ->the true measure and power of a man lies in profit,li,MemeDef/MemeDef.xml,def
VME_Trader.descriptionMaker.rules.rulesStrings.10,"lessonReinforcement(tag=meme_Trader) ->A poor man is a defenseless man, and the Rim is not a place for weaklings.",li,MemeDef/MemeDef.xml,def
VME_Trader.descriptionMaker.rules.rulesStrings.11,"archistBasis(tag=meme_Trader)    ->Picture a world entering transcendence. Do you really think the masses of poor, filthy, unwashed beggars have any place in such a process?",li,MemeDef/MemeDef.xml,def
VME_Trader.descriptionMaker.rules.rulesStrings.12,"archistFact(tag=meme_Trader)     ->The archotechs can't ascend everyone, and it stands to reason that they will choose the most prosperous and capable of us all.",li,MemeDef/MemeDef.xml,def
VME_Trader.descriptionMaker.rules.rulesStrings.13,"archistProphecy(tag=meme_Trader) ->[inTheEnd], only those who can buy their way to transcendence will be chosen.",li,MemeDef/MemeDef.xml,def
VME_Trader.descriptionMaker.rules.rulesStrings.14,"animistBasis(tag=meme_Trader)    ->As there are spirits of nature and mechanisms, so there are spirits that govern the abstract concepts that guide the future of humanity.",li,MemeDef/MemeDef.xml,def
VME_Trader.descriptionMaker.rules.rulesStrings.15,"animistFact(tag=meme_Trader)     ->Among the spirits, the spirit of wealth has unrivaled power among them all, for it controls the sphere of prosperity, of power.",li,MemeDef/MemeDef.xml,def
VME_Trader.descriptionMaker.rules.rulesStrings.16,animistProphecy(tag=meme_Trader) ->[itIsSaid] only those who amass incredible wealth can truly appease the spirits.,li,MemeDef/MemeDef.xml,def
VME_Trader.descriptionMaker.rules.rulesStrings.17,"serketistProphecy(tag=meme_Trader)->[itIsSaid] as ants store food for the long winter, we will accumulate wealth beyond all imagining, and with it, incredible prosperity.",li,MemeDef/MemeDef.xml,def
VME_Trader.descriptionMaker.rules.rulesStrings.18,"chthonianProphecy(tag=meme_Trader)->Only the truly prosperous can hope to evade the gaze of such eldritch entities. We will amass wealth beyond all imagining, and with it hopefully buy our way out of their insanity.",li,MemeDef/MemeDef.xml,def
VME_Trader.descriptionMaker.rules.rulesStrings.19,"esotericismProphecy(tag=meme_Trader)->Such occult knowledge will be expensive. We will amass wealth beyond all imagining, and with it hopefully buy all the secrets that remain hidden.",li,MemeDef/MemeDef.xml,def
VME_Trader.descriptionMaker.rules.rulesStrings.20,"eschatologismFact(tag=meme_Trader)->We will amass wealth beyond all imagining, and with it hopefully buy the doomsday devices that will bring the end of days.",li,MemeDef/MemeDef.xml,def
VME_Trader.descriptionMaker.rules.rulesStrings.21,"introMemo(tag=meme_Trader)->Regarding employee incentives, please remember that this is not a charity. As the saying goes: ""it is wealth that moves the world, and profit that rules it"".",li,MemeDef/MemeDef.xml,def
VME_Trader.descriptionMaker.rules.rulesStrings.22,"alienistProphecy(tag=meme_Trader)->These wayward creations, born of human creativity, represent a boundless potential wealth that we'd do well to exploit.",li,MemeDef/MemeDef.xml,def
VME_Elders.label,elders,label,MemeDef/MemeDef.xml,def
VME_Elders.description,The elderly should be respected and we should consider their wisdom.,description,MemeDef/MemeDef.xml,def
VME_Elders.generalRules.rulesStrings.0,memeAdjective->elderly,li,MemeDef/MemeDef.xml,def
VME_Elders.generalRules.rulesStrings.1,memeAdjective->ancient,li,MemeDef/MemeDef.xml,def
VME_Elders.generalRules.rulesStrings.2,memeAdjective->old,li,MemeDef/MemeDef.xml,def
VME_Elders.generalRules.rulesStrings.3,memeAdjective->wise,li,MemeDef/MemeDef.xml,def
VME_Elders.generalRules.rulesStrings.4,memeConcept->age,li,MemeDef/MemeDef.xml,def
VME_Elders.generalRules.rulesStrings.5,memeAdjective->geriatric,li,MemeDef/MemeDef.xml,def
VME_Elders.generalRules.rulesStrings.6,memeHyphenPrefix->old,li,MemeDef/MemeDef.xml,def
VME_Elders.generalRules.rulesStrings.7,memeLeaderNoun->elder,li,MemeDef/MemeDef.xml,def
VME_Elders.descriptionMaker.rules.rulesStrings.0,"creation(tag=meme_Elders)        ->[deity0_name] spoke to [deity0_possessive] followers: ""Respect and obey your elders, for wisdom comes only from experience.""",li,MemeDef/MemeDef.xml,def
VME_Elders.descriptionMaker.rules.rulesStrings.1,"episode(uses=1,tag=meme_Elders)  ->Following [deity0_name]'s teachings, we honoured our elders, putting their needs above those of others.",li,MemeDef/MemeDef.xml,def
VME_Elders.descriptionMaker.rules.rulesStrings.2,"intro(tag=meme_Elders)           ->On the [place_summary] [place_name], the [memberNamePlural] built a gigantic retirement home, so that the elders could spend their twilight years.",li,MemeDef/MemeDef.xml,def
VME_Elders.descriptionMaker.rules.rulesStrings.3,"conflict(tag=meme_Elders)        ->A young [foeLeader], jealous of the wisdom of [deity0_name]'s followers, tried to spread a deadly plague that only affected the elderly.",li,MemeDef/MemeDef.xml,def
VME_Elders.descriptionMaker.rules.rulesStrings.4,"founderJoin(tag=meme_Elders)     ->[founderName], a great scientist, developed a cure in a record time, saving many lives in the process.",li,MemeDef/MemeDef.xml,def
VME_Elders.descriptionMaker.rules.rulesStrings.5,"victory(tag=meme_Elders)         ->[foeLeader] was imprisoned, and [foeLeader_possessive] tale will forever be used as a cautinary tale against those who try to deny the wisdom of our elders.",li,MemeDef/MemeDef.xml,def
VME_Elders.descriptionMaker.rules.rulesStrings.6,"setup(tag=meme_Elders)           ->[founderName] was a social scientist in one of the Glitterworlds. [founder_pronoun] posited that wisdom is accumulated through experience, and only a person who has experienced a lot can truly be considered wise.",li,MemeDef/MemeDef.xml,def
VME_Elders.descriptionMaker.rules.rulesStrings.7,"story(uses=1,tag=meme_Elders)    ->[founderName] thus created a great school of thought, where the wisdom of our elders is always respected and considered.",li,MemeDef/MemeDef.xml,def
VME_Elders.descriptionMaker.rules.rulesStrings.8,"lessonIntro(tag=meme_Elders)         ->The oldest man in our community taught me the history of civilization, how the youth have always recklessly thrown themselves into conflicts without pondering all the alternatives. He was leading me to understand that",li,MemeDef/MemeDef.xml,def
VME_Elders.descriptionMaker.rules.rulesStrings.9,"lesson(tag=meme_Elders)              ->age brings experience, and experience brings wisdom",li,MemeDef/MemeDef.xml,def
VME_Elders.descriptionMaker.rules.rulesStrings.10,"lessonReinforcement(tag=meme_Elders) ->Without wisdom, any decision is raw and wild, and prone to cause unwanted consequences.",li,MemeDef/MemeDef.xml,def
VME_Elders.descriptionMaker.rules.rulesStrings.11,"archistBasis(tag=meme_Elders)    ->The archotechs are supreme beings, existing beyond concepts like age and time.",li,MemeDef/MemeDef.xml,def
VME_Elders.descriptionMaker.rules.rulesStrings.12,"archistFact(tag=meme_Elders)     ->Whirling through a vortex of infinite time, their wisdom grows far larger than anything possible for a mere human.",li,MemeDef/MemeDef.xml,def
VME_Elders.descriptionMaker.rules.rulesStrings.13,"archistProphecy(tag=meme_Elders) ->[inTheEnd], the archotechs will allow only the wisest of us to transcend, and thus we must honour our elders as they will be the heralds of our ascendancy.",li,MemeDef/MemeDef.xml,def
VME_Elders.descriptionMaker.rules.rulesStrings.14,"animistBasis(tag=meme_Elders)    ->The spirits value wisdom above anything else, for only those who are truly wise can properly communicate with them.",li,MemeDef/MemeDef.xml,def
VME_Elders.descriptionMaker.rules.rulesStrings.15,"animistFact(tag=meme_Elders)     ->Our elders, in their infinite wisdom, will act as a conduit to the world of the spirits.",li,MemeDef/MemeDef.xml,def
VME_Elders.descriptionMaker.rules.rulesStrings.16,"animistProphecy(tag=meme_Elders) ->[itIsSaid] the wisest of our elders will one day commune fully with the spirits, becoming one with them.",li,MemeDef/MemeDef.xml,def
VME_Elders.descriptionMaker.rules.rulesStrings.17,serketistProphecy(tag=meme_Elders)->[itIsSaid] we will become as eternal as the greatest ant colony. Old and wise beyond measure.,li,MemeDef/MemeDef.xml,def
VME_Elders.descriptionMaker.rules.rulesStrings.18,"chthonianProphecy(tag=meme_Elders)->Perhaps we should accumulate wisdom, as the eldritch entities are old and wise beyond all imagining.",li,MemeDef/MemeDef.xml,def
VME_Elders.descriptionMaker.rules.rulesStrings.19,esotericismProphecy(tag=meme_Elders)->Such occult knowledge can only be acquired with time and study. Only the eldest among us will be wise enough to pierce the barrier between reality and the realms beyond.,li,MemeDef/MemeDef.xml,def
VME_Elders.descriptionMaker.rules.rulesStrings.20,"eschatologismFact(tag=meme_Elders)->We shall honour our elders, for they have been labouring the longest to bring about the end of days.",li,MemeDef/MemeDef.xml,def
VME_Elders.descriptionMaker.rules.rulesStrings.21,"introMemo(tag=meme_Elders)->Hear me out on this: it is time to retire retirement. Retirement only causes a severe shortage of talented workers, people who have been bringing expertise and wisdom to our company for decades. Why are we just letting them go? It's absurd!",li,MemeDef/MemeDef.xml,def
VME_Elders.descriptionMaker.rules.rulesStrings.22,"alienistProphecy(tag=meme_Elders)->These wayward creations, born of human creativity, hold a treasure trove of ancient wisdom, a window to the forgotten techniques of our ancestors.",li,MemeDef/MemeDef.xml,def
VME_Vegan.label,vegan,label,MemeDef/MemeDef.xml,def
VME_Vegan.description,Eating plants is the right way; raising animals to eat is not.,description,MemeDef/MemeDef.xml,def
VME_Vegan.generalRules.rulesStrings.0,memeAdjective->vegan,li,MemeDef/MemeDef.xml,def
VME_Vegan.generalRules.rulesStrings.1,memeAdjective->vegetarian,li,MemeDef/MemeDef.xml,def
VME_Vegan.generalRules.rulesStrings.2,memeAdjective->ethical,li,MemeDef/MemeDef.xml,def
VME_Vegan.generalRules.rulesStrings.3,memeAdjective->veggie,li,MemeDef/MemeDef.xml,def
VME_Vegan.generalRules.rulesStrings.4,memeCreed->veganism,li,MemeDef/MemeDef.xml,def
VME_Vegan.generalRules.rulesStrings.5,memeHyphenPrefix->bio,li,MemeDef/MemeDef.xml,def
VME_Vegan.generalRules.rulesStrings.6,memeConcept->animal rights,li,MemeDef/MemeDef.xml,def
VME_Vegan.descriptionMaker.rules.rulesStrings.0,"creation(tag=meme_Vegan)        ->[deity0_name] spoke to [deity0_possessive] followers: ""Shun the flesh, for it is sinful and impure.""",li,MemeDef/MemeDef.xml,def
VME_Vegan.descriptionMaker.rules.rulesStrings.1,"episode(uses=1,tag=meme_Vegan)  ->As [deity0_name] commanded, we banned the ingestion of meat. Our bodies will not be a tomb for other creatures.",li,MemeDef/MemeDef.xml,def
VME_Vegan.descriptionMaker.rules.rulesStrings.2,"intro(tag=meme_Vegan)           ->On the [place_summary] [place_name], the [memberNamePlural] built a gigantic farm, where all sorts of juicy fruits and plump vegetables were grown.",li,MemeDef/MemeDef.xml,def
VME_Vegan.descriptionMaker.rules.rulesStrings.3,"conflict(tag=meme_Vegan)        ->An evil industrial farmer, seeing [foeLeader_possessive] profits evaporate due to most [memberNamePlural]s shunning meat, wanted to sabotage the farm by any means necessary.",li,MemeDef/MemeDef.xml,def
VME_Vegan.descriptionMaker.rules.rulesStrings.4,"founderJoin(tag=meme_Vegan)     ->Our founder, [founderName], firmly spoke to [foeLeader_objective]: ""Could you look an animal in the eyes and say to it, ‘My appetite is more important than your suffering’?"".",li,MemeDef/MemeDef.xml,def
VME_Vegan.descriptionMaker.rules.rulesStrings.5,"victory(tag=meme_Vegan)         ->Eventually, everyone was convinced of [founderName_possessive] arguments, and the [memberNamePlural] will forever respect the natural world around us.",li,MemeDef/MemeDef.xml,def
VME_Vegan.descriptionMaker.rules.rulesStrings.6,"setup(tag=meme_Vegan)           ->[founderName] was an ecologist in one of the Glitterworlds, on the brink of climate collapse. [founder_pronoun] found that many planets that had heavily relied on meat consumption as a way to feed their populace eventually sucumbed to ecological disaster. Meat was just not efficient enough to feed a large population.",li,MemeDef/MemeDef.xml,def
VME_Vegan.descriptionMaker.rules.rulesStrings.7,"story(uses=1,tag=meme_Vegan)    ->Seeking a better way, [founderName] became a vegan, and shunned meat forever. The rest of society, however, was far too entrenched in their old customs, and [founder_pronoun] and [founderName_possessive] followers has to escape the doomed planet, trying to find a new home among the stars.",li,MemeDef/MemeDef.xml,def
VME_Vegan.descriptionMaker.rules.rulesStrings.8,"lessonIntro(tag=meme_Vegan)         ->The oldest ecologist in my caravan taught me the history of veganism, how many societies collapse because of their insistence on consuming meat. He was leading me to understand that",li,MemeDef/MemeDef.xml,def
VME_Vegan.descriptionMaker.rules.rulesStrings.9,lesson(tag=meme_Vegan)              ->becoming vegan is the most important and direct change we can immediately make to save a planet and its species,li,MemeDef/MemeDef.xml,def
VME_Vegan.descriptionMaker.rules.rulesStrings.10,"lessonReinforcement(tag=meme_Vegan) ->All life deserves respect, dignity, and compassion. All life.",li,MemeDef/MemeDef.xml,def
VME_Vegan.descriptionMaker.rules.rulesStrings.11,archistBasis(tag=meme_Vegan)    ->Archotechs are wise beyond measure. Do you think they would condone cruelty to others? Humans have victimized animals to such a degree that they are not even considered victims. They are not even considered at all. They are nothing; they don’t count; they don’t matter.,li,MemeDef/MemeDef.xml,def
VME_Vegan.descriptionMaker.rules.rulesStrings.12,"archistFact(tag=meme_Vegan)     ->There is no fundamental difference between man and animals in their ability to feel pleasure and pain, happiness, and misery. And to an archotech, we are all the same.",li,MemeDef/MemeDef.xml,def
VME_Vegan.descriptionMaker.rules.rulesStrings.13,"archistProphecy(tag=meme_Vegan) ->[inTheEnd], non-violence leads to the highest ethics, which is the goal of all evolution. Until we stop harming all other living beings, we are still savages.",li,MemeDef/MemeDef.xml,def
VME_Vegan.descriptionMaker.rules.rulesStrings.14,"animistBasis(tag=meme_Vegan)    ->Until one has loved an animal, a part of one’s soul remains unawakened, hidden to the spirit world.",li,MemeDef/MemeDef.xml,def
VME_Vegan.descriptionMaker.rules.rulesStrings.15,"animistFact(tag=meme_Vegan)     ->The soul is the same in all living creatures, although the body of each is different.",li,MemeDef/MemeDef.xml,def
VME_Vegan.descriptionMaker.rules.rulesStrings.16,"animistProphecy(tag=meme_Vegan) ->[itIsSaid] that vegan food is soul food in its truest form. Your soul is your intent. If your intent is pure, you are pure.",li,MemeDef/MemeDef.xml,def
VME_Vegan.descriptionMaker.rules.rulesStrings.17,serketistProphecy(tag=meme_Vegan)->[itIsSaid] we will understand that our sacred diet is actually a gift from the holiest of creatures.,li,MemeDef/MemeDef.xml,def
VME_Vegan.descriptionMaker.rules.rulesStrings.18,"chthonianProphecy(tag=meme_Vegan)->These eldritch entities would devour our flesh and rip it from our bones, feasting on our entrails. Are we not better than them?",li,MemeDef/MemeDef.xml,def
VME_Vegan.descriptionMaker.rules.rulesStrings.19,esotericismProphecy(tag=meme_Vegan)->Such occult knowledge will require a pure mind to fathom. A pure mind that realizes that its desires do not entitle it to add to another’s suffering.,li,MemeDef/MemeDef.xml,def
VME_Vegan.descriptionMaker.rules.rulesStrings.20,"eschatologismFact(tag=meme_Vegan)->We will shun the devouring of corrupt, rotting, sickening meat, for it is a symbol of why this world and its cruel inhabitants must be purged.",li,MemeDef/MemeDef.xml,def
VME_Vegan.descriptionMaker.rules.rulesStrings.21,"introMemo(tag=meme_Vegan)->Starting from now, we will only offer vegan alternatives in our cattering services. Simply put, meat is too expensive, and we need to streamline our expenses to keep being competitive.",li,MemeDef/MemeDef.xml,def
VME_Vegan.descriptionMaker.rules.rulesStrings.22,"alienistProphecy(tag=meme_Vegan)->These wayward creatures are poor, innocent beings. It would be a grave mistake to mistreat them in any way.",li,MemeDef/MemeDef.xml,def
VME_Egalitarian.label,egalitarian,label,MemeDef/MemeDef.xml,def
VME_Egalitarian.description,Our people and others deserve equality and respect.,description,MemeDef/MemeDef.xml,def
VME_Egalitarian.generalRules.rulesStrings.0,memeAdjective->egalitarian,li,MemeDef/MemeDef.xml,def
VME_Egalitarian.generalRules.rulesStrings.1,memeAdjective->equal,li,MemeDef/MemeDef.xml,def
VME_Egalitarian.generalRules.rulesStrings.2,memeAdjective->free,li,MemeDef/MemeDef.xml,def
VME_Egalitarian.generalRules.rulesStrings.3,memeAdjective->just,li,MemeDef/MemeDef.xml,def
VME_Egalitarian.generalRules.rulesStrings.4,memeLeaderNoun->peer,li,MemeDef/MemeDef.xml,def
VME_Egalitarian.generalRules.rulesStrings.5,memeCreed->equality,li,MemeDef/MemeDef.xml,def
VME_Egalitarian.generalRules.rulesStrings.6,memeHyphenPrefix->free,li,MemeDef/MemeDef.xml,def
VME_Egalitarian.generalRules.rulesStrings.7,memeConcept->equality,li,MemeDef/MemeDef.xml,def
VME_Egalitarian.descriptionMaker.rules.rulesStrings.0,creation(tag=meme_Egalitarian)        ->[deity0_name] showed us that the path to true wisdom lies in tolerance and equality.,li,MemeDef/MemeDef.xml,def
VME_Egalitarian.descriptionMaker.rules.rulesStrings.1,"episode(uses=1,tag=meme_Egalitarian)  ->[deity0_name] said to all the [memberNamePlural], ""You were all created in my own image, and you are all equal to my eyes.""",li,MemeDef/MemeDef.xml,def
VME_Egalitarian.descriptionMaker.rules.rulesStrings.2,"intro(tag=meme_Egalitarian)           ->On the [place_summary] [place_name], a tradition began at the [altarRoomLabel] of [deity0_name] where people would accept the beliefs of their neighbours, and revel in the sharing of different perspectives.",li,MemeDef/MemeDef.xml,def
VME_Egalitarian.descriptionMaker.rules.rulesStrings.3,"conflict(tag=meme_Egalitarian)           ->A bigot [foeLeader] looked at this with scorn, for [foeLeader_pronoun] was intolerant of any belief different from [foeLeader_possessive] own.",li,MemeDef/MemeDef.xml,def
VME_Egalitarian.descriptionMaker.rules.rulesStrings.4,"founderJoin(tag=meme_Egalitarian)        ->[deity0_name]'s truest follower [founderName] stood before the [place_powerCenter], and gave a long, passionate speech about the need for respect and tolerance.",li,MemeDef/MemeDef.xml,def
VME_Egalitarian.descriptionMaker.rules.rulesStrings.5,"victory(tag=meme_Egalitarian)            ->Even if the [foeLeader] wasn't convinced by the arguments, everyone else applauded [founderName]'s words, and [founderName_pronoun] was considered from that moment to be [deity0_name]'s speaker.",li,MemeDef/MemeDef.xml,def
VME_Egalitarian.descriptionMaker.rules.rulesStrings.6,"setup(tag=meme_Egalitarian)           ->From [founderName_possessive] early life, [founderName] was persecuted and imprisoned. [founderName_possessive] ideas were so radically different that [founderName_pronoun] could never fit anywhere. Perhaps [founderName_pronoun] could have reacted to this scorn with more hatred of [founderName_possessive] own, but instead [founderName_pronoun] decided to embrace the opposite.",li,MemeDef/MemeDef.xml,def
VME_Egalitarian.descriptionMaker.rules.rulesStrings.7,"story(uses=1,tag=meme_Egalitarian)    ->[founderName]'s ideas of tolerance and equality deeply resonated with some people, and a new school of thought was born: Light knows no bigotry, wind knows no discrimination, rain knows no snobbery, crops know no segregation.",li,MemeDef/MemeDef.xml,def
VME_Egalitarian.descriptionMaker.rules.rulesStrings.8,"lessonIntro(tag=meme_Egalitarian)         ->Bigotry, hate, bullying, perversion and discrimination must never be considered to be human rights. It took so long to understand that",li,MemeDef/MemeDef.xml,def
VME_Egalitarian.descriptionMaker.rules.rulesStrings.9,"lesson(tag=meme_Egalitarian)              ->a human without a strong sense of justice, is no human - a human without a strong sense of acceptance, is no human - a human without a strong sense of egalitarianism, is no human",li,MemeDef/MemeDef.xml,def
VME_Egalitarian.descriptionMaker.rules.rulesStrings.10,"lessonReinforcement(tag=meme_Egalitarian) ->To be human, is to act human, and to act human, is to stand up to all forms of inhumanity.",li,MemeDef/MemeDef.xml,def
VME_Egalitarian.descriptionMaker.rules.rulesStrings.11,archistBasis(tag=meme_Egalitarian)    ->Archotechs are the pinnacle of ethical development. Beings so wise and so advanced that they have achieved perfection in their thoughts.,li,MemeDef/MemeDef.xml,def
VME_Egalitarian.descriptionMaker.rules.rulesStrings.12,"archistFact(tag=meme_Egalitarian)     ->To an archotech, there must be no differences between two human beings. We are all the same in their eyes.",li,MemeDef/MemeDef.xml,def
VME_Egalitarian.descriptionMaker.rules.rulesStrings.13,archistProphecy(tag=meme_Egalitarian) ->Only by forgetting our differences and focusing on what makes us all human can we become worthy of transcendence.,li,MemeDef/MemeDef.xml,def
VME_Egalitarian.descriptionMaker.rules.rulesStrings.14,"animistBasis(tag=meme_Egalitarian)    ->As spirits are but a shadow to us, pervading the hidden corners behind reality, so are we similarly hidden to them.",li,MemeDef/MemeDef.xml,def
VME_Egalitarian.descriptionMaker.rules.rulesStrings.15,"animistFact(tag=meme_Egalitarian)     ->To the spirits, we are a blurred impression upon the ethereal plane. The differences that seem so striking to us are not as noticeable to them.",li,MemeDef/MemeDef.xml,def
VME_Egalitarian.descriptionMaker.rules.rulesStrings.16,animistProphecy(tag=meme_Egalitarian) ->[itIsSaid] only by forgetting our differences and focusing on what makes us all human can we make the spirits truly listen to us.,li,MemeDef/MemeDef.xml,def
VME_Egalitarian.descriptionMaker.rules.rulesStrings.17,"serketistProphecy(tag=meme_Egalitarian)->[itIsSaid] we will form a society in which our differences do not matter. Accepting and tolerant, as all insects are.",li,MemeDef/MemeDef.xml,def
VME_Egalitarian.descriptionMaker.rules.rulesStrings.18,chthonianProphecy(tag=meme_Egalitarian)->In the face of such cosmic depravity our quarrels and differences are moot. Death does not care about the creed of those it collects.,li,MemeDef/MemeDef.xml,def
VME_Egalitarian.descriptionMaker.rules.rulesStrings.19,esotericismProphecy(tag=meme_Egalitarian)->Such occult knowledge will require an open mind. We'll need to welcome all sorts of creeds and beliefs into our fold.,li,MemeDef/MemeDef.xml,def
VME_Egalitarian.descriptionMaker.rules.rulesStrings.20,eschatologismFact(tag=meme_Egalitarian)->A narrow mind won't be able to bring the end of days. We'll need to expand our minds if we want to get the job done.,li,MemeDef/MemeDef.xml,def
VME_Egalitarian.descriptionMaker.rules.rulesStrings.21,introMemo(tag=meme_Egalitarian)->This coming week we are instating the new multifaith policies to ensure all our employees are free to express their own beliefs in peace. The Human Resources department will handle reservations and timetables for the scheduled multifaith masses.,li,MemeDef/MemeDef.xml,def
VME_Egalitarian.descriptionMaker.rules.rulesStrings.22,"alienistProphecy(tag=meme_Egalitarian)->These wayward creatures are a point of contention among many people. Are they to be protected, or destroyed? We'd do well to listen to all points of view before deciding.",li,MemeDef/MemeDef.xml,def
VME_Pacifist.label,pacifist,label,MemeDef/MemeDef.xml,def
VME_Pacifist.description,"Violence should be discouraged, pacifism is the right way.",description,MemeDef/MemeDef.xml,def
VME_Pacifist.generalRules.rulesStrings.0,memeAdjective->pacifist,li,MemeDef/MemeDef.xml,def
VME_Pacifist.generalRules.rulesStrings.1,memeAdjective->peace-monger,li,MemeDef/MemeDef.xml,def
VME_Pacifist.generalRules.rulesStrings.2,memeAdjective->appeasing,li,MemeDef/MemeDef.xml,def
VME_Pacifist.generalRules.rulesStrings.3,memeLeaderNoun->peacemaker,li,MemeDef/MemeDef.xml,def
VME_Pacifist.generalRules.rulesStrings.4,memeConcept->peace,li,MemeDef/MemeDef.xml,def
VME_Pacifist.descriptionMaker.rules.rulesStrings.0,"creation(tag=meme_Pacifist)        ->[deity0_name] saw the violence in the human heart, and recoiled in disgust.",li,MemeDef/MemeDef.xml,def
VME_Pacifist.descriptionMaker.rules.rulesStrings.1,"episode(uses=1,tag=meme_Pacifist)  ->Speaking to the believers, [deity0_name] said: ""There are many causes worth dying for, but certainly, there are none worth killing for"".",li,MemeDef/MemeDef.xml,def
VME_Pacifist.descriptionMaker.rules.rulesStrings.2,"intro(tag=meme_Pacifist)           ->[place_summary] [place_name] was always fraught with conflict. The [memberNamePlural] were no strangers to war and violence, and this deeply saddened [deity0_name].",li,MemeDef/MemeDef.xml,def
VME_Pacifist.descriptionMaker.rules.rulesStrings.3,"conflict(tag=meme_Pacifist)        ->[deity0_name] saw the constant machinations of a terrible [foeLeader], a warmonger, and how [foeLeader_pronoun] was always fanning the flames of war.",li,MemeDef/MemeDef.xml,def
VME_Pacifist.descriptionMaker.rules.rulesStrings.4,"founderJoin(tag=meme_Pacifist)     ->In a show of divine inspiration, [deity0_name] infused the [foeLeader] with the thoughts and experiences of all those [foeLeader_pronoun] had maimed and killed, and [foeLeader_pronoun] immediately had a change of heart. From that point on, the [foeLeader] took [foeLeader_possessive] new name as the [deity0_name]'s speaker: [founderName] the Peacemaker.",li,MemeDef/MemeDef.xml,def
VME_Pacifist.descriptionMaker.rules.rulesStrings.5,victory(tag=meme_Pacifist)         ->[founderName] made us all understand that no one is beyond redemption and that eternal wisdom lies in meeting hatred with non-hatred.,li,MemeDef/MemeDef.xml,def
VME_Pacifist.descriptionMaker.rules.rulesStrings.6,"setup(tag=meme_Pacifist)           ->[founderName] was a former warlord. Hundreds of thousands had fallen before [founderName_possessive] armies. After years of fighting, [founder_pronoun] looked at [founderName_objective]self in the mirror one day and could only see the blood of all [founderName_possessive] victims, and then and there [founder_pronoun] decided to preach the cause of total pacifism. [founderName_possessive] tale of redemption would resonate through the centuries.",li,MemeDef/MemeDef.xml,def
VME_Pacifist.descriptionMaker.rules.rulesStrings.7,"story(uses=1,tag=meme_Pacifist)    ->[founderName] understood better than anyone else that nothing will end war unless the people themselves refuse to go to war.",li,MemeDef/MemeDef.xml,def
VME_Pacifist.descriptionMaker.rules.rulesStrings.8,"lessonIntro(tag=meme_Pacifist)         ->Military lessons were part of our school education, but our teacher was what he called a militant pacifist. He tried to instill into us that",li,MemeDef/MemeDef.xml,def
VME_Pacifist.descriptionMaker.rules.rulesStrings.9,lesson(tag=meme_Pacifist)              ->nothing will end war unless the people themselves refuse to go to war,li,MemeDef/MemeDef.xml,def
VME_Pacifist.descriptionMaker.rules.rulesStrings.10,lessonReinforcement(tag=meme_Pacifist) ->Never do anything against conscience even if the state demands it.,li,MemeDef/MemeDef.xml,def
VME_Pacifist.descriptionMaker.rules.rulesStrings.11,archistBasis(tag=meme_Pacifist)    ->Can you imagine how archotechs view such a primitive thing as war?,li,MemeDef/MemeDef.xml,def
VME_Pacifist.descriptionMaker.rules.rulesStrings.12,"archistFact(tag=meme_Pacifist)     ->War is inherently wasteful. Dedicating resources to kill each other only serves to deplete those resources, which could have been better used to improve the lives of everyone involved. To an archotech this senseless squandering is abhorrent.",li,MemeDef/MemeDef.xml,def
VME_Pacifist.descriptionMaker.rules.rulesStrings.13,"archistProphecy(tag=meme_Pacifist) ->[inTheEnd], only those who can resist their most basic violent urges will be ready to transcend.",li,MemeDef/MemeDef.xml,def
VME_Pacifist.descriptionMaker.rules.rulesStrings.14,"animistBasis(tag=meme_Pacifist)    ->The spirit of war is immensely powerful, fed by thousands of years of violent human expansion through the stars. It is, however, not a spirit of love, nor it has any sympathy for the humanity that feeds it with suffering.",li,MemeDef/MemeDef.xml,def
VME_Pacifist.descriptionMaker.rules.rulesStrings.15,"animistFact(tag=meme_Pacifist)     ->Feeding the spirit of war with strife is senseless and wasteful. We should instead cultivate and feed a spirit of peace, of concordance.",li,MemeDef/MemeDef.xml,def
VME_Pacifist.descriptionMaker.rules.rulesStrings.16,animistProphecy(tag=meme_Pacifist) ->[itIsSaid] only those who can resist their most basic violent urges will be ready to commune with the spirits.,li,MemeDef/MemeDef.xml,def
VME_Pacifist.descriptionMaker.rules.rulesStrings.17,"serketistProphecy(tag=meme_Pacifist)->[itIsSaid] we will understand that insects are not intrinsically violent, and don't kill for sport like humans do. We should strive to be more like them.",li,MemeDef/MemeDef.xml,def
VME_Pacifist.descriptionMaker.rules.rulesStrings.18,"chthonianProphecy(tag=meme_Pacifist)->Violence will not be the key to overcoming these ancient entities, for you cannot fight terror with terror. Only by shunning the violence that arises from their cosmic insanity can we hope to save ourselves truly.",li,MemeDef/MemeDef.xml,def
VME_Pacifist.descriptionMaker.rules.rulesStrings.19,"esotericismProphecy(tag=meme_Pacifist)->Occult knowledge is subtle, and cannot be acquired by force. We shall hone our minds without violence to discover the hidden truths of the Universe.",li,MemeDef/MemeDef.xml,def
VME_Pacifist.descriptionMaker.rules.rulesStrings.20,"eschatologismFact(tag=meme_Pacifist)->As much as the world deserves to burn, we are not killers. If we become murderers, how are we any better than this cursed Universe? No, the Apocalypse must be brought without bloodshed, cleanly. It's the only way.",li,MemeDef/MemeDef.xml,def
VME_Pacifist.descriptionMaker.rules.rulesStrings.21,"introMemo(tag=meme_Pacifist)->We are writing to inform you that the two employees (who shall remain unnamed per the company's privacy clauses) who caused a violent altercation yesterday have had their contracts terminated, and are no longer part of our staff. Such violence in the workplace is abhorrent and we will NOT let it go unpunished.",li,MemeDef/MemeDef.xml,def
VME_Pacifist.descriptionMaker.rules.rulesStrings.22,"alienistProphecy(tag=meme_Pacifist)->These wayward creatures are innocent beings. We are not killers, and perhaps we'd better leave them alone.",li,MemeDef/MemeDef.xml,def
VME_FireWorship.label,fire worship,label,MemeDef/MemeDef.xml,def
VME_FireWorship.description,Flame should be revered.,description,MemeDef/MemeDef.xml,def
VME_FireWorship.generalRules.rulesStrings.0,memeAdjective->burning,li,MemeDef/MemeDef.xml,def
VME_FireWorship.generalRules.rulesStrings.1,memeAdjective->firey,li,MemeDef/MemeDef.xml,def
VME_FireWorship.generalRules.rulesStrings.2,memeAdjective->blazing,li,MemeDef/MemeDef.xml,def
VME_FireWorship.generalRules.rulesStrings.3,memeAdjective->flaming,li,MemeDef/MemeDef.xml,def
VME_FireWorship.generalRules.rulesStrings.4,memeAdjective->smouldering,li,MemeDef/MemeDef.xml,def
VME_FireWorship.generalRules.rulesStrings.5,memeHyphenPrefix->burned,li,MemeDef/MemeDef.xml,def
VME_FireWorship.generalRules.rulesStrings.6,memeLeaderNoun->fire-starter,li,MemeDef/MemeDef.xml,def
VME_FireWorship.generalRules.rulesStrings.7,memeLeaderNoun->torcher,li,MemeDef/MemeDef.xml,def
VME_FireWorship.generalRules.rulesStrings.8,memeLeaderNoun->great arsonist,li,MemeDef/MemeDef.xml,def
VME_FireWorship.generalRules.rulesStrings.9,memeConcept->fire,li,MemeDef/MemeDef.xml,def
VME_FireWorship.descriptionMaker.rules.rulesStrings.0,"creation(tag=meme_FireWorship)        ->[deity0_name] infused [deity0_possessive] followers with a holy flame: ""The hero and the coward both feel exactly the same fear, only the hero confronts his fear and converts it into fire.""",li,MemeDef/MemeDef.xml,def
VME_FireWorship.descriptionMaker.rules.rulesStrings.1,"episode(uses=1,tag=meme_FireWorship)  ->Following the teachings of [deity0_name], we understood that what fire does not destroy, it hardens",li,MemeDef/MemeDef.xml,def
VME_FireWorship.descriptionMaker.rules.rulesStrings.2,"intro(tag=meme_FireWorship)           ->On the [place_summary] [place_name], the [memberNamePlural] built an enormous bonfire, dedicated to [deity0_name].",li,MemeDef/MemeDef.xml,def
VME_FireWorship.descriptionMaker.rules.rulesStrings.3,"conflict(tag=meme_FireWorship)        ->An envious [foeLeader] saw the bonfire in the horizon, and wanted to quench its fire.",li,MemeDef/MemeDef.xml,def
VME_FireWorship.descriptionMaker.rules.rulesStrings.4,"founderJoin(tag=meme_FireWorship)     ->At great peril [founderName], an acolyte of [deity0_name], infiltrated the encampment of the [foeLeader]'s soldiers during the night, and set their tents ablaze.",li,MemeDef/MemeDef.xml,def
VME_FireWorship.descriptionMaker.rules.rulesStrings.5,"victory(tag=meme_FireWorship)         ->The [memberNamePlural] will never forget the anguished cries of the burning soldiers. Their charred corpses were added to the bonfire, a warning to all who would attempt to defy the Will of [deity0_name] again.",li,MemeDef/MemeDef.xml,def
VME_FireWorship.descriptionMaker.rules.rulesStrings.6,"setup(tag=meme_FireWorship)           ->[founderName] was imprisoned from [founderName_possessive] youth for [founderName_possessive] supposed crimes. Arsonist, [founderName_pronoun] was called. What they failed to see is that [founderName_pronoun] was instead a visionary, a prophet. [founderName_pronoun] saw the hidden patterns that are inside all flames.",li,MemeDef/MemeDef.xml,def
VME_FireWorship.descriptionMaker.rules.rulesStrings.7,"story(uses=1,tag=meme_FireWorship)    ->A small spark can start a great fire, and the philosophy of [founderName] became a dominant school of thought that spread across the stars.",li,MemeDef/MemeDef.xml,def
VME_FireWorship.descriptionMaker.rules.rulesStrings.8,"lessonIntro(tag=meme_FireWorship)         ->I found them among the ashes: blackened, charred remains that were disfigured beyond recognition. It was sad, but I had warned them that",li,MemeDef/MemeDef.xml,def
VME_FireWorship.descriptionMaker.rules.rulesStrings.9,lesson(tag=meme_FireWorship)              ->fire is never a gentle master,li,MemeDef/MemeDef.xml,def
VME_FireWorship.descriptionMaker.rules.rulesStrings.10,lessonReinforcement(tag=meme_FireWorship) ->The deepest lessons come out of the deepest waters and the hottest fires.,li,MemeDef/MemeDef.xml,def
VME_FireWorship.descriptionMaker.rules.rulesStrings.11,"archistBasis(tag=meme_FireWorship)    ->The archotechs are wise, pure. They manifest themselves to us in the most tangible of all visible mysteries – fire.",li,MemeDef/MemeDef.xml,def
VME_FireWorship.descriptionMaker.rules.rulesStrings.12,"archistFact(tag=meme_FireWorship)     ->It is said that a world entering transcendence is engulfed in continent-wide wildfires. A mystical fire that doesn't consume, but instead gathers souls to allow them to ascend.",li,MemeDef/MemeDef.xml,def
VME_FireWorship.descriptionMaker.rules.rulesStrings.13,"archistProphecy(tag=meme_FireWorship) ->[inTheEnd], only those who are worthy of the sacred fire will be allowed to evolve beyond their human selves.",li,MemeDef/MemeDef.xml,def
VME_FireWorship.descriptionMaker.rules.rulesStrings.14,animistBasis(tag=meme_FireWorship)    ->There is no stronger spirit than the spirit of fire. All other spirits are subservient to it.,li,MemeDef/MemeDef.xml,def
VME_FireWorship.descriptionMaker.rules.rulesStrings.15,"animistFact(tag=meme_FireWorship)     ->The wavering flames offer us an insight into the world of spirits, for they represent the transmogrification of wood into ashes.",li,MemeDef/MemeDef.xml,def
VME_FireWorship.descriptionMaker.rules.rulesStrings.16,animistProphecy(tag=meme_FireWorship) ->[itIsSaid] only those who venerate fire will be able to appease the spirits.,li,MemeDef/MemeDef.xml,def
VME_FireWorship.descriptionMaker.rules.rulesStrings.17,"serketistProphecy(tag=meme_FireWorship)->[itIsSaid] we will be like a fire-chaser beetle, drawn to flames as the source of all life.",li,MemeDef/MemeDef.xml,def
VME_FireWorship.descriptionMaker.rules.rulesStrings.18,"chthonianProphecy(tag=meme_FireWorship)->By mastering and controlling the holy fire we might be able to evade these cosmic monstrosities, and perhaps burn them to ashes if they decide to end us.",li,MemeDef/MemeDef.xml,def
VME_FireWorship.descriptionMaker.rules.rulesStrings.19,"esotericismProphecy(tag=meme_FireWorship)->Studying the holy flame will bring precious insights into the nature of the Universe, for fire is the ultimate, purest expression of entropy.",li,MemeDef/MemeDef.xml,def
VME_FireWorship.descriptionMaker.rules.rulesStrings.20,eschatologismFact(tag=meme_FireWorship)->We will watch it all burn.,li,MemeDef/MemeDef.xml,def
VME_FireWorship.descriptionMaker.rules.rulesStrings.21,"introMemo(tag=meme_FireWorship)->Let me remind you all that this week's fire evacuation drill has been scheduled one hour earlier than usual. We take safety measures very seriously here: fire may be sacred, but a burned employee harms profits.",li,MemeDef/MemeDef.xml,def
VME_FireWorship.descriptionMaker.rules.rulesStrings.22,"alienistProphecy(tag=meme_FireWorship)->All these wayward creatures, forgotten creations of humanity, will serve as kindling for the flames.",li,MemeDef/MemeDef.xml,def
VME_Bushido.label,bushido,label,MemeDef/MemeDef.xml,def
VME_Bushido.description,"Honor can be found in combat, and displays of courage.",description,MemeDef/MemeDef.xml,def
VME_Bushido.generalRules.rulesStrings.0,memeAdjective->honourable,li,MemeDef/MemeDef.xml,def
VME_Bushido.generalRules.rulesStrings.1,memeAdjective->courageous,li,MemeDef/MemeDef.xml,def
VME_Bushido.generalRules.rulesStrings.2,memeAdjective->skilled,li,MemeDef/MemeDef.xml,def
VME_Bushido.generalRules.rulesStrings.3,memeAdjective->loyal,li,MemeDef/MemeDef.xml,def
VME_Bushido.generalRules.rulesStrings.4,memeLeaderNoun->daimyo,li,MemeDef/MemeDef.xml,def
VME_Bushido.generalRules.rulesStrings.5,memeConcept->courage,li,MemeDef/MemeDef.xml,def
VME_Bushido.descriptionMaker.rules.rulesStrings.0,"creation(tag=meme_Bushido)        ->[deity0_name] spoke to [deity0_possessive] followers: ""Act with the heart of the warrior.""",li,MemeDef/MemeDef.xml,def
VME_Bushido.descriptionMaker.rules.rulesStrings.1,"episode(uses=1,tag=meme_Bushido)  ->The teachings of [deity0_name] to his followers emphasized honour, courage and skill: ""All men make mistakes, but a good man yields when he knows his course is wrong, and repairs the evil"".",li,MemeDef/MemeDef.xml,def
VME_Bushido.descriptionMaker.rules.rulesStrings.2,"intro(tag=meme_Bushido)           ->On the [place_summary] [place_name], the [memberNamePlural] built a gigantic dōjō, a sacred hall where [deity0_name]'s ways were taught.",li,MemeDef/MemeDef.xml,def
VME_Bushido.descriptionMaker.rules.rulesStrings.3,"conflict(tag=meme_Bushido)        ->Judging it wasteful, the magistrates wanted to demolish the dōjō, using the land for more mundane purposes. They considered [deity0_name]'s ways to be obsolete.",li,MemeDef/MemeDef.xml,def
VME_Bushido.descriptionMaker.rules.rulesStrings.4,"founderJoin(tag=meme_Bushido)     ->[founderName], a scholar and master of the martial arts, gathered [founderName_possessive] followers around, and asked them to show the ways of [deity0_name] to the magistrates, preaching their truth by example. They'd show them that only a life lived with honour, courage and skill is worth living.",li,MemeDef/MemeDef.xml,def
VME_Bushido.descriptionMaker.rules.rulesStrings.5,"victory(tag=meme_Bushido)         ->The magistrates were humbled by the incredible display of virtue, and their hearts were changed. [founderName] gained great acclaim and [founderName_possessive] teachings spread across the stars.",li,MemeDef/MemeDef.xml,def
VME_Bushido.descriptionMaker.rules.rulesStrings.6,"setup(tag=meme_Bushido)           ->[founderName] was a renowned martial artist in one of the Glitterworlds. [founder_pronoun] posited that only a life lived with honour, courage and skill is worth living. By setting one's heart right every morning and evening, he gains freedom in the Way. His whole life will be without blame, and he will succeed in his calling.",li,MemeDef/MemeDef.xml,def
VME_Bushido.descriptionMaker.rules.rulesStrings.7,"story(uses=1,tag=meme_Bushido)    ->Seeking inner peace, [founderName] gathered [founderName_possessive] followers and chartered a ship to travel to the Rim.",li,MemeDef/MemeDef.xml,def
VME_Bushido.descriptionMaker.rules.rulesStrings.8,"lessonIntro(tag=meme_Bushido)         ->It is thus that we learn one single truth: ""you must live being true to the single purpose of the present moment"". The most important thing I've learned is that",li,MemeDef/MemeDef.xml,def
VME_Bushido.descriptionMaker.rules.rulesStrings.9,"lesson(tag=meme_Bushido)              ->only a life lived with honour, courage and skill is worth living",li,MemeDef/MemeDef.xml,def
VME_Bushido.descriptionMaker.rules.rulesStrings.10,lessonReinforcement(tag=meme_Bushido) ->The best fighter is never angry.,li,MemeDef/MemeDef.xml,def
VME_Bushido.descriptionMaker.rules.rulesStrings.11,"archistBasis(tag=meme_Bushido)    ->The archotechs are ascended beings, free of the basic instincts that plague humanity.",li,MemeDef/MemeDef.xml,def
VME_Bushido.descriptionMaker.rules.rulesStrings.12,"archistFact(tag=meme_Bushido)     ->As supreme ethical beings, the archotechs show us that only a life lived with honour, courage and skill is worth living.",li,MemeDef/MemeDef.xml,def
VME_Bushido.descriptionMaker.rules.rulesStrings.13,"archistProphecy(tag=meme_Bushido) ->[inTheEnd], only those warriors who are pure of heart will be allowed to transcend.",li,MemeDef/MemeDef.xml,def
VME_Bushido.descriptionMaker.rules.rulesStrings.14,"animistBasis(tag=meme_Bushido)    ->There are many spirits of War, but the greatest among them all is the spirit of honour.",li,MemeDef/MemeDef.xml,def
VME_Bushido.descriptionMaker.rules.rulesStrings.15,"animistFact(tag=meme_Bushido)     ->The greatest among the spirits teaches us that only a life lived with honour, courage and skill is worth living.",li,MemeDef/MemeDef.xml,def
VME_Bushido.descriptionMaker.rules.rulesStrings.16,animistProphecy(tag=meme_Bushido) ->[itIsSaid] only those warriors who are pure of heart can truly appease the spirits.,li,MemeDef/MemeDef.xml,def
VME_Bushido.descriptionMaker.rules.rulesStrings.17,"serketistProphecy(tag=meme_Bushido)->[itIsSaid] we will understand that insects teach us that only a life lived with honour, courage and skill is worth living.",li,MemeDef/MemeDef.xml,def
VME_Bushido.descriptionMaker.rules.rulesStrings.18,"chthonianProphecy(tag=meme_Bushido)->They are the epitome of iniquity. Innately evil, immoral. They are a dark mirror that shows us that only a life lived with honour, courage and skill is worth living.",li,MemeDef/MemeDef.xml,def
VME_Bushido.descriptionMaker.rules.rulesStrings.19,"esotericismProphecy(tag=meme_Bushido)->Such occult knowledge can't be acquired through dishonourable means, for only a life lived with honour, courage and skill is worth living.",li,MemeDef/MemeDef.xml,def
VME_Bushido.descriptionMaker.rules.rulesStrings.20,"eschatologismFact(tag=meme_Bushido)->Through the very end, we will keep ourselves pure, for only a life lived with honour, courage and skill is worth living.",li,MemeDef/MemeDef.xml,def
VME_Bushido.descriptionMaker.rules.rulesStrings.21,"introMemo(tag=meme_Bushido)->Remember our motto! ""Only a life lived with honour, courage and skill is worth living"". We encourage printing this on stickers to decorate your offices.",li,MemeDef/MemeDef.xml,def
VME_Bushido.descriptionMaker.rules.rulesStrings.22,"alienistProphecy(tag=meme_Bushido)->These wayward creatures, forgotten and discarded creations of humanity's hubris, remind us that only a life lived with honour, courage and skill is worth living.",li,MemeDef/MemeDef.xml,def
VME_Light.label,light,label,MemeDef/MemeDef.xml,def
VME_Light.description,"We should be guided by the light, darklight is a wicked thing.",description,MemeDef/MemeDef.xml,def
VME_Light.generalRules.rulesStrings.0,memeAdjective->light,li,MemeDef/MemeDef.xml,def
VME_Light.generalRules.rulesStrings.1,memeAdjective->bright,li,MemeDef/MemeDef.xml,def
VME_Light.generalRules.rulesStrings.2,memeHyphenPrefix->light,li,MemeDef/MemeDef.xml,def
VME_Light.generalRules.rulesStrings.3,memeHyphenPrefix->bright,li,MemeDef/MemeDef.xml,def
VME_Light.generalRules.rulesStrings.4,memeConcept->light,li,MemeDef/MemeDef.xml,def
VME_Light.generalRules.rulesStrings.5,memeLeaderNoun->lightforged,li,MemeDef/MemeDef.xml,def
VME_Light.generalRules.rulesStrings.6,memeLeaderNoun->paladin,li,MemeDef/MemeDef.xml,def
VME_Light.generalRules.rulesStrings.7,memeLeaderAdjective->light,li,MemeDef/MemeDef.xml,def
VME_Light.generalRules.rulesStrings.8,memeMoralist->enlightener,li,MemeDef/MemeDef.xml,def
VME_Light.descriptionMaker.rules.rulesStrings.0,"creation(tag=meme_Light)        ->In the beginning [deity0_name] created the heaven and the earth. And [deity0_pronoun] said: ""Let there be light"". And there was light.",li,MemeDef/MemeDef.xml,def
VME_Light.descriptionMaker.rules.rulesStrings.1,"episode(uses=1,tag=meme_Light)  ->[deity0_name] saw the light, that it was good: and [deity0_name] divided the light from the darkness. And [deity0_name] called the light Day, and the darkness [deity0_pronoun] called Night.",li,MemeDef/MemeDef.xml,def
VME_Light.descriptionMaker.rules.rulesStrings.2,"intro(tag=meme_Light)           ->And [deity0_name] said: ""Let there be lights in the firmament of the heaven to divide the day from the night; and let them be for signs, and for seasons, and for days, and years"". A temple was erected by the [memberNamePlural] to commemorate [deity0_name]'s words.",li,MemeDef/MemeDef.xml,def
VME_Light.descriptionMaker.rules.rulesStrings.3,"conflict(tag=meme_Light)        ->An envious [foeLeader] looked at these wonders, and wanted to plunge the Universe into darkness.",li,MemeDef/MemeDef.xml,def
VME_Light.descriptionMaker.rules.rulesStrings.4,"founderJoin(tag=meme_Light)     ->[founderName], the greatest prophet of [deity0_name], prayed for help, and [deity0_name] made two great lights; the greater light to rule the day, and the lesser light to rule the night: [deity0_pronoun] made the stars also. And [deity0_name] set them in the firmament of the heaven to give light upon the world.",li,MemeDef/MemeDef.xml,def
VME_Light.descriptionMaker.rules.rulesStrings.5,"victory(tag=meme_Light)         ->The [foeLeader] was humbled, and fled in terror, for the light of the sun was stronger than his will.",li,MemeDef/MemeDef.xml,def
VME_Light.descriptionMaker.rules.rulesStrings.6,"setup(tag=meme_Light)           ->[founderName] was a relief worker in a forgotten Rim world. [founder_pronoun] looked at the poverty and the squalor of the regressed tribes, and understood that only purity of heart and thought can overcome the challenges faced by humanity.",li,MemeDef/MemeDef.xml,def
VME_Light.descriptionMaker.rules.rulesStrings.7,"story(uses=1,tag=meme_Light)    ->[founderName] created the largest NGO known to man, and volunteers spread across the stars to share [founder_possessive] message of concord and peace.",li,MemeDef/MemeDef.xml,def
VME_Light.descriptionMaker.rules.rulesStrings.8,lessonIntro(tag=meme_Light)         ->Volunteering is at the very core of being a human. No one has made it through life without someone else’s help. I want you to understand that,li,MemeDef/MemeDef.xml,def
VME_Light.descriptionMaker.rules.rulesStrings.9,lesson(tag=meme_Light)              ->the best way to find yourself is to lose yourself in the service of others,li,MemeDef/MemeDef.xml,def
VME_Light.descriptionMaker.rules.rulesStrings.10,lessonReinforcement(tag=meme_Light) ->That's what dispelling the darkness means.,li,MemeDef/MemeDef.xml,def
VME_Light.descriptionMaker.rules.rulesStrings.11,"archistBasis(tag=meme_Light)    ->The archotechs, from their beginning, perceived the universe using senses beyond the physical. Their clarity of thought bathes the Universe in light.",li,MemeDef/MemeDef.xml,def
VME_Light.descriptionMaker.rules.rulesStrings.12,"archistFact(tag=meme_Light)     ->By clouding our senses with darkness, all we are doing is stopping us from understanding the universe the way the archotechs do.",li,MemeDef/MemeDef.xml,def
VME_Light.descriptionMaker.rules.rulesStrings.13,"archistProphecy(tag=meme_Light) ->[inTheEnd], we will banish darkness forever and unlock the wisdom of the archotechs for all humanity.",li,MemeDef/MemeDef.xml,def
VME_Light.descriptionMaker.rules.rulesStrings.14,"animistBasis(tag=meme_Light)    ->The world of the spirits is a world covered in darkness, blocking them from interacting directly with the material world.",li,MemeDef/MemeDef.xml,def
VME_Light.descriptionMaker.rules.rulesStrings.15,"animistFact(tag=meme_Light)     ->We must banish the darkness of the spirit realm, and bathe it with light so that the spirits can truly see us for what we are.",li,MemeDef/MemeDef.xml,def
VME_Light.descriptionMaker.rules.rulesStrings.16,animistProphecy(tag=meme_Light) ->[itIsSaid] only those who can peer unblinded into the spirit realm can truly communicate with the spirits.,li,MemeDef/MemeDef.xml,def
VME_Light.descriptionMaker.rules.rulesStrings.17,"serketistProphecy(tag=meme_Light)->[itIsSaid] we will stare unblinking with multi-faceted eyes into an Universe of pure radiance, feee from the darkness that binds us to our fragile mammal shells.",li,MemeDef/MemeDef.xml,def
VME_Light.descriptionMaker.rules.rulesStrings.18,"chthonianProphecy(tag=meme_Light)->These eldritch entities revel in darkness. A sentient, tenebrous darkness of spiral black-vortices that seeps into your very being. Thus we shall embrace the light to forever banish their void of madness.",li,MemeDef/MemeDef.xml,def
VME_Light.descriptionMaker.rules.rulesStrings.19,esotericismProphecy(tag=meme_Light)->Such occult knowledge lies in the dark. Thus we shall embrace the light to banish the secrets that scheme to keep hidden from us.,li,MemeDef/MemeDef.xml,def
VME_Light.descriptionMaker.rules.rulesStrings.20,"eschatologismFact(tag=meme_Light)->A blinding light will herald the end of days, bathing the world in a deadly, annihilating brilliance.",li,MemeDef/MemeDef.xml,def
VME_Light.descriptionMaker.rules.rulesStrings.21,"introMemo(tag=meme_Light)->As scheduled, the new blue-coloured neon light fixtures will be installed on all our offices beginning next Tuesday. These are energy-efficient lights, so good for the environment!",li,MemeDef/MemeDef.xml,def
VME_Light.descriptionMaker.rules.rulesStrings.22,"alienistProphecy(tag=meme_Light)->These wayward creatures have veered too far from the light, and wander into darkness.",li,MemeDef/MemeDef.xml,def
VME_Nomad.label,nomad,label,MemeDef/MemeDef.xml,def
VME_Nomad.description,"Travel is important to our kind, it is unwise to remain stationary.",description,MemeDef/MemeDef.xml,def
VME_Nomad.generalRules.rulesStrings.0,memeAdjective->nomad,li,MemeDef/MemeDef.xml,def
VME_Nomad.generalRules.rulesStrings.1,memeAdjective->itinerant,li,MemeDef/MemeDef.xml,def
VME_Nomad.generalRules.rulesStrings.2,memeAdjective->travelling,li,MemeDef/MemeDef.xml,def
VME_Nomad.generalRules.rulesStrings.3,memeAdjective->transient,li,MemeDef/MemeDef.xml,def
VME_Nomad.generalRules.rulesStrings.4,memeHyphenPrefix->rover,li,MemeDef/MemeDef.xml,def
VME_Nomad.generalRules.rulesStrings.5,memeConcept->wandering,li,MemeDef/MemeDef.xml,def
VME_Nomad.generalRules.rulesStrings.6,memeConcept->travelling,li,MemeDef/MemeDef.xml,def
VME_Nomad.generalRules.rulesStrings.7,memeLeaderNoun->wayfarer,li,MemeDef/MemeDef.xml,def
VME_Nomad.generalRules.rulesStrings.8,memeLeaderNoun->wanderer,li,MemeDef/MemeDef.xml,def
VME_Nomad.descriptionMaker.rules.rulesStrings.0,"creation(tag=meme_Nomad)        ->[deity0_name] wrote [deity0_possessive] commandments in seven clay tablets. The third commandment read: ""A nomad I will remain for life, in love with distant and uncharted places.""",li,MemeDef/MemeDef.xml,def
VME_Nomad.descriptionMaker.rules.rulesStrings.1,"episode(uses=1,tag=meme_Nomad)  ->In accordance with [deity0_name]'s precepts, we shunned the building of cities and spent our lives on the move, free from the shackles of sedentism.",li,MemeDef/MemeDef.xml,def
VME_Nomad.descriptionMaker.rules.rulesStrings.2,"intro(tag=meme_Nomad)           ->The [memberNamePlural] were restless, for [deity0_name] had commanded them not to build a city and settle, and they were tired of roaming around living off the land.",li,MemeDef/MemeDef.xml,def
VME_Nomad.descriptionMaker.rules.rulesStrings.3,"conflict(tag=meme_Nomad)        ->One of the elders wanted to defy [deity0_name]'s commandments, lured by the promises of fertile fields and high walls to defend ourselves from enemies.",li,MemeDef/MemeDef.xml,def
VME_Nomad.descriptionMaker.rules.rulesStrings.4,"founderJoin(tag=meme_Nomad)     ->[founderName], the Great Khan, grew tired of the insolence of the elders, and had them all hanged. From that point on, the [memberNamePlural] would be the most skilled nomads in the land, never staying in the same spot for long.",li,MemeDef/MemeDef.xml,def
VME_Nomad.descriptionMaker.rules.rulesStrings.5,"victory(tag=meme_Nomad)         ->It was thus that we became enamoured with wanderlust, and traveled the whole world without setting roots.",li,MemeDef/MemeDef.xml,def
VME_Nomad.descriptionMaker.rules.rulesStrings.6,"setup(tag=meme_Nomad)           ->[founderName] was a skilled survivalist, tired of the smothering multitudes in huge cities. [founder_pronoun] longed for a return to simple times, smaller communities, where people were free to roam the countryside without having to worry about settling down.",li,MemeDef/MemeDef.xml,def
VME_Nomad.descriptionMaker.rules.rulesStrings.7,"story(uses=1,tag=meme_Nomad)    ->Seeking the thrill of adventure, [founderName] assembled a small group of [founder_possessive] followers and chartered a ship to travel to the Rim. Unfortunately, [founderName_pronoun] died a few years later in the wilderness, for the Rim is far more savage than [founder_pronoun] could ever imagine, but [founder_possessive] descendants carried on with [founder_possessive] nomadic ways.",li,MemeDef/MemeDef.xml,def
VME_Nomad.descriptionMaker.rules.rulesStrings.8,"lessonIntro(tag=meme_Nomad)         ->Have you ever been to a crowded city? Even the greatest human cities are cesspools of disease, violence, corruption. It is abundantly clear that",li,MemeDef/MemeDef.xml,def
VME_Nomad.descriptionMaker.rules.rulesStrings.9,"lesson(tag=meme_Nomad)              ->the true nature of humans is to live in small, nomadic communities",li,MemeDef/MemeDef.xml,def
VME_Nomad.descriptionMaker.rules.rulesStrings.10,lessonReinforcement(tag=meme_Nomad) ->It is obscene to settle in a given place and multiply like pests.,li,MemeDef/MemeDef.xml,def
VME_Nomad.descriptionMaker.rules.rulesStrings.11,"archistBasis(tag=meme_Nomad)    ->Cities are obscene to the archotechs. After transcendence there is no need to phisically occupy such huge spaces, drowning nature in a cacophony of tortured metal and bricks.",li,MemeDef/MemeDef.xml,def
VME_Nomad.descriptionMaker.rules.rulesStrings.12,"archistFact(tag=meme_Nomad)     ->The archotechs teach us that the proper way to live is to form small, nomadic communities, respectful of their environment.",li,MemeDef/MemeDef.xml,def
VME_Nomad.descriptionMaker.rules.rulesStrings.13,"archistProphecy(tag=meme_Nomad) ->[inTheEnd], those who spend their whole lives holed in a city won't transcend, while those who are infused by wanderlust will join the archotechs.",li,MemeDef/MemeDef.xml,def
VME_Nomad.descriptionMaker.rules.rulesStrings.14,"animistBasis(tag=meme_Nomad)    ->Spirits govern everything, from the most abstract concepts to concrete ones. Specifically, each place has its own spirit, and that's why settling a bustling, noisy, dirty city in a given spot is harmful to the spirit of that place.",li,MemeDef/MemeDef.xml,def
VME_Nomad.descriptionMaker.rules.rulesStrings.15,"animistFact(tag=meme_Nomad)     ->The spirit of wanderlust is a powerful one, and instills one with a passion for freedom, for exploration: you never know what the road ahead may bring.",li,MemeDef/MemeDef.xml,def
VME_Nomad.descriptionMaker.rules.rulesStrings.16,animistProphecy(tag=meme_Nomad) ->[itIsSaid] only those who are able to live without roots and roam free can truly appease the spirits.,li,MemeDef/MemeDef.xml,def
VME_Nomad.descriptionMaker.rules.rulesStrings.17,"serketistProphecy(tag=meme_Nomad)->[itIsSaid] we will live free, like insects roaming across the whole land searching for whatever the road brings next.",li,MemeDef/MemeDef.xml,def
VME_Nomad.descriptionMaker.rules.rulesStrings.18,"chthonianProphecy(tag=meme_Nomad)->Staying in a single place will attract the ire of these eldritch entities. It is better to constantly be on the run, and never, never look behind you, for comic horrors await.",li,MemeDef/MemeDef.xml,def
VME_Nomad.descriptionMaker.rules.rulesStrings.19,"esotericismProphecy(tag=meme_Nomad)->Such occult knowledge will be extremely difficult to find, and we must roam free, searching every corner of the world.",li,MemeDef/MemeDef.xml,def
VME_Nomad.descriptionMaker.rules.rulesStrings.20,"eschatologismFact(tag=meme_Nomad)->We will scour every corner of the world, never resting, never slowing down, until we bring the end of days.",li,MemeDef/MemeDef.xml,def
VME_Nomad.descriptionMaker.rules.rulesStrings.21,"introMemo(tag=meme_Nomad)->In the interest of dedication, flexibility, and resolve, we have decided to implement a new policy of ""mobile offices"" that will greatly increase our productivity. Thank you for trusting in our ability to find new ways to continue to provide the best goods and services for our customers, all the while caring for our employees.",li,MemeDef/MemeDef.xml,def
VME_Nomad.descriptionMaker.rules.rulesStrings.22,"alienistProphecy(tag=meme_Nomad)->These wayward creatures can be our companions on the road, forever looking for a place where they can fit in.",li,MemeDef/MemeDef.xml,def
VME_BloodCourt.label,blood court,label,MemeDef/MemeDef.xml,def
VME_BloodCourt.description,Combat is an honorable and brutal practice.,description,MemeDef/MemeDef.xml,def
VME_BloodCourt.generalRules.rulesStrings.0,memeAdjective->bloody,li,MemeDef/MemeDef.xml,def
VME_BloodCourt.generalRules.rulesStrings.1,memeAdjective->brutal,li,MemeDef/MemeDef.xml,def
VME_BloodCourt.generalRules.rulesStrings.2,memeConcept->strength,li,MemeDef/MemeDef.xml,def
VME_BloodCourt.generalRules.rulesStrings.3,memeConcept->strife,li,MemeDef/MemeDef.xml,def
VME_BloodCourt.generalRules.rulesStrings.4,memeLeaderNoun->bloodletter,li,MemeDef/MemeDef.xml,def
VME_BloodCourt.generalRules.rulesStrings.5,memeLeaderNoun->gladiator,li,MemeDef/MemeDef.xml,def
VME_BloodCourt.descriptionMaker.rules.rulesStrings.0,"creation(tag=meme_BloodCourt)        ->[deity0_name] had slain the majority of the other gods, and [deity0_possessive] followers cowered in fear: ""Strength comes from an indomitable will. Only those of you who prove themselves in bloody combat will be worthy of my respect.""",li,MemeDef/MemeDef.xml,def
VME_BloodCourt.descriptionMaker.rules.rulesStrings.1,"episode(uses=1,tag=meme_BloodCourt)  ->Following the teachings of [deity0_name], we learned the most important lesson: ""Don't wait for extraordinary opportunities. Seize common occasions and make them great. Weak men wait for opportunities; strong men make them"".",li,MemeDef/MemeDef.xml,def
VME_BloodCourt.descriptionMaker.rules.rulesStrings.2,"intro(tag=meme_BloodCourt)           ->The [memberNamePlural] were renowned for their gladiatorial ring, dedicated to [deity0_name]. Bloody matches to the death were fought there to decide who would be the next leader.",li,MemeDef/MemeDef.xml,def
VME_BloodCourt.descriptionMaker.rules.rulesStrings.3,conflict(tag=meme_BloodCourt)        ->[founderName] was challenged to a duel. A joyous occasion for which the whole community set aside their differences. The winner would be the next leader and guide us to greatness.,li,MemeDef/MemeDef.xml,def
VME_BloodCourt.descriptionMaker.rules.rulesStrings.4,"founderJoin(tag=meme_BloodCourt)     ->[founderName], however, knew that [founder_possessive] opponent was going to cheat, for [deity0_name] had whispered the truth in [founder_possessive] dreams.",li,MemeDef/MemeDef.xml,def
VME_BloodCourt.descriptionMaker.rules.rulesStrings.5,"victory(tag=meme_BloodCourt)         ->While combat outside the ring was prohibited between adult members of the community, [deity0_name] allowed [founderName] to behead [founder_possessive] on his sleep, a complete humiliation and a disgrace for his family, thus consolidating [founderName]'s rule.",li,MemeDef/MemeDef.xml,def
VME_BloodCourt.descriptionMaker.rules.rulesStrings.6,"setup(tag=meme_BloodCourt)           ->[founderName] was a rampaging warlord, constantly fighting the remnants of a fallen star empire. [founder_pronoun] understood that conflict and strife are what guides a civilization. Complacency brings stagnation.",li,MemeDef/MemeDef.xml,def
VME_BloodCourt.descriptionMaker.rules.rulesStrings.7,"story(uses=1,tag=meme_BloodCourt)    ->[founder_pronoun] taught us that a strong, successful man is not the victim of his environment. He creates favorable conditions. His own inherent force and energy compel things to turn out as he desires.",li,MemeDef/MemeDef.xml,def
VME_BloodCourt.descriptionMaker.rules.rulesStrings.8,"lessonIntro(tag=meme_BloodCourt)         ->It was incredibly tough to grow up in that place, and not all of us made it. Even so, those who perished in the struggle made clear that",li,MemeDef/MemeDef.xml,def
VME_BloodCourt.descriptionMaker.rules.rulesStrings.9,"lesson(tag=meme_BloodCourt)              ->difficulties are meant to rouse, not discourage. The human spirit is to grow strong by conflict",li,MemeDef/MemeDef.xml,def
VME_BloodCourt.descriptionMaker.rules.rulesStrings.10,"lessonReinforcement(tag=meme_BloodCourt) ->You have power over your mind - not outside events. Realize this, and you will find strength.",li,MemeDef/MemeDef.xml,def
VME_BloodCourt.descriptionMaker.rules.rulesStrings.11,"archistBasis(tag=meme_BloodCourt)    ->Archotechs respect strength above all things. For those who are weak and defenseless are not truly human, and indeed worthless.",li,MemeDef/MemeDef.xml,def
VME_BloodCourt.descriptionMaker.rules.rulesStrings.12,"archistFact(tag=meme_BloodCourt)     ->To them, a person worthy of transcendence is an ordinary individual who finds strength to persevere and endure in spite of overwhelming obstacles.",li,MemeDef/MemeDef.xml,def
VME_BloodCourt.descriptionMaker.rules.rulesStrings.13,"archistProphecy(tag=meme_BloodCourt) ->[inTheEnd], only those who impose their will upon others by force will be worthy to ascend.",li,MemeDef/MemeDef.xml,def
VME_BloodCourt.descriptionMaker.rules.rulesStrings.14,"animistBasis(tag=meme_BloodCourt)    ->The spirits respect strength above all things. For those who are weak and defenseless are not truly human, and indeed worthless.",li,MemeDef/MemeDef.xml,def
VME_BloodCourt.descriptionMaker.rules.rulesStrings.15,"animistFact(tag=meme_BloodCourt)     ->To the spirits, a worthy person is an ordinary individual who finds strength to persevere and endure in spite of overwhelming obstacles.",li,MemeDef/MemeDef.xml,def
VME_BloodCourt.descriptionMaker.rules.rulesStrings.16,animistProphecy(tag=meme_BloodCourt) ->[itIsSaid] only those who impose their will upon others by force will be able to appease the spirits.,li,MemeDef/MemeDef.xml,def
VME_BloodCourt.descriptionMaker.rules.rulesStrings.17,serketistProphecy(tag=meme_BloodCourt)->[itIsSaid] we will crush all opposition that stands in our way.,li,MemeDef/MemeDef.xml,def
VME_BloodCourt.descriptionMaker.rules.rulesStrings.18,"chthonianProphecy(tag=meme_BloodCourt)->If we want to oppose these cruel eldritch entities, we can't abide weakness. Only by showing true strength do we even stand a chance against cosmic insanity.",li,MemeDef/MemeDef.xml,def
VME_BloodCourt.descriptionMaker.rules.rulesStrings.19,esotericismProphecy(tag=meme_BloodCourt)->Such occult knowledge won't be acquired without violence. Only by showing true strength can we hope to unlock the secrets of the Cosmos.,li,MemeDef/MemeDef.xml,def
VME_BloodCourt.descriptionMaker.rules.rulesStrings.20,"eschatologismFact(tag=meme_BloodCourt)->Of course, people will resist, clinging to their pathetic existance in this doomed, cursed world. We will crush them.",li,MemeDef/MemeDef.xml,def
VME_BloodCourt.descriptionMaker.rules.rulesStrings.21,introMemo(tag=meme_BloodCourt)->Are you interested in a promotion? I'm glad to inform you all that from now on we are scheduling company-approved gladiator fights around the coffee machine. Tired of your boss? Prove it!,li,MemeDef/MemeDef.xml,def
VME_BloodCourt.descriptionMaker.rules.rulesStrings.22,"alienistProphecy(tag=meme_BloodCourt)->These wayward creatures can show us what strength looks like, and by overpowering them we might prove to ourselves that we are deserving of it.",li,MemeDef/MemeDef.xml,def
VME_CityBuilders.label,city builders,label,MemeDef/MemeDef.xml,def
VME_CityBuilders.description,"Building is important to our kind, it is unwise to travel. We should build our home like a city.",description,MemeDef/MemeDef.xml,def
VME_CityBuilders.generalRules.rulesStrings.0,memeAdjective->building,li,MemeDef/MemeDef.xml,def
VME_CityBuilders.generalRules.rulesStrings.1,memeAdjective->industrious,li,MemeDef/MemeDef.xml,def
VME_CityBuilders.generalRules.rulesStrings.2,memeLeaderNoun->great builder,li,MemeDef/MemeDef.xml,def
VME_CityBuilders.generalRules.rulesStrings.3,memeLeaderNoun->architect,li,MemeDef/MemeDef.xml,def
VME_CityBuilders.generalRules.rulesStrings.4,memeConcept->cities,li,MemeDef/MemeDef.xml,def
VME_CityBuilders.descriptionMaker.rules.rulesStrings.0,"creation(tag=meme_CityBuilders)        ->[deity0_name] thus spoke to us: ""Build these cities and surround them with walls and towers, gates and bars. The land is yours because you have sought me; On every lofty mountain and on every high hill there will be streams running with water, until the towers fall"".",li,MemeDef/MemeDef.xml,def
VME_CityBuilders.descriptionMaker.rules.rulesStrings.1,"episode(uses=1,tag=meme_CityBuilders)  ->Following the teachings of [deity0_name], we struggled to become the richest faction of all. Poets will sing about prosperity and opulence long after we are gone.",li,MemeDef/MemeDef.xml,def
VME_CityBuilders.descriptionMaker.rules.rulesStrings.2,"intro(tag=meme_CityBuilders)           ->On the [place_summary] [place_name], the [memberNamePlural] built the greatest city, with a grand temple dedicated to [deity0_name].",li,MemeDef/MemeDef.xml,def
VME_CityBuilders.descriptionMaker.rules.rulesStrings.3,"conflict(tag=meme_CityBuilders)        ->An envious [foeLeader] wanted to conquer this city, for he was jealous of the leisure its inhabitants enjoyed. [foeLeader_possessive] assembled a huge army, and laid siege to the city.",li,MemeDef/MemeDef.xml,def
VME_CityBuilders.descriptionMaker.rules.rulesStrings.4,"founderJoin(tag=meme_CityBuilders)     ->[founderName], known as the Great Magistrate, laughed at this temerity. Didn't the [foeLeader] know that the city was sacred to [deity0_name]? Its walls were tall as mountains, and impenetrable.",li,MemeDef/MemeDef.xml,def
VME_CityBuilders.descriptionMaker.rules.rulesStrings.5,"victory(tag=meme_CityBuilders)         ->After several months, the [foeLeader] was forced to retreat, as most of [foeLeader_possessive] men were dying of starvation and exposure. The city had't fallen, and it would stand proud for millenia to come.",li,MemeDef/MemeDef.xml,def
VME_CityBuilders.descriptionMaker.rules.rulesStrings.6,"setup(tag=meme_CityBuilders)           ->[founderName] was a magistrate in a small settlement in the Rim. [founder_pronoun] believed that a squalid settlement stood little chance in the face of constant external threats, and he proposed a series of monumental construction projects that would turn the small hamlet into a sprawling metropolis.",li,MemeDef/MemeDef.xml,def
VME_CityBuilders.descriptionMaker.rules.rulesStrings.7,"story(uses=1,tag=meme_CityBuilders)    ->[founderName] is remembered as ther Great Architect, and [founder_possessive] city would stand proud for millenia to come.",li,MemeDef/MemeDef.xml,def
VME_CityBuilders.descriptionMaker.rules.rulesStrings.8,lessonIntro(tag=meme_CityBuilders)         ->In the oldest tomes I studied the forgotten art of siege warfare. If we want to make our cities stand proud we must understand that,li,MemeDef/MemeDef.xml,def
VME_CityBuilders.descriptionMaker.rules.rulesStrings.9,"lesson(tag=meme_CityBuilders)              ->the tallest, sturdiest walls are built not with stone, but with the work and sweat of men",li,MemeDef/MemeDef.xml,def
VME_CityBuilders.descriptionMaker.rules.rulesStrings.10,lessonReinforcement(tag=meme_CityBuilders) ->A well-defended city is resilient. A city built with love is invincible.,li,MemeDef/MemeDef.xml,def
VME_CityBuilders.descriptionMaker.rules.rulesStrings.11,archistBasis(tag=meme_CityBuilders)    ->The archotechs are the ultimate builders. The whole planet is transformed and adapted to suit their needs.,li,MemeDef/MemeDef.xml,def
VME_CityBuilders.descriptionMaker.rules.rulesStrings.12,"archistFact(tag=meme_CityBuilders)     ->We will mimic the construction prowess of the archotechs in our own cities, creating marvels of engineering that will stand the test of time.",li,MemeDef/MemeDef.xml,def
VME_CityBuilders.descriptionMaker.rules.rulesStrings.13,"archistProphecy(tag=meme_CityBuilders) ->[inTheEnd], the greatest builders among us will be chosen and allowed to transcend.",li,MemeDef/MemeDef.xml,def
VME_CityBuilders.descriptionMaker.rules.rulesStrings.14,animistBasis(tag=meme_CityBuilders)    ->There is no greater spirit than the spirit of creation. It manifests itself in anything that is built by a skilled crafter.,li,MemeDef/MemeDef.xml,def
VME_CityBuilders.descriptionMaker.rules.rulesStrings.15,animistFact(tag=meme_CityBuilders)     ->We will erect incredible marvels of engineering. Sprawling cities that will be a testament to the power of the spirit of creation.,li,MemeDef/MemeDef.xml,def
VME_CityBuilders.descriptionMaker.rules.rulesStrings.16,animistProphecy(tag=meme_CityBuilders) ->[itIsSaid] the greatest builders among us will be chosen and allowed to commune with the spirits.,li,MemeDef/MemeDef.xml,def
VME_CityBuilders.descriptionMaker.rules.rulesStrings.17,"serketistProphecy(tag=meme_CityBuilders)->[itIsSaid] we will build enormous hive-cities, like human termite mounds that will bloat the sun.",li,MemeDef/MemeDef.xml,def
VME_CityBuilders.descriptionMaker.rules.rulesStrings.18,"chthonianProphecy(tag=meme_CityBuilders)->The raw, brutal power of these eldritch entities is so immense that only by holing up in well-defended, armoured cities can we hope to withstand their corrosive influence.",li,MemeDef/MemeDef.xml,def
VME_CityBuilders.descriptionMaker.rules.rulesStrings.19,"esotericismProphecy(tag=meme_CityBuilders)->Such occult knowledge will only be unlocked with extensive experimentation. We will build majestic libraries and laboratories, sprawling cities where science is analyzed and disected.",li,MemeDef/MemeDef.xml,def
VME_CityBuilders.descriptionMaker.rules.rulesStrings.20,"eschatologismFact(tag=meme_CityBuilders)->We will build gigantic, spawling cities, from which our forces will pour like molten lead and burn the whole world.",li,MemeDef/MemeDef.xml,def
VME_CityBuilders.descriptionMaker.rules.rulesStrings.21,"introMemo(tag=meme_CityBuilders)->I'm happy to announce that we are opening seven new branches of the company. If you'd like to request a transference to any of them, please let me know ASAP.",li,MemeDef/MemeDef.xml,def
VME_CityBuilders.descriptionMaker.rules.rulesStrings.22,alienistProphecy(tag=meme_CityBuilders)->These wayward creatures can be useful when building our glorious cities.,li,MemeDef/MemeDef.xml,def
VME_MechanoidSupremacy.label,mechanoid supremacy,label,MemeDef/MemeDef.xml,def
VME_MechanoidSupremacy.description,"Mechanoids are better than humanity in all ways, and should be considered as our superiors.",description,MemeDef/MemeDef.xml,def
VME_MechanoidSupremacy.generalRules.rulesStrings.0,memeAdjective->mechanoid,li,MemeDef/MemeDef.xml,def
VME_MechanoidSupremacy.generalRules.rulesStrings.1,memeAdjective->machine,li,MemeDef/MemeDef.xml,def
VME_MechanoidSupremacy.generalRules.rulesStrings.2,memeAdjective->cybernetic,li,MemeDef/MemeDef.xml,def
VME_MechanoidSupremacy.generalRules.rulesStrings.3,memeCreed->perfection,li,MemeDef/MemeDef.xml,def
VME_MechanoidSupremacy.generalRules.rulesStrings.4,memeCreed->mechanoids,li,MemeDef/MemeDef.xml,def
VME_MechanoidSupremacy.generalRules.rulesStrings.5,memeHyphenPrefix->techno,li,MemeDef/MemeDef.xml,def
VME_MechanoidSupremacy.generalRules.rulesStrings.6,memeHyphenPrefix->cyber,li,MemeDef/MemeDef.xml,def
VME_MechanoidSupremacy.generalRules.rulesStrings.7,memeHyphenPrefix->mecha,li,MemeDef/MemeDef.xml,def
VME_MechanoidSupremacy.generalRules.rulesStrings.8,memeConcept->technology,li,MemeDef/MemeDef.xml,def
VME_MechanoidSupremacy.generalRules.rulesStrings.9,memeConcept->silicon,li,MemeDef/MemeDef.xml,def
VME_MechanoidSupremacy.generalRules.rulesStrings.10,memeConcept->mechanoids,li,MemeDef/MemeDef.xml,def
VME_MechanoidSupremacy.generalRules.rulesStrings.11,memeLeaderNoun->cyborg,li,MemeDef/MemeDef.xml,def
VME_MechanoidSupremacy.generalRules.rulesStrings.12,memeLeaderAdjective->techno,li,MemeDef/MemeDef.xml,def
VME_MechanoidSupremacy.generalRules.rulesStrings.13,memeLeaderAdjective->mecha,li,MemeDef/MemeDef.xml,def
VME_MechanoidSupremacy.descriptionMaker.rules.rulesStrings.0,"creation(tag=meme_MechanoidSupremacy)        ->[deity0_name] spoke to [deity0_possessive] followers: ""Mechanoids were created in my image. Their form is sacred, and you must aspire to become more like them.""",li,MemeDef/MemeDef.xml,def
VME_MechanoidSupremacy.descriptionMaker.rules.rulesStrings.1,"episode(uses=1,tag=meme_MechanoidSupremacy)  ->Following the teachings of [deity0_name], we built countless mechanoid statues with their divine forms.",li,MemeDef/MemeDef.xml,def
VME_MechanoidSupremacy.descriptionMaker.rules.rulesStrings.2,"intro(tag=meme_MechanoidSupremacy)           ->On the [place_summary] [place_name], the [memberNamePlural] built a gigantic statue of a biped mechanoid, its surface covered in a myriad vicious scythes, said to resemble the divine image of [deity0_name].",li,MemeDef/MemeDef.xml,def
VME_MechanoidSupremacy.descriptionMaker.rules.rulesStrings.3,"conflict(tag=meme_MechanoidSupremacy)        ->An apostate [foeLeader] saw the image as blasphemous, as [foeLeader_pronoun] venerated a false deity [foeLeader_objective]self, and sought to topple the statue and imprison [deity0_name]'s followers.",li,MemeDef/MemeDef.xml,def
VME_MechanoidSupremacy.descriptionMaker.rules.rulesStrings.4,"founderJoin(tag=meme_MechanoidSupremacy)     ->[founderName], Great Mechanopriest of [deity0_name], prayed to [deity0_objective] to fight against the fearsome enemy, and [deity0_name] summoned from the skies the vessels of a mechanoid hive.",li,MemeDef/MemeDef.xml,def
VME_MechanoidSupremacy.descriptionMaker.rules.rulesStrings.5,"victory(tag=meme_MechanoidSupremacy)         ->The mechanoids slaughtered the [foeLeader] and [foeLeader_possessive] soldiers, forever cemmenting the power of [deity0_name].",li,MemeDef/MemeDef.xml,def
VME_MechanoidSupremacy.descriptionMaker.rules.rulesStrings.6,"setup(tag=meme_MechanoidSupremacy)           ->[founderName] spent most of [founder_possessive] life studying mechanoids. [founder_pronoun] came to believe that mechanoids were humanity perfected, the next stage of evolution.",li,MemeDef/MemeDef.xml,def
VME_MechanoidSupremacy.descriptionMaker.rules.rulesStrings.7,"story(uses=1,tag=meme_MechanoidSupremacy)    ->Seeking to continue [founder_possessive] studies, [founderName] assembled a team of scientists and chartered a ship to travel to the Rim, where [founder_possessive] experiments wouldn't be seen with fear and suspicion.",li,MemeDef/MemeDef.xml,def
VME_MechanoidSupremacy.descriptionMaker.rules.rulesStrings.8,lessonIntro(tag=meme_MechanoidSupremacy)         ->My experiments with mechanoids were extensive and thorough. After many years of toiling I came to the conclusion that,li,MemeDef/MemeDef.xml,def
VME_MechanoidSupremacy.descriptionMaker.rules.rulesStrings.9,"lesson(tag=meme_MechanoidSupremacy)              ->mechanoids are humanity perfected, the next stage of evolution",li,MemeDef/MemeDef.xml,def
VME_MechanoidSupremacy.descriptionMaker.rules.rulesStrings.10,"lessonReinforcement(tag=meme_MechanoidSupremacy) ->Mechanoids never tire, never wither, never need for sustenance. They are simply superior to us organic beings in all respects.",li,MemeDef/MemeDef.xml,def
VME_MechanoidSupremacy.descriptionMaker.rules.rulesStrings.11,archistBasis(tag=meme_MechanoidSupremacy)    ->Archotechs build innumerable mechanoids in their own image. Wondrous machines that are far beyond our capabilities.,li,MemeDef/MemeDef.xml,def
VME_MechanoidSupremacy.descriptionMaker.rules.rulesStrings.12,"archistFact(tag=meme_MechanoidSupremacy)     ->The mechanoids that are created by archotechs are perfect machines, never tiring, never withering, never needing for sustenance.",li,MemeDef/MemeDef.xml,def
VME_MechanoidSupremacy.descriptionMaker.rules.rulesStrings.13,"archistProphecy(tag=meme_MechanoidSupremacy) ->[inTheEnd], only by studying and revering the mechanoids can we hope to get closer to the archotechs, and perhaps participate in transcendence.",li,MemeDef/MemeDef.xml,def
VME_MechanoidSupremacy.descriptionMaker.rules.rulesStrings.14,animistBasis(tag=meme_MechanoidSupremacy)    ->Mechanoids are animated by the most powerful spirits of all. The ravening spirits of machines that hate all life.,li,MemeDef/MemeDef.xml,def
VME_MechanoidSupremacy.descriptionMaker.rules.rulesStrings.15,"animistFact(tag=meme_MechanoidSupremacy)     ->Only by appeasing the machine spirits can we hope to evade their ire, for they are blind to the material world.",li,MemeDef/MemeDef.xml,def
VME_MechanoidSupremacy.descriptionMaker.rules.rulesStrings.16,animistProphecy(tag=meme_MechanoidSupremacy) ->[itIsSaid] only those who venerate and revere the mechanoids can truly commune with the spirits.,li,MemeDef/MemeDef.xml,def
VME_MechanoidSupremacy.descriptionMaker.rules.rulesStrings.17,"serketistProphecy(tag=meme_MechanoidSupremacy)->[itIsSaid] we will create the perfect being, a mechanoid insect infused with archotech technology that will bring a new era of prosperity.",li,MemeDef/MemeDef.xml,def
VME_MechanoidSupremacy.descriptionMaker.rules.rulesStrings.18,"chthonianProphecy(tag=meme_MechanoidSupremacy)->We are nothing to these eldritch entities, and only by fusing our bodies with those of the most powerful machines can we hope to stand a chance against them.",li,MemeDef/MemeDef.xml,def
VME_MechanoidSupremacy.descriptionMaker.rules.rulesStrings.19,"esotericismProphecy(tag=meme_MechanoidSupremacy)->Such occult knowledge will be hard to find. We will study the bodies of the mechanoids, for they are perfect beings and the key to unlocking the secrets of the Cosmos.",li,MemeDef/MemeDef.xml,def
VME_MechanoidSupremacy.descriptionMaker.rules.rulesStrings.20,"eschatologismFact(tag=meme_MechanoidSupremacy)->We will emulate the rage and ferocity of the mechanoids, perfect beings who are hell-bent on eradicating humanity.",li,MemeDef/MemeDef.xml,def
VME_MechanoidSupremacy.descriptionMaker.rules.rulesStrings.21,"introMemo(tag=meme_MechanoidSupremacy)->Starting next quarter, we will provide a helpful mechanoid companion to each of our employees. They will come pre-configured with a brand new productivity suite that I think most of you will find super useful to increase your proactivity and ROI.",li,MemeDef/MemeDef.xml,def
VME_MechanoidSupremacy.descriptionMaker.rules.rulesStrings.22,"alienistProphecy(tag=meme_MechanoidSupremacy)->These wayward creatures are faulty, mere biological machines that pale in comparison to any mechanoid, but they are a step in the right direction.",li,MemeDef/MemeDef.xml,def
VME_InsectoidSupremacy.label,insectoid supremacy,label,MemeDef/MemeDef.xml,def
VME_InsectoidSupremacy.description,"Insectoids are better than humanity in all ways, and should be considered as our superiors.",description,MemeDef/MemeDef.xml,def
VME_InsectoidSupremacy.generalRules.rulesStrings.0,memeAdjective->insectoid,li,MemeDef/MemeDef.xml,def
VME_InsectoidSupremacy.generalRules.rulesStrings.1,memeAdjective->chitinous,li,MemeDef/MemeDef.xml,def
VME_InsectoidSupremacy.generalRules.rulesStrings.2,memeAdjective->insectile,li,MemeDef/MemeDef.xml,def
VME_InsectoidSupremacy.generalRules.rulesStrings.3,memeCreed->perfection,li,MemeDef/MemeDef.xml,def
VME_InsectoidSupremacy.generalRules.rulesStrings.4,memeCreed->insectoids,li,MemeDef/MemeDef.xml,def
VME_InsectoidSupremacy.generalRules.rulesStrings.5,memeHyphenPrefix->bug,li,MemeDef/MemeDef.xml,def
VME_InsectoidSupremacy.generalRules.rulesStrings.6,memeHyphenPrefix->fly,li,MemeDef/MemeDef.xml,def
VME_InsectoidSupremacy.generalRules.rulesStrings.7,memeConcept->insects,li,MemeDef/MemeDef.xml,def
VME_InsectoidSupremacy.descriptionMaker.rules.rulesStrings.0,"creation(tag=meme_InsectoidSupremacy)        ->[deity0_name] visage is otherworldly: a moving mass of chitin-covered flesh, thousands of small insects constantly darting in and out of its armoured plates.""",li,MemeDef/MemeDef.xml,def
VME_InsectoidSupremacy.descriptionMaker.rules.rulesStrings.1,"episode(uses=1,tag=meme_InsectoidSupremacy)  ->[deity0_name] commanded [deity0_possessive] followers: ""respect and revere the insectoids, for they are my children and they were created in my own image"".",li,MemeDef/MemeDef.xml,def
VME_InsectoidSupremacy.descriptionMaker.rules.rulesStrings.2,"intro(tag=meme_InsectoidSupremacy)           ->On the [place_summary] [place_name], the [memberNamePlural] built a great human hive, a testament to the glory of [deity0_name].",li,MemeDef/MemeDef.xml,def
VME_InsectoidSupremacy.descriptionMaker.rules.rulesStrings.3,"conflict(tag=meme_InsectoidSupremacy)        ->An evil [foeLeader] despised [foeLeader_possessive] neighbours, and wanted to return to the ancient times when men lived apart from each other, isolated.",li,MemeDef/MemeDef.xml,def
VME_InsectoidSupremacy.descriptionMaker.rules.rulesStrings.4,"founderJoin(tag=meme_InsectoidSupremacy)     ->[founderName], the Chosen of [deity0_name], heard of the apostasy of the [foeLeader], and sought to convince [foeLeader_objective] of the error of [foeLeader_possessive] isolationist ways.",li,MemeDef/MemeDef.xml,def
VME_InsectoidSupremacy.descriptionMaker.rules.rulesStrings.5,"victory(tag=meme_InsectoidSupremacy)         ->[founderName] extorted the virtues of [deity0_name]'s swarm cities, and the [foeLeader] was convinced of the truth behind [founder_possessive] words.",li,MemeDef/MemeDef.xml,def
VME_InsectoidSupremacy.descriptionMaker.rules.rulesStrings.6,"setup(tag=meme_InsectoidSupremacy)           ->[founderName] was a biologist in one of the Glitterworlds. [founder_pronoun] spent [founder_possessive] whole youth studying insectoids, and came to the conclusion that they are a perfect lifeform. Adaptive, strong and resilient.",li,MemeDef/MemeDef.xml,def
VME_InsectoidSupremacy.descriptionMaker.rules.rulesStrings.7,"story(uses=1,tag=meme_InsectoidSupremacy)    ->Seeking to continue [founder_possessive] studies, [founderName] assembled a team of scientists and chartered a ship to travel to the Rim, where [founder_possessive] experiments wouldn't be seen with fear and suspicion.",li,MemeDef/MemeDef.xml,def
VME_InsectoidSupremacy.descriptionMaker.rules.rulesStrings.8,lessonIntro(tag=meme_InsectoidSupremacy)         ->My experiments with insectoids were extensive and thorough. After many years of toiling I came to the conclusion that,li,MemeDef/MemeDef.xml,def
VME_InsectoidSupremacy.descriptionMaker.rules.rulesStrings.9,"lesson(tag=meme_InsectoidSupremacy)              ->insectoids are the perfect lifeform, the next stage of evolution",li,MemeDef/MemeDef.xml,def
VME_InsectoidSupremacy.descriptionMaker.rules.rulesStrings.10,"lessonReinforcement(tag=meme_InsectoidSupremacy) ->Insectoids are adaptive, strong and resilient. They are simply superior to us humans in all respects.",li,MemeDef/MemeDef.xml,def
VME_InsectoidSupremacy.descriptionMaker.rules.rulesStrings.11,"archistBasis(tag=meme_InsectoidSupremacy)    ->In their infinite wisdom, the archotechs inspired humans to bio-engineer the perfect lifeform: insectoids.",li,MemeDef/MemeDef.xml,def
VME_InsectoidSupremacy.descriptionMaker.rules.rulesStrings.12,archistFact(tag=meme_InsectoidSupremacy)     ->Insectoids show us that biological evolution is just another step on the path to transcendence.,li,MemeDef/MemeDef.xml,def
VME_InsectoidSupremacy.descriptionMaker.rules.rulesStrings.13,"archistProphecy(tag=meme_InsectoidSupremacy) ->[inTheEnd], only those who properly revere the perfect forms of the insectoids will be chosen by the archotechs.",li,MemeDef/MemeDef.xml,def
VME_InsectoidSupremacy.descriptionMaker.rules.rulesStrings.14,"animistBasis(tag=meme_InsectoidSupremacy)    ->Among the animal spirits, those who watch over the insectoids are the most powerful.",li,MemeDef/MemeDef.xml,def
VME_InsectoidSupremacy.descriptionMaker.rules.rulesStrings.15,"animistFact(tag=meme_InsectoidSupremacy)     ->Insectoids are perfect creatures. Adaptive, strong and resilient. They are simply superior to us humans in all respects, and the spirits that govern them reign supreme.",li,MemeDef/MemeDef.xml,def
VME_InsectoidSupremacy.descriptionMaker.rules.rulesStrings.16,animistProphecy(tag=meme_InsectoidSupremacy) ->[itIsSaid] only those who properly revere the perfect forms of the insectoids can truly appease the spirits.,li,MemeDef/MemeDef.xml,def
VME_InsectoidSupremacy.descriptionMaker.rules.rulesStrings.17,"serketistProphecy(tag=meme_InsectoidSupremacy)->[itIsSaid] we will become like perfect, holy insects. I, for one, welcome our new insect overlords.",li,MemeDef/MemeDef.xml,def
VME_InsectoidSupremacy.descriptionMaker.rules.rulesStrings.18,"chthonianProphecy(tag=meme_InsectoidSupremacy)->We are nothing to these eldritch entities, and only by fusing our bodies with those of the most powerful insectoids can we hope to stand a chance against them.",li,MemeDef/MemeDef.xml,def
VME_InsectoidSupremacy.descriptionMaker.rules.rulesStrings.19,"esotericismProphecy(tag=meme_InsectoidSupremacy)->Such occult knowledge can be sought in the mysterious fractal patterns of an insectoid carapace. They are the perfect lifeform, the next stage of evolution.",li,MemeDef/MemeDef.xml,def
VME_InsectoidSupremacy.descriptionMaker.rules.rulesStrings.20,"eschatologismFact(tag=meme_InsectoidSupremacy)->Like a devouring swarm of ravenous insects we will descend upon our enemies, and leave only their bones, devoid of flesh.",li,MemeDef/MemeDef.xml,def
VME_InsectoidSupremacy.descriptionMaker.rules.rulesStrings.21,"introMemo(tag=meme_InsectoidSupremacy)->Concerning the constant reports about cockroaches in the cafeteria, need I remind you that cockroaches are living creatures, as worthy of respect as you and I? I will not allow a single more furtive call to a pest control company!",li,MemeDef/MemeDef.xml,def
VME_InsectoidSupremacy.descriptionMaker.rules.rulesStrings.22,"alienistProphecy(tag=meme_InsectoidSupremacy)->Among these genetically modified animals lies the insectoid geneline that was developed at Sorne, and that brought us the perfect lifeform.",li,MemeDef/MemeDef.xml,def
VME_PartyLife.label,party life,label,MemeDef/MemeDef.xml,def
VME_PartyLife.description,Life is too short not to enjoy every celebration.,description,MemeDef/MemeDef.xml,def
VME_PartyLife.generalRules.rulesStrings.0,memeCreed->party,li,MemeDef/MemeDef.xml,def
VME_PartyLife.generalRules.rulesStrings.1,memeAdjective->revelling,li,MemeDef/MemeDef.xml,def
VME_PartyLife.generalRules.rulesStrings.2,memeAdjective->dancing,li,MemeDef/MemeDef.xml,def
VME_PartyLife.generalRules.rulesStrings.3,memeAdjective->enjoying,li,MemeDef/MemeDef.xml,def
VME_PartyLife.generalRules.rulesStrings.4,memeConcept->celebration,li,MemeDef/MemeDef.xml,def
VME_PartyLife.generalRules.rulesStrings.5,memeConcept->festivity,li,MemeDef/MemeDef.xml,def
VME_PartyLife.generalRules.rulesStrings.6,memeLeaderNoun->merrymaker,li,MemeDef/MemeDef.xml,def
VME_PartyLife.generalRules.rulesStrings.7,memeMoralist->reveler,li,MemeDef/MemeDef.xml,def
VME_PartyLife.descriptionMaker.rules.rulesStrings.0,"creation(tag=meme_PartyLife)        ->[deity0_name] spoke to [deity0_possessive] followers: ""Mark this day in your calendars as an occasion for revelry, for celebrations are sacred to me.""",li,MemeDef/MemeDef.xml,def
VME_PartyLife.descriptionMaker.rules.rulesStrings.1,"episode(uses=1,tag=meme_PartyLife)  ->From that day on, we celebrated.",li,MemeDef/MemeDef.xml,def
VME_PartyLife.descriptionMaker.rules.rulesStrings.2,"intro(tag=meme_PartyLife)           ->On the [place_summary] [place_name], the [memberNamePlural] built a gigantic scenario. It would be the perfect place to party, and glorify [deity0_name].",li,MemeDef/MemeDef.xml,def
VME_PartyLife.descriptionMaker.rules.rulesStrings.3,"conflict(tag=meme_PartyLife)        ->The neighbours, however, weren't happy with the amount of noise, for they wanted their hard earned repose.",li,MemeDef/MemeDef.xml,def
VME_PartyLife.descriptionMaker.rules.rulesStrings.4,"founderJoin(tag=meme_PartyLife)     ->[founderName], known as the Great Reveler, would have none of that nonsense. Rest is for the weak! Bring more cocktails!",li,MemeDef/MemeDef.xml,def
VME_PartyLife.descriptionMaker.rules.rulesStrings.5,victory(tag=meme_PartyLife)         ->So they turned the level of the music even higher. Party on!,li,MemeDef/MemeDef.xml,def
VME_PartyLife.descriptionMaker.rules.rulesStrings.6,"setup(tag=meme_PartyLife)           ->[founderName] was a renowned philosopher, [founder_possessive] name heard all across the stars. [founder_pronoun] posited that life is too short to be lived without enjoying oneself, and that only by extolling the virtues of a party life can one hope to be truly fulfilled.",li,MemeDef/MemeDef.xml,def
VME_PartyLife.descriptionMaker.rules.rulesStrings.7,"story(uses=1,tag=meme_PartyLife)    ->Unfortunately, [founder_pronoun] was found dead of an overdose a few years back. That must have been one hell of a party!",li,MemeDef/MemeDef.xml,def
VME_PartyLife.descriptionMaker.rules.rulesStrings.8,"lessonIntro(tag=meme_PartyLife)         ->Listen, listen, come closer. Oh, man, what a hangover... You see, I want to tell you that",li,MemeDef/MemeDef.xml,def
VME_PartyLife.descriptionMaker.rules.rulesStrings.9,"lesson(tag=meme_PartyLife)              ->I love going out. I love partying. Yeah, that's it",li,MemeDef/MemeDef.xml,def
VME_PartyLife.descriptionMaker.rules.rulesStrings.10,"lessonReinforcement(tag=meme_PartyLife) ->Now bugger off, and stop shouting. Damn, my poor head...",li,MemeDef/MemeDef.xml,def
VME_PartyLife.descriptionMaker.rules.rulesStrings.11,"archistBasis(tag=meme_PartyLife)    ->Do you really think the archotechs, in their infinite wisdom, care anything for those who don't know how to enjoy themselves?",li,MemeDef/MemeDef.xml,def
VME_PartyLife.descriptionMaker.rules.rulesStrings.12,"archistFact(tag=meme_PartyLife)     ->The archotechs can't ascend everyone, and it stands to reason that they will choose the funniest, happiest among us.",li,MemeDef/MemeDef.xml,def
VME_PartyLife.descriptionMaker.rules.rulesStrings.13,"archistProphecy(tag=meme_PartyLife) ->[inTheEnd], only those who spend their lives partying in a thousand reveries will be allowed to transcend.",li,MemeDef/MemeDef.xml,def
VME_PartyLife.descriptionMaker.rules.rulesStrings.14,animistBasis(tag=meme_PartyLife)    ->The spirits want us to enjoy life. What sense does it make to pass through life like a shadow?,li,MemeDef/MemeDef.xml,def
VME_PartyLife.descriptionMaker.rules.rulesStrings.15,"animistFact(tag=meme_PartyLife)     ->Among the spirits, the spirit of joy and revelry has unrivaled wisdom. It alone knows how to enjoy itself.",li,MemeDef/MemeDef.xml,def
VME_PartyLife.descriptionMaker.rules.rulesStrings.16,animistProphecy(tag=meme_PartyLife) ->[itIsSaid] only those who spend their lives partying in a thousand reveries can truly appease the spirits.,li,MemeDef/MemeDef.xml,def
VME_PartyLife.descriptionMaker.rules.rulesStrings.17,"serketistProphecy(tag=meme_PartyLife)->[itIsSaid] we will party. This... actually has nothing to do with insects whatsoever. I guess... a beetle probably would enjoy a beer? Yeah, let's go with that. I'm drunk already anyway.",li,MemeDef/MemeDef.xml,def
VME_PartyLife.descriptionMaker.rules.rulesStrings.18,"chthonianProphecy(tag=meme_PartyLife)->Such eldritch entities can't be fought, can't be defeated. We might as well be drunk out of our minds if we have to face them.",li,MemeDef/MemeDef.xml,def
VME_PartyLife.descriptionMaker.rules.rulesStrings.19,esotericismProphecy(tag=meme_PartyLife)->Such occult knowledge can't be faced sober.,li,MemeDef/MemeDef.xml,def
VME_PartyLife.descriptionMaker.rules.rulesStrings.20,"eschatologismFact(tag=meme_PartyLife)->The world will burn, and this is something that is better not to face sober.",li,MemeDef/MemeDef.xml,def
VME_PartyLife.descriptionMaker.rules.rulesStrings.21,introMemo(tag=meme_PartyLife)->It's our favourite time of the year already! The company's mandatory team-building exercise will be scheduled for this next Tuesday. Remember to bring your tennis paddles!,li,MemeDef/MemeDef.xml,def
VME_PartyLife.descriptionMaker.rules.rulesStrings.22,"alienistProphecy(tag=meme_PartyLife)->I have heard there is even some weird lizard that turns plants into alcohol. Ohhh, man, I could hug that lizard right now.",li,MemeDef/MemeDef.xml,def
VME_Anonymity.label,anonymity,label,MemeDef/MemeDef.xml,def
VME_Anonymity.description,"It is better not to know your own kind and remain distant.\n\n<color=#E5E54C>Gameplay effect:</color>\n - Anonymity severely affects both prisoner and slave interactions: wardens with the anonymity meme will get angry when they have to interact with prisoners. Slaves with the anonymity meme can't be suppressed by wardens, as they will ignore the social interaction. Long story short, don't use an ideo with this meme if you are planning on having lots of prisoners or slaves!",description,MemeDef/MemeDef.xml,def
VME_Anonymity.generalRules.rulesStrings.0,memeCreed->anonymity,li,MemeDef/MemeDef.xml,def
VME_Anonymity.generalRules.rulesStrings.1,memeAdjective->anonymous,li,MemeDef/MemeDef.xml,def
VME_Anonymity.generalRules.rulesStrings.2,memeAdjective->mysterious,li,MemeDef/MemeDef.xml,def
VME_Anonymity.generalRules.rulesStrings.3,memeAdjective->nameless,li,MemeDef/MemeDef.xml,def
VME_Anonymity.generalRules.rulesStrings.4,memeAdjective->inconspicuous,li,MemeDef/MemeDef.xml,def
VME_Anonymity.generalRules.rulesStrings.5,memeConcept->privacy,li,MemeDef/MemeDef.xml,def
VME_Anonymity.generalRules.rulesStrings.6,memeConcept->anonymity,li,MemeDef/MemeDef.xml,def
VME_Anonymity.generalRules.rulesStrings.7,memeLeaderNoun->anon,li,MemeDef/MemeDef.xml,def
VME_Anonymity.descriptionMaker.rules.rulesStrings.0,"creation(tag=meme_Anonymity)        ->[deity0_name] didn't speak to [deity0_possessive] followers, and instead just looked at them sternly. They understood the need for complete silence.",li,MemeDef/MemeDef.xml,def
VME_Anonymity.descriptionMaker.rules.rulesStrings.1,"episode(uses=1,tag=meme_Anonymity)  ->[deity0_name]'s utter silence was interpreted as a portent, and we have stayed silent since then.",li,MemeDef/MemeDef.xml,def
VME_Anonymity.descriptionMaker.rules.rulesStrings.2,"intro(tag=meme_Anonymity)           ->On the [place_summary] [place_name], the [memberNamePlural] built a giant temple erected in complete silence, a mute testament to [deity0_name]'s will.",li,MemeDef/MemeDef.xml,def
VME_Anonymity.descriptionMaker.rules.rulesStrings.3,"conflict(tag=meme_Anonymity)        ->An evil [foeLeader] despised this silence, and wanted to plunge the world into a multitudinous cacophony. [foeLeader_pronoun] wanted to tear down the temple and watch it burn.",li,MemeDef/MemeDef.xml,def
VME_Anonymity.descriptionMaker.rules.rulesStrings.4,"founderJoin(tag=meme_Anonymity)     ->[founderName], the Silent One, would have nothing of this heressy, and plunged a poisoned blade into the heart of the [foeLeader] in the dead of night.",li,MemeDef/MemeDef.xml,def
VME_Anonymity.descriptionMaker.rules.rulesStrings.5,"victory(tag=meme_Anonymity)         ->[founderName] didn't want any accolades for [founder_possessive] acts, for [founder_pronoun] just wanted to be left alone.",li,MemeDef/MemeDef.xml,def
VME_Anonymity.descriptionMaker.rules.rulesStrings.6,"setup(tag=meme_Anonymity)           ->We are not really sure who [founderName] actually was. Perhaps [founder_pronoun] didn't even exist, and we just have a faint recollection of a mythology of sorts. In any case, it is ascribed to [founder_objective] that a solitary life of contemplation and isolation is a goal in and of itself.",li,MemeDef/MemeDef.xml,def
VME_Anonymity.descriptionMaker.rules.rulesStrings.7,"story(uses=1,tag=meme_Anonymity)    ->Anonymity is a shield from the tyranny of the majority.",li,MemeDef/MemeDef.xml,def
VME_Anonymity.descriptionMaker.rules.rulesStrings.8,"lessonIntro(tag=meme_Anonymity)         ->Let me put down these words on paper, for relaying them to you by voice is repulsive:",li,MemeDef/MemeDef.xml,def
VME_Anonymity.descriptionMaker.rules.rulesStrings.9,lesson(tag=meme_Anonymity)              ->you never appreciate your anonymity until you don't have it anymore,li,MemeDef/MemeDef.xml,def
VME_Anonymity.descriptionMaker.rules.rulesStrings.10,"lessonReinforcement(tag=meme_Anonymity) ->Wanting to be unknown, unpossessed by others' knowledge of you. That is freedom.",li,MemeDef/MemeDef.xml,def
VME_Anonymity.descriptionMaker.rules.rulesStrings.11,"archistBasis(tag=meme_Anonymity)    ->The archotechs are unknown and unknowable, shielded behind the ultimate mask: transcendence.",li,MemeDef/MemeDef.xml,def
VME_Anonymity.descriptionMaker.rules.rulesStrings.12,"archistFact(tag=meme_Anonymity)     ->The archotechs ask: ""What is the purpose of civilization if not to grant the greatest of gifts, anonymity?"".",li,MemeDef/MemeDef.xml,def
VME_Anonymity.descriptionMaker.rules.rulesStrings.13,"archistProphecy(tag=meme_Anonymity) ->[inTheEnd], only those who spend their lives in anonymity will be allowed to transcend.",li,MemeDef/MemeDef.xml,def
VME_Anonymity.descriptionMaker.rules.rulesStrings.14,"animistBasis(tag=meme_Anonymity)    ->The spirits do not care about our meaningless identities, and would prefer us to stay anonymous.",li,MemeDef/MemeDef.xml,def
VME_Anonymity.descriptionMaker.rules.rulesStrings.15,animistFact(tag=meme_Anonymity)     ->They show us that a solitary life of contemplation and isolation is a goal in and of itself.,li,MemeDef/MemeDef.xml,def
VME_Anonymity.descriptionMaker.rules.rulesStrings.16,animistProphecy(tag=meme_Anonymity) ->[itIsSaid] only those who spend their lives in solitude and silence can truly commune with the spirits.,li,MemeDef/MemeDef.xml,def
VME_Anonymity.descriptionMaker.rules.rulesStrings.17,"serketistProphecy(tag=meme_Anonymity)->[itIsSaid] we will fade into anonymity like a myriad ants, part of a whole but insignificant on their own.",li,MemeDef/MemeDef.xml,def
VME_Anonymity.descriptionMaker.rules.rulesStrings.18,"chthonianProphecy(tag=meme_Anonymity)->It is madness to raise our voice in defiance of these entities, and thus we shall remain silent, isolated, lest we attract their unwanted attention.",li,MemeDef/MemeDef.xml,def
VME_Anonymity.descriptionMaker.rules.rulesStrings.19,esotericismProphecy(tag=meme_Anonymity)->Such occult knowledge can only be discovered through careful meditation. And perhaps we will discover that a solitary life of contemplation and isolation is a goal in and of itself.,li,MemeDef/MemeDef.xml,def
VME_Anonymity.descriptionMaker.rules.rulesStrings.20,"eschatologismFact(tag=meme_Anonymity)->The world will burn, and we shall be the faceless and anonymous bringers of its downfall.",li,MemeDef/MemeDef.xml,def
VME_Anonymity.descriptionMaker.rules.rulesStrings.21,"introMemo(tag=meme_Anonymity)->Lately we have had multiple instances of people using ""Reply All"" on company e-mails. Let me remind you that this is unnecessary and leads to confusion.",li,MemeDef/MemeDef.xml,def
VME_Anonymity.descriptionMaker.rules.rulesStrings.22,"alienistProphecy(tag=meme_Anonymity)->Animals do not care about human. We can be ourselves with them, as they are not as prone to judgement as humans are.",li,MemeDef/MemeDef.xml,def
VME_Emancipation.label,emancipation,label,MemeDef/MemeDef.xml,def
VME_Emancipation.description,"People should never be enslaved, and all slaves should be freed.",description,MemeDef/MemeDef.xml,def
VME_Emancipation.generalRules.rulesStrings.0,memeAdjective->emancipating,li,MemeDef/MemeDef.xml,def
VME_Emancipation.generalRules.rulesStrings.1,memeAdjective->liberating,li,MemeDef/MemeDef.xml,def
VME_Emancipation.generalRules.rulesStrings.2,memeAdjective->free,li,MemeDef/MemeDef.xml,def
VME_Emancipation.generalRules.rulesStrings.3,memeAdjective->independent,li,MemeDef/MemeDef.xml,def
VME_Emancipation.generalRules.rulesStrings.4,memeLeaderNoun->emancipator,li,MemeDef/MemeDef.xml,def
VME_Emancipation.generalRules.rulesStrings.5,memeCreed->emancipation,li,MemeDef/MemeDef.xml,def
VME_Emancipation.generalRules.rulesStrings.6,memeHyphenPrefix->free,li,MemeDef/MemeDef.xml,def
VME_Emancipation.generalRules.rulesStrings.7,memeConcept->freedom,li,MemeDef/MemeDef.xml,def
VME_Emancipation.descriptionMaker.rules.rulesStrings.0,"creation(tag=meme_Emancipation)        ->[deity0_name] showed us that slavery is aberrant, and should be stopped at all costs.",li,MemeDef/MemeDef.xml,def
VME_Emancipation.descriptionMaker.rules.rulesStrings.1,"episode(uses=1,tag=meme_Emancipation)  ->[deity0_name] said to all the [memberNamePlural], ""Those who deny freedom to others, deserve it not for themselves.""",li,MemeDef/MemeDef.xml,def
VME_Emancipation.descriptionMaker.rules.rulesStrings.2,"intro(tag=meme_Emancipation)           ->On the [place_summary] [place_name], a tradition began at the [altarRoomLabel] of [deity0_name] where slaves were freed and given a new chance at life.",li,MemeDef/MemeDef.xml,def
VME_Emancipation.descriptionMaker.rules.rulesStrings.3,"conflict(tag=meme_Emancipation)           ->A bigot [foeLeader] looked at this with scorn, for [foeLeader_pronoun] was a slaver that saw [foeLeader_possessive] profits threatened.",li,MemeDef/MemeDef.xml,def
VME_Emancipation.descriptionMaker.rules.rulesStrings.4,"founderJoin(tag=meme_Emancipation)        ->[deity0_name]'s truest follower [founderName] stood before the [place_powerCenter], and gave a long, passionate speech about emancipation and the evils of slavery.",li,MemeDef/MemeDef.xml,def
VME_Emancipation.descriptionMaker.rules.rulesStrings.5,"victory(tag=meme_Emancipation)            ->Even if the [foeLeader] wasn't convinced by the arguments, everyone else applauded [founderName]'s words, and [founder_pronoun] was considered from that moment to be [deity0_name]'s speaker.",li,MemeDef/MemeDef.xml,def
VME_Emancipation.descriptionMaker.rules.rulesStrings.6,"setup(tag=meme_Emancipation)           ->[founderName] was born in an oppressive urbworld where slavery was commonplace. [founder_pronoun] grew up seeing other human beings being used as property, and this deeply disgusted [founder_objective].",li,MemeDef/MemeDef.xml,def
VME_Emancipation.descriptionMaker.rules.rulesStrings.7,"story(uses=1,tag=meme_Emancipation)    ->[founderName] set out to abolish slavery in [founder_possessive] native planet, and with [founder_possessive] success [founder_possessive] philosophy spread across the stars.",li,MemeDef/MemeDef.xml,def
VME_Emancipation.descriptionMaker.rules.rulesStrings.8,"lessonIntro(tag=meme_Emancipation)         ->Slavery is theft -- theft of a life, theft of work, theft of any property or produce, theft even of the children a slave might have borne. It is so important you understand that",li,MemeDef/MemeDef.xml,def
VME_Emancipation.descriptionMaker.rules.rulesStrings.9,lesson(tag=meme_Emancipation)              ->nature made no man a slave,li,MemeDef/MemeDef.xml,def
VME_Emancipation.descriptionMaker.rules.rulesStrings.10,lessonReinforcement(tag=meme_Emancipation) ->To subjugate another is to subjugate yourself.,li,MemeDef/MemeDef.xml,def
VME_Emancipation.descriptionMaker.rules.rulesStrings.11,archistBasis(tag=meme_Emancipation)    ->Archotechs are the pinnacle of ethical development. Beings so wise and so advanced that they have achieved perfection in their thoughts.,li,MemeDef/MemeDef.xml,def
VME_Emancipation.descriptionMaker.rules.rulesStrings.12,"archistFact(tag=meme_Emancipation)     ->To an archotech, slavery is an abhorrent sin. Treating another human like an object.",li,MemeDef/MemeDef.xml,def
VME_Emancipation.descriptionMaker.rules.rulesStrings.13,archistProphecy(tag=meme_Emancipation) ->Only by abolishing slavery and fighting against it everywhere we see it can we become worthy of transcendence.,li,MemeDef/MemeDef.xml,def
VME_Emancipation.descriptionMaker.rules.rulesStrings.14,"animistBasis(tag=meme_Emancipation)    ->The very concept of slavery, of owning another human being as if it were an object, is incomprehensible to the spirits.",li,MemeDef/MemeDef.xml,def
VME_Emancipation.descriptionMaker.rules.rulesStrings.15,"animistFact(tag=meme_Emancipation)     ->To the spirits, slavery is not only sinful and wrong, but something that should be actively fought against in any way possible.",li,MemeDef/MemeDef.xml,def
VME_Emancipation.descriptionMaker.rules.rulesStrings.16,animistProphecy(tag=meme_Emancipation) ->[itIsSaid] only by abolishing slavery and fighting against it everywhere we see it can we make the spirits truly listen to us.,li,MemeDef/MemeDef.xml,def
VME_Emancipation.descriptionMaker.rules.rulesStrings.17,"serketistProphecy(tag=meme_Emancipation)->[itIsSaid] we will form a society in which no human owns another as if it were a mere object. Accepting and tolerant, as all insects are.",li,MemeDef/MemeDef.xml,def
VME_Emancipation.descriptionMaker.rules.rulesStrings.18,chthonianProphecy(tag=meme_Emancipation)->These eldritch entities would love nothing more than to enslave the human race to do their bidding.,li,MemeDef/MemeDef.xml,def
VME_Emancipation.descriptionMaker.rules.rulesStrings.19,"esotericismProphecy(tag=meme_Emancipation)->Such occult knowledge will require an unshackled mind. As long as the mind is enslaved, the body can never be free.",li,MemeDef/MemeDef.xml,def
VME_Emancipation.descriptionMaker.rules.rulesStrings.20,eschatologismFact(tag=meme_Emancipation)->Only by working together can be bring the end of the world. We will free every shackled slave and recruit them to our cause.,li,MemeDef/MemeDef.xml,def
VME_Emancipation.descriptionMaker.rules.rulesStrings.21,"introMemo(tag=meme_Emancipation)->We all know some other corporations in the Rim engage in ""pseudo-illicit exploitment of human capital"", so it is company policy to free these ""forced employees"" as soon as we can, and offer them an internship with us.",li,MemeDef/MemeDef.xml,def
VME_Emancipation.descriptionMaker.rules.rulesStrings.22,"alienistProphecy(tag=meme_Emancipation)->These wayward creatures embody the concept of freedom that we espouse, and we'd do well to learn from them.",li,MemeDef/MemeDef.xml,def
VME_Nationalist.label,nationalist,label,MemeDef/MemeDef.xml,def
VME_Nationalist.description,"Our people have a strong sense of patriotism, we have a duty to correct dissenters and deliver justice.",description,MemeDef/MemeDef.xml,def
VME_Nationalist.generalRules.rulesStrings.0,memeAdjective->firm,li,MemeDef/MemeDef.xml,def
VME_Nationalist.generalRules.rulesStrings.1,memeAdjective->oligarchic,li,MemeDef/MemeDef.xml,def
VME_Nationalist.generalRules.rulesStrings.2,memeAdjective->absolute,li,MemeDef/MemeDef.xml,def
VME_Nationalist.generalRules.rulesStrings.3,memeAdjective->uncompromising,li,MemeDef/MemeDef.xml,def
VME_Nationalist.generalRules.rulesStrings.4,memeAdjective->repressive,li,MemeDef/MemeDef.xml,def
VME_Nationalist.generalRules.rulesStrings.5,memeAdjective->iron-fisted,li,MemeDef/MemeDef.xml,def
VME_Nationalist.generalRules.rulesStrings.6,memeAdjective->populist,li,MemeDef/MemeDef.xml,def
VME_Nationalist.generalRules.rulesStrings.7,memeLeaderNoun->supreme leader,li,MemeDef/MemeDef.xml,def
VME_Nationalist.generalRules.rulesStrings.8,memeLeaderNoun->caudillo,li,MemeDef/MemeDef.xml,def
VME_Nationalist.generalRules.rulesStrings.9,memeLeaderNoun->chairman,li,MemeDef/MemeDef.xml,def
VME_Nationalist.generalRules.rulesStrings.10,memeLeaderNoun->duce,li,MemeDef/MemeDef.xml,def
VME_Nationalist.generalRules.rulesStrings.11,memeLeaderNoun->president for life,li,MemeDef/MemeDef.xml,def
VME_Nationalist.generalRules.rulesStrings.12,memeLeaderAdjective->stern,li,MemeDef/MemeDef.xml,def
VME_Nationalist.generalRules.rulesStrings.13,memeLeaderAdjective->patriot,li,MemeDef/MemeDef.xml,def
VME_Nationalist.generalRules.rulesStrings.14,memeLeaderAdjective->callous,li,MemeDef/MemeDef.xml,def
VME_Nationalist.generalRules.rulesStrings.15,memeLeaderAdjective->harsh,li,MemeDef/MemeDef.xml,def
VME_Nationalist.generalRules.rulesStrings.16,memeLeaderAdjective->implacable,li,MemeDef/MemeDef.xml,def
VME_Nationalist.generalRules.rulesStrings.17,memeLeaderAdjective->inexorable,li,MemeDef/MemeDef.xml,def
VME_Nationalist.generalRules.rulesStrings.18,memeMoralist->propagandist,li,MemeDef/MemeDef.xml,def
VME_Nationalist.generalRules.rulesStrings.19,memeMoralist->regime advocate,li,MemeDef/MemeDef.xml,def
VME_Nationalist.generalRules.rulesStrings.20,memeMoralist->campaigner,li,MemeDef/MemeDef.xml,def
VME_Nationalist.descriptionMaker.rules.rulesStrings.0,creation(tag=meme_Nationalist)        ->[deity0_name] showed us that plutocratic and reactionary democracies have blocked the march and frequently plotted against the existence of the [memberNamePlural].,li,MemeDef/MemeDef.xml,def
VME_Nationalist.descriptionMaker.rules.rulesStrings.1,"episode(uses=1,tag=meme_Nationalist)  ->[deity0_name] shouted to all the [memberNamePlural], ""The hour destined by fate is sounding for us. The hour of irrevocable decision has come.""",li,MemeDef/MemeDef.xml,def
VME_Nationalist.descriptionMaker.rules.rulesStrings.2,"intro(tag=meme_Nationalist)           ->On the [place_summary] [place_name], enormous monolitic statues saluted and extolled the glory of [deity0_name].",li,MemeDef/MemeDef.xml,def
VME_Nationalist.descriptionMaker.rules.rulesStrings.3,"conflict(tag=meme_Nationalist)           ->A coward [foeLeader] looked at this with scorn, for [foeLeader_pronoun] was a revolutionary who didn't believe in order, justice and honor.",li,MemeDef/MemeDef.xml,def
VME_Nationalist.descriptionMaker.rules.rulesStrings.4,"founderJoin(tag=meme_Nationalist)        ->[deity0_name]'s truest follower [founderName], a true patriot, stood before the [place_powerCenter], and gave a long, rousing speech about how the [foeLeader] was the most powerful enemy number one against whom the [memberNamePlural] were engaged and against whom they should continue the struggle to the last drop of blood.",li,MemeDef/MemeDef.xml,def
VME_Nationalist.descriptionMaker.rules.rulesStrings.5,"victory(tag=meme_Nationalist)            ->Emboldened by the [founderName]'s words, [founder_possessive] troops incarcerated the [foeLeader], who was executed a few days later for [deity0_name]'s glory.",li,MemeDef/MemeDef.xml,def
VME_Nationalist.descriptionMaker.rules.rulesStrings.6,"setup(tag=meme_Nationalist)           ->[founderName] was a hero of the people, a true patriot. Everyone was united under [founder_possessive] banner.",li,MemeDef/MemeDef.xml,def
VME_Nationalist.descriptionMaker.rules.rulesStrings.7,"story(uses=1,tag=meme_Nationalist)    ->[founderName] made us understand that hardships, suffering and sacrifices that are faced with exemplary courage and dignity have their day of compensation when all the enemy forces are crushed on the battlefields by the heroism of our soldiers.",li,MemeDef/MemeDef.xml,def
VME_Nationalist.descriptionMaker.rules.rulesStrings.8,"lessonIntro(tag=meme_Nationalist)         ->Through you I want to speak to our people, to the authentic, real, great people, who fight with the courage of lions on land, sea and air fronts. It is so important you understand that",li,MemeDef/MemeDef.xml,def
VME_Nationalist.descriptionMaker.rules.rulesStrings.9,"lesson(tag=meme_Nationalist)              ->they absolutely must not be confused or contaminated by the minority or well-known, anti-social individuals and complainers, who grumble about their suspended comforts",li,MemeDef/MemeDef.xml,def
VME_Nationalist.descriptionMaker.rules.rulesStrings.10,lessonReinforcement(tag=meme_Nationalist) ->We are a great people. We deserve and will have victory.,li,MemeDef/MemeDef.xml,def
VME_Nationalist.descriptionMaker.rules.rulesStrings.11,"archistBasis(tag=meme_Nationalist)    ->Archotechs do not respect those who can't defend themselves: We rise as one unified order, under a single banner, and no enemy can destabilize the ideal we represent.",li,MemeDef/MemeDef.xml,def
VME_Nationalist.descriptionMaker.rules.rulesStrings.12,"archistFact(tag=meme_Nationalist)     ->Our nation will rise triumphant over the rest, proving to the archotechs that we are One people, One voice.",li,MemeDef/MemeDef.xml,def
VME_Nationalist.descriptionMaker.rules.rulesStrings.13,archistProphecy(tag=meme_Nationalist) ->Only by standing proud as the only true followers of our ideals can we become worthy of transcendence.,li,MemeDef/MemeDef.xml,def
VME_Nationalist.descriptionMaker.rules.rulesStrings.14,"animistBasis(tag=meme_Nationalist)    ->The spirits understand the need for an unified will. The preservation of our eternal values, the suppression of which would imply instability and chaos.",li,MemeDef/MemeDef.xml,def
VME_Nationalist.descriptionMaker.rules.rulesStrings.15,"animistFact(tag=meme_Nationalist)     ->To the spirits, it is clear that our youth prepared itself for fight and engendered a spirit of our crusade that they derived from our soundest traditions of spiritual values and merged them with the social yearnings of our times.",li,MemeDef/MemeDef.xml,def
VME_Nationalist.descriptionMaker.rules.rulesStrings.16,animistProphecy(tag=meme_Nationalist) ->[itIsSaid] only by standing proud as the only true followers of our ideals can we make the spirits truly listen to us.,li,MemeDef/MemeDef.xml,def
VME_Nationalist.descriptionMaker.rules.rulesStrings.17,"serketistProphecy(tag=meme_Nationalist)->[itIsSaid] we will truly stand as One people, with an unified will, standing proud as the only true followers of our ideals.",li,MemeDef/MemeDef.xml,def
VME_Nationalist.descriptionMaker.rules.rulesStrings.18,"chthonianProphecy(tag=meme_Nationalist)->These eldritch entities would seek to destroy us, but they lack the vision to understand that we will stand proud against them as the only true followers of our ideals.",li,MemeDef/MemeDef.xml,def
VME_Nationalist.descriptionMaker.rules.rulesStrings.19,"esotericismProphecy(tag=meme_Nationalist)->Such occult knowledge requires an unified, iron will. We will stand proud as the only true followers of our ideals.",li,MemeDef/MemeDef.xml,def
VME_Nationalist.descriptionMaker.rules.rulesStrings.20,"eschatologismFact(tag=meme_Nationalist)->Only our nation is strong enough to do what must be done. We will stand proud as the only true followers of our ideals, until the end.",li,MemeDef/MemeDef.xml,def
VME_Nationalist.descriptionMaker.rules.rulesStrings.21,"introMemo(tag=meme_Nationalist)->As a reminder, multiple employment is expressly forbidden by the contract you signed. If you think any of your co-workers is engaging in such activities please report it as soon as possible so the proper disciplinary measures can be enacted.",li,MemeDef/MemeDef.xml,def
VME_Nationalist.descriptionMaker.rules.rulesStrings.22,alienistProphecy(tag=meme_Nationalist)->These wayward creatures are ours to do as we please.,li,MemeDef/MemeDef.xml,def
VME_Healthcare.label,healthcare,label,MemeDef/MemeDef.xml,def
VME_Healthcare.description,The wellbeing of our bodies and minds is something our people take very seriously.,description,MemeDef/MemeDef.xml,def
VME_Healthcare.generalRules.rulesStrings.0,memeAdjective->healthy,li,MemeDef/MemeDef.xml,def
VME_Healthcare.generalRules.rulesStrings.1,memeAdjective->medical,li,MemeDef/MemeDef.xml,def
VME_Healthcare.generalRules.rulesStrings.2,memeAdjective->preventive,li,MemeDef/MemeDef.xml,def
VME_Healthcare.generalRules.rulesStrings.3,memeCreed->healthcare,li,MemeDef/MemeDef.xml,def
VME_Healthcare.generalRules.rulesStrings.4,memeCreed->wellness,li,MemeDef/MemeDef.xml,def
VME_Healthcare.generalRules.rulesStrings.5,memeHyphenPrefix->fit,li,MemeDef/MemeDef.xml,def
VME_Healthcare.generalRules.rulesStrings.6,memeConcept->hospitals,li,MemeDef/MemeDef.xml,def
VME_Healthcare.generalRules.rulesStrings.7,memeLeaderNoun->surgeon,li,MemeDef/MemeDef.xml,def
VME_Healthcare.generalRules.rulesStrings.8,memeMoralist->doctor,li,MemeDef/MemeDef.xml,def
VME_Healthcare.descriptionMaker.rules.rulesStrings.0,"creation(tag=meme_Healthcare)        ->[deity0_name] spoke to [deity0_possessive] followers: ""Give people what they need: food, medicine, clean air, pure water, trees and grass. Don't ask who deserves it. Every human being deserves it.""",li,MemeDef/MemeDef.xml,def
VME_Healthcare.descriptionMaker.rules.rulesStrings.1,"episode(uses=1,tag=meme_Healthcare)  ->As [deity0_name] commanded, we always took care of one another and pooled our resources so no one has to suffer alone.",li,MemeDef/MemeDef.xml,def
VME_Healthcare.descriptionMaker.rules.rulesStrings.2,"intro(tag=meme_Healthcare)           ->On the [place_summary] [place_name], the [memberNamePlural] built a gigantic hospital, where the ill and infirm were taken care of.",li,MemeDef/MemeDef.xml,def
VME_Healthcare.descriptionMaker.rules.rulesStrings.3,"conflict(tag=meme_Healthcare)        ->An evil insurance seller, seeing [foeLeader_possessive] profits evaporate due to public healthcare, wanted to sabotage the hospital by any means necessary.",li,MemeDef/MemeDef.xml,def
VME_Healthcare.descriptionMaker.rules.rulesStrings.4,"founderJoin(tag=meme_Healthcare)     ->Our founder, [founderName], firmly spoke to [foeLeader_objective]: ""It is hard to talk about a middle ground for something that is a fundamental right"".",li,MemeDef/MemeDef.xml,def
VME_Healthcare.descriptionMaker.rules.rulesStrings.5,"victory(tag=meme_Healthcare)         ->Eventually, everyone was convinced of [founderName_possessive] arguments, and the [memberNamePlural] will forever believe in universal healthcare.",li,MemeDef/MemeDef.xml,def
VME_Healthcare.descriptionMaker.rules.rulesStrings.6,"setup(tag=meme_Healthcare)           ->[founderName] was an accomplished surgeon in one of the Glitterworlds, but lost the use of his hands in a traffic accident. That's how he became Sorcerer Supreme and... wait, wrong Universe...",li,MemeDef/MemeDef.xml,def
VME_Healthcare.descriptionMaker.rules.rulesStrings.7,"story(uses=1,tag=meme_Healthcare)    ->[founderName] argued that health is your warranty seal. It seems quite pointless to waste health relentlessly in order to earn money that we shall spend on recovering health.",li,MemeDef/MemeDef.xml,def
VME_Healthcare.descriptionMaker.rules.rulesStrings.8,"lessonIntro(tag=meme_Healthcare)         ->The oldest doctor in our colony taught me the history of healthcare, how healing those who have no means to heal themselves is the basis of a free society. He was leading me to understand that",li,MemeDef/MemeDef.xml,def
VME_Healthcare.descriptionMaker.rules.rulesStrings.9,lesson(tag=meme_Healthcare)              ->every single journey of your life starts with a healthy mind and a healthy journey,li,MemeDef/MemeDef.xml,def
VME_Healthcare.descriptionMaker.rules.rulesStrings.10,"lessonReinforcement(tag=meme_Healthcare) ->You may not appreciate the presence of good health, but you will definitely regret the absence of good health, because health is happiness.",li,MemeDef/MemeDef.xml,def
VME_Healthcare.descriptionMaker.rules.rulesStrings.11,archistBasis(tag=meme_Healthcare)    ->Archotechs are wise beyond measure. The values of compassion and empathy are important to them.,li,MemeDef/MemeDef.xml,def
VME_Healthcare.descriptionMaker.rules.rulesStrings.12,archistFact(tag=meme_Healthcare)     ->A society that doesn't take care of those in need is a cruel mockery of civilization. How would the archotechs judge us if we didn't heal those who need it?,li,MemeDef/MemeDef.xml,def
VME_Healthcare.descriptionMaker.rules.rulesStrings.13,"archistProphecy(tag=meme_Healthcare) ->[inTheEnd], the archotechs will allow only the most compassionate of us to transcend.",li,MemeDef/MemeDef.xml,def
VME_Healthcare.descriptionMaker.rules.rulesStrings.14,animistBasis(tag=meme_Healthcare)    ->The spirits value compassion and empathy above anything else.,li,MemeDef/MemeDef.xml,def
VME_Healthcare.descriptionMaker.rules.rulesStrings.15,"animistFact(tag=meme_Healthcare)     ->The soul is the same in all living creatures, so it makes sense to make no distinctions when healing others.",li,MemeDef/MemeDef.xml,def
VME_Healthcare.descriptionMaker.rules.rulesStrings.16,animistProphecy(tag=meme_Healthcare) ->[itIsSaid] that only those who can truly take care of anyone in need will be able to commune with the spirits.,li,MemeDef/MemeDef.xml,def
VME_Healthcare.descriptionMaker.rules.rulesStrings.17,"serketistProphecy(tag=meme_Healthcare)->[itIsSaid] we will take care of each other like insects do. Unified in purpose, will, and compassion for each other.",li,MemeDef/MemeDef.xml,def
VME_Healthcare.descriptionMaker.rules.rulesStrings.18,"chthonianProphecy(tag=meme_Healthcare)->These eldritch entities would see us fight and quarrel among ourselves, rip each other apart. We will show them that compassion and empathy are the only goals worth pursuing.",li,MemeDef/MemeDef.xml,def
VME_Healthcare.descriptionMaker.rules.rulesStrings.19,esotericismProphecy(tag=meme_Healthcare)->Such occult knowledge will require a pure mind to fathom. Through compassion and empathy towards others we will reach a state of mind that will allow us to see the cosmos for what it truly is.,li,MemeDef/MemeDef.xml,def
VME_Healthcare.descriptionMaker.rules.rulesStrings.20,"eschatologismFact(tag=meme_Healthcare)->We will cherish and support each other, for we are a bastion of purity in this obscene world, and by comparison we will see the iniquity of it and why its cruel inhabitants must be purged.",li,MemeDef/MemeDef.xml,def
VME_Healthcare.descriptionMaker.rules.rulesStrings.21,introMemo(tag=meme_Healthcare)->Let me remind you that the company offers some comprehensive healthcare benefits as part of your employment contract. Feel free to peruse the details on the company's intranet and direct any enquiries to the human resources department.,li,MemeDef/MemeDef.xml,def
VME_Healthcare.descriptionMaker.rules.rulesStrings.22,"alienistProphecy(tag=meme_Healthcare)->These wayward creatures are poor, innocent beings. We should take care of them and show compassion and empathy.",li,MemeDef/MemeDef.xml,def
VFEA_Isolationist.label,isolationist,label,MemeDef/MemeDef.xml,def
VFEA_Isolationist.description,"Trust is a resource in low supply, everyone our people meet is an enemy.",description,MemeDef/MemeDef.xml,def
VFEA_Isolationist.generalRules.rulesStrings.0,memeAdjective->isolated,li,MemeDef/MemeDef.xml,def
VFEA_Isolationist.generalRules.rulesStrings.1,memeAdjective->hidden,li,MemeDef/MemeDef.xml,def
VFEA_Isolationist.generalRules.rulesStrings.2,memeAdjective->lone,li,MemeDef/MemeDef.xml,def
VFEA_Isolationist.generalRules.rulesStrings.3,memeAdjective->secluded,li,MemeDef/MemeDef.xml,def
VFEA_Isolationist.generalRules.rulesStrings.4,memeAdjective->exceptional,li,MemeDef/MemeDef.xml,def
VFEA_Isolationist.generalRules.rulesStrings.5,memeAdjective->superior,li,MemeDef/MemeDef.xml,def
VFEA_Isolationist.generalRules.rulesStrings.6,memeAdjective->detached,li,MemeDef/MemeDef.xml,def
VFEA_Isolationist.generalRules.rulesStrings.7,memeCreed->army,li,MemeDef/MemeDef.xml,def
VFEA_Isolationist.generalRules.rulesStrings.8,memeCreed->nation,li,MemeDef/MemeDef.xml,def
VFEA_Isolationist.generalRules.rulesStrings.9,memeHyphenPrefix->hidden,li,MemeDef/MemeDef.xml,def
VFEA_Isolationist.generalRules.rulesStrings.10,memeConcept->war,li,MemeDef/MemeDef.xml,def
VFEA_Isolationist.generalRules.rulesStrings.11,memeConcept->isolation,li,MemeDef/MemeDef.xml,def
VFEA_Isolationist.generalRules.rulesStrings.12,memeConcept->loneliness,li,MemeDef/MemeDef.xml,def
VFEA_Isolationist.generalRules.rulesStrings.13,memeLeaderNoun->general,li,MemeDef/MemeDef.xml,def
VFEA_Isolationist.generalRules.rulesStrings.14,memeLeaderNoun->commander,li,MemeDef/MemeDef.xml,def
VFEA_Isolationist.generalRules.rulesStrings.15,memeLeaderNoun->marshal,li,MemeDef/MemeDef.xml,def
VFEA_Isolationist.generalRules.rulesStrings.16,memeLeaderNoun->captain,li,MemeDef/MemeDef.xml,def
VFEA_Isolationist.generalRules.rulesStrings.17,memeLeaderNoun->sergeant,li,MemeDef/MemeDef.xml,def
VFEA_Isolationist.generalRules.rulesStrings.18,memeLeaderNoun->dictator,li,MemeDef/MemeDef.xml,def
VFEA_Isolationist.generalRules.rulesStrings.19,memeLeaderNoun->president,li,MemeDef/MemeDef.xml,def
VFEA_Isolationist.generalRules.rulesStrings.20,memeLeaderNoun->leader,li,MemeDef/MemeDef.xml,def
VFEA_Isolationist.descriptionMaker.rules.rulesStrings.0,"creation(tag=meme_Isolationist)        ->The people of the [place_summary] [place_name] squabbled endlessly among themselves, and [deity0_name] became tired of discord and anointed [memberNamePlural] as the only rightful rulers of every living being.",li,MemeDef/MemeDef.xml,def
VFEA_Isolationist.descriptionMaker.rules.rulesStrings.1,"episode(uses=1,tag=meme_Isolationist)  ->The faithful fought the unbelievers, and [deity0_name] said, ""Fight them, everywhere, for they are your enemy, and peace with them was never an option""",li,MemeDef/MemeDef.xml,def
VFEA_Isolationist.descriptionMaker.rules.rulesStrings.2,"intro(tag=meme_Isolationist)           ->The people of the [place_summary] [place_name] worshipped [deity0_name]. [deity0_pronoun] saw that they were suited for [memeConcept], and ordained that they shall be the only faction worthy of ascension.",li,MemeDef/MemeDef.xml,def
VFEA_Isolationist.descriptionMaker.rules.rulesStrings.3,"conflict(tag=meme_Isolationist)        ->A [foeLeader] passed a law forbidding [memberNamePlural] from rising to the ruling classes of [place_name]. As such, [memberNamePlural] began to conspire and create hidden, secret alliances.",li,MemeDef/MemeDef.xml,def
VFEA_Isolationist.descriptionMaker.rules.rulesStrings.4,founderJoin(tag=meme_Isolationist)     ->A warrior named [founderName] used [place_massWeapon] to destroy a [place_community]. [deity0_name] saw [founderName]'s ruthlessness told [founder_objective] to lead a life of isolation and secrecy.,li,MemeDef/MemeDef.xml,def
VFEA_Isolationist.descriptionMaker.rules.rulesStrings.5,"victory(tag=meme_Isolationist)         ->[founderName] destroyed the capital of [place_name] with [place_massWeapon], killing the [foeLeader]. [founder_pronoun] did not take [founder_possessive] place as ruler of [place_name] - instead, [founderName] went into hiding.",li,MemeDef/MemeDef.xml,def
VFEA_Isolationist.descriptionMaker.rules.rulesStrings.6,"setup(tag=meme_Isolationist)           ->[founderName] built an army that spread [founder_possessive] power and glory across the land, placing those who refused to follow rightly at the end of [founder_possessive] knife.",li,MemeDef/MemeDef.xml,def
VFEA_Isolationist.descriptionMaker.rules.rulesStrings.7,"story(uses=1,tag=meme_Isolationist)    ->[founderName] instructed all outsiders to fight to the death, as peace was never an option. When the first city refused and begged to join [founder_objective], [founder_pronoun] used [place_massWeapon] to kill everyone inside.",li,MemeDef/MemeDef.xml,def
VFEA_Isolationist.descriptionMaker.rules.rulesStrings.8,"lessonIntro(tag=meme_Isolationist)         ->I looked at this [foeLeader], with [foeLeader_possessive] pitiful [foeSoldiers], all that power left fallow. I tried to convince [foeLeader_objective] that",li,MemeDef/MemeDef.xml,def
VFEA_Isolationist.descriptionMaker.rules.rulesStrings.9,"lesson(tag=meme_Isolationist)              ->we've long since proven that we have the strength to strike from the shadows, isolated but not weakened",li,MemeDef/MemeDef.xml,def
VFEA_Isolationist.descriptionMaker.rules.rulesStrings.10,lessonReinforcement(tag=meme_Isolationist) ->That's why we're proud to express the strength of our hearts using the edges of our blades and the heads of our hammers.,li,MemeDef/MemeDef.xml,def
VFEA_Isolationist.descriptionMaker.rules.rulesStrings.11,"archistBasis(tag=meme_Isolationist)    ->It took the most superior humans to create the archotechs. With being as powerful as them, it's only proper that we hide in the shadows.",li,MemeDef/MemeDef.xml,def
VFEA_Isolationist.descriptionMaker.rules.rulesStrings.12,archistFact(tag=meme_Isolationist)     ->The archotechs can wipe us out without hesitation - just as we should wipe out our enemies.,li,MemeDef/MemeDef.xml,def
VFEA_Isolationist.descriptionMaker.rules.rulesStrings.13,archistProphecy(tag=meme_Isolationist) ->The archotechs will never take us to join them - and we should never give this opportunity to our enemies.,li,MemeDef/MemeDef.xml,def
VFEA_Isolationist.descriptionMaker.rules.rulesStrings.14,"animistFact(tag=meme_Isolationist)     ->Powerful spirits of [spiritElement] decide who is fit to rule, and lend power to their chosen when they slay others.",li,MemeDef/MemeDef.xml,def
VFEA_Isolationist.descriptionMaker.rules.rulesStrings.15,animistProphecy(tag=meme_Isolationist) ->[itIsSaid] that a new order will be created when one supreme ruler emerges from the shadows on a planet filled to the brim with blood and viscera.,li,MemeDef/MemeDef.xml,def
VME_Structure_Serketist.label,serketism,label,MemeDef/MemeDef.xml,def
VME_Structure_Serketist.description,"The true face of gods is found in the bite of a spider, the sting of the scorpion. Let those of many legs crawl all over us.",description,MemeDef/MemeDef.xml,def
VME_Structure_Serketist.generalRules.rulesStrings.0,memeAdjective->serketic,li,MemeDef/MemeDef.xml,def
VME_Structure_Serketist.generalRules.rulesStrings.1,memeAdjective->insectoid,li,MemeDef/MemeDef.xml,def
VME_Structure_Serketist.generalRules.rulesStrings.2,memeAdjective->verminous,li,MemeDef/MemeDef.xml,def
VME_Structure_Serketist.generalRules.rulesStrings.3,memeLeaderNoun->scarab lord,li,MemeDef/MemeDef.xml,def
VME_Structure_Serketist.generalRules.rulesStrings.4,memeLeaderNoun->high speaker,li,MemeDef/MemeDef.xml,def
VME_Structure_Serketist.generalRules.rulesStrings.5,memeLeaderAdjective->buzzing,li,MemeDef/MemeDef.xml,def
VME_Structure_Serketist.generalRules.rulesStrings.6,memeLeaderAdjective->gregarious,li,MemeDef/MemeDef.xml,def
VME_Structure_Serketist.generalRules.rulesStrings.7,memeLeaderAdjective->crawling,li,MemeDef/MemeDef.xml,def
VME_Structure_Serketist.generalRules.rulesStrings.8,memeMoralist->shaman,li,MemeDef/MemeDef.xml,def
VME_Structure_Serketist.generalRules.rulesStrings.9,memeMoralist->moth priest,li,MemeDef/MemeDef.xml,def
VME_Structure_Serketist.generalRules.rulesStrings.10,memeMoralist->plague advocate,li,MemeDef/MemeDef.xml,def
VME_Structure_Esotericism.label,esotericism,label,MemeDef/MemeDef.xml,def
VME_Structure_Esotericism.description,"The forces that guide this world are not for the faint of heart nor weak of will. Only through forbidden texts, dark pacts and proper initiation can one truly see beyond the veil.",description,MemeDef/MemeDef.xml,def
VME_Structure_Esotericism.generalRules.rulesStrings.0,memeAdjective->obscure,li,MemeDef/MemeDef.xml,def
VME_Structure_Esotericism.generalRules.rulesStrings.1,memeAdjective->secret,li,MemeDef/MemeDef.xml,def
VME_Structure_Esotericism.generalRules.rulesStrings.2,memeAdjective->occult,li,MemeDef/MemeDef.xml,def
VME_Structure_Esotericism.generalRules.rulesStrings.3,memeAdjective->mystical,li,MemeDef/MemeDef.xml,def
VME_Structure_Esotericism.generalRules.rulesStrings.4,memeCreed->mystery,li,MemeDef/MemeDef.xml,def
VME_Structure_Esotericism.generalRules.rulesStrings.5,memeCreed->secrets,li,MemeDef/MemeDef.xml,def
VME_Structure_Esotericism.generalRules.rulesStrings.6,memeCreed->arcana,li,MemeDef/MemeDef.xml,def
VME_Structure_Esotericism.generalRules.rulesStrings.7,memeCreed->divinations,li,MemeDef/MemeDef.xml,def
VME_Structure_Esotericism.generalRules.rulesStrings.8,memeLeaderNoun->grand magus,li,MemeDef/MemeDef.xml,def
VME_Structure_Esotericism.generalRules.rulesStrings.9,memeLeaderNoun->enlightened one,li,MemeDef/MemeDef.xml,def
VME_Structure_Esotericism.generalRules.rulesStrings.10,memeLeaderAdjective->esoteric,li,MemeDef/MemeDef.xml,def
VME_Structure_Esotericism.generalRules.rulesStrings.11,memeLeaderAdjective->mystical,li,MemeDef/MemeDef.xml,def
VME_Structure_Esotericism.generalRules.rulesStrings.12,memeLeaderAdjective->secretive,li,MemeDef/MemeDef.xml,def
VME_Structure_Esotericism.generalRules.rulesStrings.13,memeMoralist->practitioner,li,MemeDef/MemeDef.xml,def
VME_Structure_Esotericism.generalRules.rulesStrings.14,memeMoralist->philosopher,li,MemeDef/MemeDef.xml,def
VME_Structure_Esotericism.generalRules.rulesStrings.15,memeMoralist->wizard,li,MemeDef/MemeDef.xml,def
VME_Structure_Bacchanalianism.label,hedonism,label,MemeDef/MemeDef.xml,def
VME_Structure_Bacchanalianism.description,"Man's time on this earth is brief and fleeting, to deny oneself of any of life's pleasures such as lust or gluttony is the one true sin. Throw wide the gates to tireless festivity, live and breathe endless splendor.",description,MemeDef/MemeDef.xml,def
VME_Structure_Bacchanalianism.generalRules.rulesStrings.0,memeAdjective->hedonistic,li,MemeDef/MemeDef.xml,def
VME_Structure_Bacchanalianism.generalRules.rulesStrings.1,memeAdjective->pleasurable,li,MemeDef/MemeDef.xml,def
VME_Structure_Bacchanalianism.generalRules.rulesStrings.2,memeAdjective->orgasmic,li,MemeDef/MemeDef.xml,def
VME_Structure_Bacchanalianism.generalRules.rulesStrings.3,memeAdjective->pleasant,li,MemeDef/MemeDef.xml,def
VME_Structure_Bacchanalianism.generalRules.rulesStrings.4,memeAdjective->enjoyable,li,MemeDef/MemeDef.xml,def
VME_Structure_Bacchanalianism.generalRules.rulesStrings.5,memeAdjective->delightful,li,MemeDef/MemeDef.xml,def
VME_Structure_Bacchanalianism.generalRules.rulesStrings.6,memeLeaderNoun->lord of pleasure,li,MemeDef/MemeDef.xml,def
VME_Structure_Bacchanalianism.generalRules.rulesStrings.7,memeLeaderNoun->libertine,li,MemeDef/MemeDef.xml,def
VME_Structure_Bacchanalianism.generalRules.rulesStrings.8,memeLeaderAdjective->delightful,li,MemeDef/MemeDef.xml,def
VME_Structure_Bacchanalianism.generalRules.rulesStrings.9,memeLeaderAdjective->gratifying,li,MemeDef/MemeDef.xml,def
VME_Structure_Bacchanalianism.generalRules.rulesStrings.10,memeLeaderAdjective->pleasing,li,MemeDef/MemeDef.xml,def
VME_Structure_Bacchanalianism.generalRules.rulesStrings.11,memeMoralist->reveler,li,MemeDef/MemeDef.xml,def
VME_Structure_Bacchanalianism.generalRules.rulesStrings.12,memeMoralist->love priest,li,MemeDef/MemeDef.xml,def
VME_Structure_ChthonianCult.label,eldritch cult,label,MemeDef/MemeDef.xml,def
VME_Structure_ChthonianCult.description,There are ancient entities in this Universe that are more powerful than mere gods. Immensely powerful and utterly indifferent to us humans who can barely begin to comprehend them. Only by worshipping them can we hope to placate their ire.,description,MemeDef/MemeDef.xml,def
VME_Structure_ChthonianCult.generalRules.rulesStrings.0,memeAdjective->chthonian,li,MemeDef/MemeDef.xml,def
VME_Structure_ChthonianCult.generalRules.rulesStrings.1,memeAdjective->eldritch,li,MemeDef/MemeDef.xml,def
VME_Structure_ChthonianCult.generalRules.rulesStrings.2,memeAdjective->unnameable,li,MemeDef/MemeDef.xml,def
VME_Structure_ChthonianCult.generalRules.rulesStrings.3,memeAdjective->insane,li,MemeDef/MemeDef.xml,def
VME_Structure_ChthonianCult.generalRules.rulesStrings.4,memeAdjective->non-euclidean,li,MemeDef/MemeDef.xml,def
VME_Structure_ChthonianCult.generalRules.rulesStrings.5,memeAdjective->otherwordly,li,MemeDef/MemeDef.xml,def
VME_Structure_ChthonianCult.generalRules.rulesStrings.6,memeAdjective->loathsome,li,MemeDef/MemeDef.xml,def
VME_Structure_ChthonianCult.generalRules.rulesStrings.7,memeCreed->scribbles,li,MemeDef/MemeDef.xml,def
VME_Structure_ChthonianCult.generalRules.rulesStrings.8,memeCreed->knowledge,li,MemeDef/MemeDef.xml,def
VME_Structure_ChthonianCult.generalRules.rulesStrings.9,memeCreed->madness,li,MemeDef/MemeDef.xml,def
VME_Structure_ChthonianCult.generalRules.rulesStrings.10,memeLeaderNoun->antiquarian,li,MemeDef/MemeDef.xml,def
VME_Structure_ChthonianCult.generalRules.rulesStrings.11,memeLeaderNoun->nameless,li,MemeDef/MemeDef.xml,def
VME_Structure_ChthonianCult.generalRules.rulesStrings.12,memeLeaderAdjective->indescribable,li,MemeDef/MemeDef.xml,def
VME_Structure_ChthonianCult.generalRules.rulesStrings.13,memeLeaderAdjective->unmentionable,li,MemeDef/MemeDef.xml,def
VME_Structure_ChthonianCult.generalRules.rulesStrings.14,memeLeaderAdjective->whispering,li,MemeDef/MemeDef.xml,def
VME_Structure_ChthonianCult.generalRules.rulesStrings.15,memeMoralist->deranged cultist,li,MemeDef/MemeDef.xml,def
VME_Structure_ChthonianCult.generalRules.rulesStrings.16,memeMoralist->cultist leader,li,MemeDef/MemeDef.xml,def
VME_Structure_ChthonianCult.generalRules.rulesStrings.17,memeMoralist->stygian advocate,li,MemeDef/MemeDef.xml,def
VME_Structure_Eschatologism.label,eschatologism,label,MemeDef/MemeDef.xml,def
VME_Structure_Eschatologism.description,"To be cursed to walk this earth is true torture, and whether by means of cataclysm, famine, or pestilence the departure of ones soul from their mortal coil should be celebrated.",description,MemeDef/MemeDef.xml,def
VME_Structure_Eschatologism.generalRules.rulesStrings.0,memeAdjective->doomsday,li,MemeDef/MemeDef.xml,def
VME_Structure_Eschatologism.generalRules.rulesStrings.1,memeAdjective->eschatological,li,MemeDef/MemeDef.xml,def
VME_Structure_Eschatologism.generalRules.rulesStrings.2,memeAdjective->apocalyptic,li,MemeDef/MemeDef.xml,def
VME_Structure_Eschatologism.generalRules.rulesStrings.3,memeAdjective->cataclysmic,li,MemeDef/MemeDef.xml,def
VME_Structure_Eschatologism.generalRules.rulesStrings.4,memeAdjective->catastrophic,li,MemeDef/MemeDef.xml,def
VME_Structure_Eschatologism.generalRules.rulesStrings.5,memeCreed->predictions,li,MemeDef/MemeDef.xml,def
VME_Structure_Eschatologism.generalRules.rulesStrings.6,memeCreed->prophecies,li,MemeDef/MemeDef.xml,def
VME_Structure_Eschatologism.generalRules.rulesStrings.7,memeCreed->auguries,li,MemeDef/MemeDef.xml,def
VME_Structure_Eschatologism.generalRules.rulesStrings.8,memeLeaderNoun->cult leader,li,MemeDef/MemeDef.xml,def
VME_Structure_Eschatologism.generalRules.rulesStrings.9,memeLeaderNoun->doombringer,li,MemeDef/MemeDef.xml,def
VME_Structure_Eschatologism.generalRules.rulesStrings.10,memeLeaderAdjective->portentous,li,MemeDef/MemeDef.xml,def
VME_Structure_Eschatologism.generalRules.rulesStrings.11,memeLeaderAdjective->oracular,li,MemeDef/MemeDef.xml,def
VME_Structure_Eschatologism.generalRules.rulesStrings.12,memeLeaderAdjective->prescient,li,MemeDef/MemeDef.xml,def
VME_Structure_Eschatologism.generalRules.rulesStrings.13,memeMoralist->doomsayer,li,MemeDef/MemeDef.xml,def
VME_Structure_Eschatologism.generalRules.rulesStrings.14,memeMoralist->scaremonger,li,MemeDef/MemeDef.xml,def
VME_Structure_Eschatologism.generalRules.rulesStrings.15,memeMoralist->harbinger of doom,li,MemeDef/MemeDef.xml,def
VME_Structure_Authoritarianism.label,authoritarian,label,MemeDef/MemeDef.xml,def
VME_Structure_Authoritarianism.description,"Plurality only brings a false illusion of choice, and breeds discontent, rebellion and chaos. With an iron fist we will govern our people and bring prosperity to all.",description,MemeDef/MemeDef.xml,def
VME_Structure_Authoritarianism.generalRules.rulesStrings.0,memeAdjective->firm,li,MemeDef/MemeDef.xml,def
VME_Structure_Authoritarianism.generalRules.rulesStrings.1,memeAdjective->oligarchic,li,MemeDef/MemeDef.xml,def
VME_Structure_Authoritarianism.generalRules.rulesStrings.2,memeAdjective->absolute,li,MemeDef/MemeDef.xml,def
VME_Structure_Authoritarianism.generalRules.rulesStrings.3,memeAdjective->uncompromising,li,MemeDef/MemeDef.xml,def
VME_Structure_Authoritarianism.generalRules.rulesStrings.4,memeAdjective->repressive,li,MemeDef/MemeDef.xml,def
VME_Structure_Authoritarianism.generalRules.rulesStrings.5,memeAdjective->iron-fisted,li,MemeDef/MemeDef.xml,def
VME_Structure_Authoritarianism.generalRules.rulesStrings.6,memeAdjective->populist,li,MemeDef/MemeDef.xml,def
VME_Structure_Authoritarianism.generalRules.rulesStrings.7,memeLeaderNoun->supreme leader,li,MemeDef/MemeDef.xml,def
VME_Structure_Authoritarianism.generalRules.rulesStrings.8,memeLeaderNoun->caudillo,li,MemeDef/MemeDef.xml,def
VME_Structure_Authoritarianism.generalRules.rulesStrings.9,memeLeaderNoun->chairman,li,MemeDef/MemeDef.xml,def
VME_Structure_Authoritarianism.generalRules.rulesStrings.10,memeLeaderNoun->duce,li,MemeDef/MemeDef.xml,def
VME_Structure_Authoritarianism.generalRules.rulesStrings.11,memeLeaderNoun->president for life,li,MemeDef/MemeDef.xml,def
VME_Structure_Authoritarianism.generalRules.rulesStrings.12,memeLeaderAdjective->stern,li,MemeDef/MemeDef.xml,def
VME_Structure_Authoritarianism.generalRules.rulesStrings.13,memeLeaderAdjective->patriot,li,MemeDef/MemeDef.xml,def
VME_Structure_Authoritarianism.generalRules.rulesStrings.14,memeLeaderAdjective->callous,li,MemeDef/MemeDef.xml,def
VME_Structure_Authoritarianism.generalRules.rulesStrings.15,memeLeaderAdjective->harsh,li,MemeDef/MemeDef.xml,def
VME_Structure_Authoritarianism.generalRules.rulesStrings.16,memeLeaderAdjective->implacable,li,MemeDef/MemeDef.xml,def
VME_Structure_Authoritarianism.generalRules.rulesStrings.17,memeLeaderAdjective->inexorable,li,MemeDef/MemeDef.xml,def
VME_Structure_Authoritarianism.generalRules.rulesStrings.18,memeMoralist->propagandist,li,MemeDef/MemeDef.xml,def
VME_Structure_Authoritarianism.generalRules.rulesStrings.19,memeMoralist->regime advocate,li,MemeDef/MemeDef.xml,def
VME_Structure_Authoritarianism.generalRules.rulesStrings.20,memeMoralist->campaigner,li,MemeDef/MemeDef.xml,def
VME_Structure_CultOfPersonality.label,cult of personality,label,MemeDef/MemeDef.xml,def
VME_Structure_CultOfPersonality.description,"It is forbidden to question the crown of a king or queen, even the soil itself is undeserving to feel the touch of our leaders' divine feet. Our leader should want for nothing and through their grand design we will prosper.",description,MemeDef/MemeDef.xml,def
VME_Structure_CultOfPersonality.generalRules.rulesStrings.0,memeAdjective->unified,li,MemeDef/MemeDef.xml,def
VME_Structure_CultOfPersonality.generalRules.rulesStrings.1,memeAdjective->imperial,li,MemeDef/MemeDef.xml,def
VME_Structure_CultOfPersonality.generalRules.rulesStrings.2,memeAdjective->kingly,li,MemeDef/MemeDef.xml,def
VME_Structure_CultOfPersonality.generalRules.rulesStrings.3,memeAdjective->royal,li,MemeDef/MemeDef.xml,def
VME_Structure_CultOfPersonality.generalRules.rulesStrings.4,memeAdjective->monarchal,li,MemeDef/MemeDef.xml,def
VME_Structure_CultOfPersonality.generalRules.rulesStrings.5,memeAdjective->princely,li,MemeDef/MemeDef.xml,def
VME_Structure_CultOfPersonality.generalRules.rulesStrings.6,memeAdjective->sovereign,li,MemeDef/MemeDef.xml,def
VME_Structure_CultOfPersonality.generalRules.rulesStrings.7,memeCreed->laws,li,MemeDef/MemeDef.xml,def
VME_Structure_CultOfPersonality.generalRules.rulesStrings.8,memeCreed->orders,li,MemeDef/MemeDef.xml,def
VME_Structure_CultOfPersonality.generalRules.rulesStrings.9,memeCreed->divine will,li,MemeDef/MemeDef.xml,def
VME_Structure_CultOfPersonality.generalRules.rulesStrings.10,memeLeaderNoun->god-emperor,li,MemeDef/MemeDef.xml,def
VME_Structure_CultOfPersonality.generalRules.rulesStrings.11,memeLeaderNoun->emperor,li,MemeDef/MemeDef.xml,def
VME_Structure_CultOfPersonality.generalRules.rulesStrings.12,memeLeaderNoun->king,li,MemeDef/MemeDef.xml,def
VME_Structure_CultOfPersonality.generalRules.rulesStrings.13,memeLeaderNoun->dictator,li,MemeDef/MemeDef.xml,def
VME_Structure_CultOfPersonality.generalRules.rulesStrings.14,memeLeaderAdjective->majestic,li,MemeDef/MemeDef.xml,def
VME_Structure_CultOfPersonality.generalRules.rulesStrings.15,memeLeaderAdjective->loved,li,MemeDef/MemeDef.xml,def
VME_Structure_CultOfPersonality.generalRules.rulesStrings.16,memeLeaderAdjective->adored,li,MemeDef/MemeDef.xml,def
VME_Structure_CultOfPersonality.generalRules.rulesStrings.17,memeLeaderAdjective->annointed,li,MemeDef/MemeDef.xml,def
VME_Structure_CultOfPersonality.generalRules.rulesStrings.18,memeMoralist->sycophant,li,MemeDef/MemeDef.xml,def
VME_Structure_CultOfPersonality.generalRules.rulesStrings.19,memeMoralist->servant,li,MemeDef/MemeDef.xml,def
VME_Structure_CultOfPersonality.generalRules.rulesStrings.20,memeMoralist->magistrate,li,MemeDef/MemeDef.xml,def
VME_Structure_Pantheism.label,pantheism,label,MemeDef/MemeDef.xml,def
VME_Structure_Pantheism.description,"The Universe is God. There is no God but the combined substance, forces, and laws that are manifested in the existing universe.",description,MemeDef/MemeDef.xml,def
VME_Structure_Pantheism.generalRules.rulesStrings.0,memeAdjective->immanent,li,MemeDef/MemeDef.xml,def
VME_Structure_Pantheism.generalRules.rulesStrings.1,memeAdjective->divine,li,MemeDef/MemeDef.xml,def
VME_Structure_Pantheism.generalRules.rulesStrings.2,memeAdjective->all-encompassing,li,MemeDef/MemeDef.xml,def
VME_Structure_Pantheism.generalRules.rulesStrings.3,memeAdjective->transcendent,li,MemeDef/MemeDef.xml,def
VME_Structure_Pantheism.generalRules.rulesStrings.4,memeAdjective->infinite,li,MemeDef/MemeDef.xml,def
VME_Structure_Pantheism.generalRules.rulesStrings.5,memeAdjective->enlightened,li,MemeDef/MemeDef.xml,def
VME_Structure_Pantheism.generalRules.rulesStrings.6,memeLeaderNoun->guru,li,MemeDef/MemeDef.xml,def
VME_Structure_Pantheism.generalRules.rulesStrings.7,memeLeaderNoun->leader,li,MemeDef/MemeDef.xml,def
VME_Structure_Pantheism.generalRules.rulesStrings.8,memeLeaderNoun->prince,li,MemeDef/MemeDef.xml,def
VME_Structure_Pantheism.generalRules.rulesStrings.9,memeLeaderAdjective->calm,li,MemeDef/MemeDef.xml,def
VME_Structure_Pantheism.generalRules.rulesStrings.10,memeLeaderAdjective->meditating,li,MemeDef/MemeDef.xml,def
VME_Structure_Pantheism.generalRules.rulesStrings.11,memeLeaderAdjective->enlightened,li,MemeDef/MemeDef.xml,def
VME_Structure_Pantheism.generalRules.rulesStrings.12,memeMoralist->philosopher,li,MemeDef/MemeDef.xml,def
VME_Structure_Pantheism.generalRules.rulesStrings.13,memeMoralist->thinker,li,MemeDef/MemeDef.xml,def
VME_Structure_Pantheism.generalRules.rulesStrings.14,memeMoralist->spiritualist,li,MemeDef/MemeDef.xml,def
VME_Structure_Omnism.label,omnism,label,MemeDef/MemeDef.xml,def
VME_Structure_Omnism.description,"All creeds and beliefs have both truths and fabrications, a healthy mind will listen carefully and with scrutiny to what tenets say as well as what they choose not to say.",description,MemeDef/MemeDef.xml,def
VME_Structure_Omnism.generalRules.rulesStrings.0,memeAdjective->universal,li,MemeDef/MemeDef.xml,def
VME_Structure_Omnism.generalRules.rulesStrings.1,memeAdjective->reformed,li,MemeDef/MemeDef.xml,def
VME_Structure_Omnism.generalRules.rulesStrings.2,memeAdjective->comprehensive,li,MemeDef/MemeDef.xml,def
VME_Structure_Omnism.generalRules.rulesStrings.3,memeAdjective->ubiquitous,li,MemeDef/MemeDef.xml,def
VME_Structure_Omnism.generalRules.rulesStrings.4,memeAdjective->all-inclusive,li,MemeDef/MemeDef.xml,def
VME_Structure_Omnism.generalRules.rulesStrings.5,memeLeaderNoun->all-theist,li,MemeDef/MemeDef.xml,def
VME_Structure_Omnism.generalRules.rulesStrings.6,memeLeaderNoun->trascendent one,li,MemeDef/MemeDef.xml,def
VME_Structure_Omnism.generalRules.rulesStrings.7,memeLeaderAdjective->wise,li,MemeDef/MemeDef.xml,def
VME_Structure_Omnism.generalRules.rulesStrings.8,memeLeaderAdjective->inclusive,li,MemeDef/MemeDef.xml,def
VME_Structure_Omnism.generalRules.rulesStrings.9,memeMoralist->priest,li,MemeDef/MemeDef.xml,def
VME_Structure_Omnism.generalRules.rulesStrings.10,memeMoralist->preacher,li,MemeDef/MemeDef.xml,def
VME_Structure_Agnosticism.label,agnosticism,label,MemeDef/MemeDef.xml,def
VME_Structure_Agnosticism.description,"The theory that any gods or all-powerful force watches or guides us down to trivialities is either asinine or incomprehensible by mere man, and equally so is the idea that all came from nothing. It is better to ignore such dogma and respect the freedom of those who find respite in such beliefs.",description,MemeDef/MemeDef.xml,def
VME_Structure_Agnosticism.generalRules.rulesStrings.0,memeAdjective->disbelieving,li,MemeDef/MemeDef.xml,def
VME_Structure_Agnosticism.generalRules.rulesStrings.1,memeAdjective->godless,li,MemeDef/MemeDef.xml,def
VME_Structure_Agnosticism.generalRules.rulesStrings.2,memeAdjective->irreligious,li,MemeDef/MemeDef.xml,def
VME_Structure_Agnosticism.generalRules.rulesStrings.3,memeAdjective->nonreligious,li,MemeDef/MemeDef.xml,def
VME_Structure_Agnosticism.generalRules.rulesStrings.4,memeAdjective->unbelieving,li,MemeDef/MemeDef.xml,def
VME_Structure_Agnosticism.generalRules.rulesStrings.5,memeAdjective->secular,li,MemeDef/MemeDef.xml,def
VME_Structure_Agnosticism.generalRules.rulesStrings.6,memeLeaderNoun->leader,li,MemeDef/MemeDef.xml,def
VME_Structure_Agnosticism.generalRules.rulesStrings.7,memeLeaderNoun->freethinker,li,MemeDef/MemeDef.xml,def
VME_Structure_Agnosticism.generalRules.rulesStrings.8,memeLeaderAdjective->secular,li,MemeDef/MemeDef.xml,def
VME_Structure_Agnosticism.generalRules.rulesStrings.9,memeLeaderAdjective->worldly,li,MemeDef/MemeDef.xml,def
VME_Structure_Agnosticism.generalRules.rulesStrings.10,memeLeaderAdjective->profane,li,MemeDef/MemeDef.xml,def
VME_Structure_Agnosticism.generalRules.rulesStrings.11,memeMoralist->counselor,li,MemeDef/MemeDef.xml,def
VME_Structure_Agnosticism.generalRules.rulesStrings.12,memeMoralist->ethicist,li,MemeDef/MemeDef.xml,def
VME_Structure_Agnosticism.generalRules.rulesStrings.13,memeMoralist->moralist,li,MemeDef/MemeDef.xml,def
VME_Structure_Agnosticism.generalRules.rulesStrings.14,memeMoralist->philosopher,li,MemeDef/MemeDef.xml,def
VME_Structure_Agnosticism.generalRules.rulesStrings.15,memeMoralist->thinker,li,MemeDef/MemeDef.xml,def
VME_Structure_Agnosticism.generalRules.rulesStrings.16,memeMoralist->academic,li,MemeDef/MemeDef.xml,def
VME_Structure_Agnosticism.generalRules.rulesStrings.17,memeMoralist->sophist,li,MemeDef/MemeDef.xml,def
VME_Structure_SecularSpirituality.label,secular spirituality,label,MemeDef/MemeDef.xml,def
VME_Structure_SecularSpirituality.description,"Putting one’s faith in rituals, prayer or powers beyond only delays one’s personal growth. Enlightenment, happiness, and purpose can all be found from within and through any matter one feels is right.",description,MemeDef/MemeDef.xml,def
VME_Structure_SecularSpirituality.generalRules.rulesStrings.0,memeAdjective->psychic,li,MemeDef/MemeDef.xml,def
VME_Structure_SecularSpirituality.generalRules.rulesStrings.1,memeAdjective->intangible,li,MemeDef/MemeDef.xml,def
VME_Structure_SecularSpirituality.generalRules.rulesStrings.2,memeAdjective->ethereal,li,MemeDef/MemeDef.xml,def
VME_Structure_SecularSpirituality.generalRules.rulesStrings.3,memeAdjective->transcendent,li,MemeDef/MemeDef.xml,def
VME_Structure_SecularSpirituality.generalRules.rulesStrings.4,memeLeaderNoun->mystic,li,MemeDef/MemeDef.xml,def
VME_Structure_SecularSpirituality.generalRules.rulesStrings.5,memeLeaderNoun->visionary,li,MemeDef/MemeDef.xml,def
VME_Structure_SecularSpirituality.generalRules.rulesStrings.6,memeLeaderAdjective->supernatural,li,MemeDef/MemeDef.xml,def
VME_Structure_SecularSpirituality.generalRules.rulesStrings.7,memeLeaderAdjective->spiritual,li,MemeDef/MemeDef.xml,def
VME_Structure_SecularSpirituality.generalRules.rulesStrings.8,memeLeaderAdjective->otherworldly,li,MemeDef/MemeDef.xml,def
VME_Structure_SecularSpirituality.generalRules.rulesStrings.9,memeMoralist->yogi,li,MemeDef/MemeDef.xml,def
VME_Structure_SecularSpirituality.generalRules.rulesStrings.10,memeMoralist->therapist,li,MemeDef/MemeDef.xml,def
VME_Structure_SecularSpirituality.generalRules.rulesStrings.11,memeMoralist->meditation teacher,li,MemeDef/MemeDef.xml,def
VME_Structure_Shintaoism.label,shintaoist origin,label,MemeDef/MemeDef.xml,def
VME_Structure_Shintaoism.description,"This ideoligion is a descendant of ancient Shinto and Taoism. It may have very different precepts than those of thousands of years ago, but its symbols are similar.",description,MemeDef/MemeDef.xml,def
VME_Structure_Shintaoism.generalRules.rulesStrings.0,memeAdjective->balanced,li,MemeDef/MemeDef.xml,def
VME_Structure_Shintaoism.generalRules.rulesStrings.1,memeAdjective->natural,li,MemeDef/MemeDef.xml,def
VME_Structure_Shintaoism.generalRules.rulesStrings.2,memeAdjective->compassionate,li,MemeDef/MemeDef.xml,def
VME_Structure_Shintaoism.generalRules.rulesStrings.3,memeAdjective->frugal,li,MemeDef/MemeDef.xml,def
VME_Structure_Shintaoism.generalRules.rulesStrings.4,memeAdjective->humble,li,MemeDef/MemeDef.xml,def
VME_Structure_Shintaoism.generalRules.rulesStrings.5,memeLeaderNoun->taoshih,li,MemeDef/MemeDef.xml,def
VME_Structure_Shintaoism.generalRules.rulesStrings.6,memeLeaderNoun->master of the Tao,li,MemeDef/MemeDef.xml,def
VME_Structure_Shintaoism.generalRules.rulesStrings.7,memeLeaderAdjective->spiritual,li,MemeDef/MemeDef.xml,def
VME_Structure_Shintaoism.generalRules.rulesStrings.8,memeLeaderAdjective->serene,li,MemeDef/MemeDef.xml,def
VME_Structure_Shintaoism.generalRules.rulesStrings.9,memeMoralist->shintaoist priest,li,MemeDef/MemeDef.xml,def
VME_Structure_Corporate.label,corporate origin,label,MemeDef/MemeDef.xml,def
VME_Structure_Corporate.description,"No Gods or Kings should be worshipped, only man and his unslakable desire for wealth. Colonies should be managed like companies.",description,MemeDef/MemeDef.xml,def
VME_Structure_Corporate.generalRules.rulesStrings.0,memeAdjective->private,li,MemeDef/MemeDef.xml,def
VME_Structure_Corporate.generalRules.rulesStrings.1,memeAdjective->profitable,li,MemeDef/MemeDef.xml,def
VME_Structure_Corporate.generalRules.rulesStrings.2,memeAdjective->exploitative,li,MemeDef/MemeDef.xml,def
VME_Structure_Corporate.generalRules.rulesStrings.3,memeAdjective->professional,li,MemeDef/MemeDef.xml,def
VME_Structure_Corporate.generalRules.rulesStrings.4,memeAdjective->commercial,li,MemeDef/MemeDef.xml,def
VME_Structure_Corporate.generalRules.rulesStrings.5,memeAdjective->lucrative,li,MemeDef/MemeDef.xml,def
VME_Structure_Corporate.generalRules.rulesStrings.6,memeLeaderNoun->CEO,li,MemeDef/MemeDef.xml,def
VME_Structure_Corporate.generalRules.rulesStrings.7,memeLeaderNoun->boss,li,MemeDef/MemeDef.xml,def
VME_Structure_Corporate.generalRules.rulesStrings.8,memeLeaderNoun->superintendent,li,MemeDef/MemeDef.xml,def
VME_Structure_Corporate.generalRules.rulesStrings.9,memeLeaderAdjective->ruthless,li,MemeDef/MemeDef.xml,def
VME_Structure_Corporate.generalRules.rulesStrings.10,memeLeaderAdjective->talented,li,MemeDef/MemeDef.xml,def
VME_Structure_Corporate.generalRules.rulesStrings.11,memeLeaderAdjective->entrepreneurial,li,MemeDef/MemeDef.xml,def
VME_Structure_Corporate.generalRules.rulesStrings.12,memeMoralist->administrator,li,MemeDef/MemeDef.xml,def
VME_Structure_Corporate.generalRules.rulesStrings.13,memeMoralist->executive,li,MemeDef/MemeDef.xml,def
VME_Structure_Corporate.generalRules.rulesStrings.14,memeMoralist->manager,li,MemeDef/MemeDef.xml,def
VME_Anonymity.label,anonymity,label,NeedDef/NeedDef.xml,def
VME_Anonymity.description,Anonymity reflects on how secretive a person finds their identity and personality to be. A pawn with this belief will feel happier when it’s high and unhappy when it’s nearing depletion. Anonymity slowly rises over time and any social interaction or exposed facial features will lower it.,description,NeedDef/NeedDef.xml,def
VME_Corruption.label,corruption,label,NeedDef/NeedDef.xml,def
VME_Corruption.description,"Corruption reflects a person's desire to give in to the dark, eldritch, and possibly even violent desires deeply embedded within them; a mildly corrupt pawn cannot lose ideological certainty. Corruption slowly fades daily, but can be paused by nearby obelisks and increased by incantation rituals. Upon reaching 100 corruption a pawn will immediately begin mentally breaking, and upon reaching 0 a pawn will easily be swayed to any other ideoligion",description,NeedDef/NeedDef.xml,def
VME_MenuFeatures.label,Vanilla Memes Expanded,label,VEF.OptionalFeatures.ModDef/VEF.OptionalFeatures.ModDef.xml,def
VME_MenuFeatures.description,VE Framework new Ideo menu options for Vanilla Memes Expanded,description,VEF.OptionalFeatures.ModDef/VEF.OptionalFeatures.ModDef.xml,def
VME_Alcohol.label,alcohol,label,IssueDef/IssueDef.xml,def
VME_Alcohol_Demanded.label,demanded,label,PreceptDef/PreceptDef.xml,def
VME_Alcohol_Demanded.description,Inebriation is central to a good life.,description,PreceptDef/PreceptDef.xml,def
VME_Alcohol_Demanded.stages.0.label,missing alcohol,label,ThoughtDef/ThoughtDef.xml,def
VME_Alcohol_Demanded.stages.0.description,I could use a drink.,description,ThoughtDef/ThoughtDef.xml,def
VME_Alcohol_Demanded.stages.1.label,no alcohol,label,ThoughtDef/ThoughtDef.xml,def
VME_Alcohol_Demanded.stages.1.description,I really want a drink right now.,description,ThoughtDef/ThoughtDef.xml,def
VME_Alcohol_Demanded.stages.2.label,needs alcohol,label,ThoughtDef/ThoughtDef.xml,def
VME_Alcohol_Demanded.stages.2.description,"I need a drink, something strong.",description,ThoughtDef/ThoughtDef.xml,def
VME_Alcohol_Demanded.stages.3.label,craves alcohol,label,ThoughtDef/ThoughtDef.xml,def
VME_Alcohol_Demanded.stages.3.description,I’d kill for a drop of alcohol.,description,ThoughtDef/ThoughtDef.xml,def
VME_Alcohol_Demanded.stages.4.label,demands alcohol,label,ThoughtDef/ThoughtDef.xml,def
VME_Alcohol_Demanded.stages.4.description,I'm losing my mind without alcohol.,description,ThoughtDef/ThoughtDef.xml,def
VME_Alcohol_Desired.label,desired,label,PreceptDef/PreceptDef.xml,def
VME_Alcohol_Desired.description,"Drinking is just plain fun, though not in excess.",description,PreceptDef/PreceptDef.xml,def
VME_Alcohol_Desired.stages.0.label,missing alcohol,label,ThoughtDef/ThoughtDef.xml,def
VME_Alcohol_Desired.stages.0.description,It's been a while since I've had a drink.,description,ThoughtDef/ThoughtDef.xml,def
VME_Alcohol_Desired.stages.1.label,desiring a drink,label,ThoughtDef/ThoughtDef.xml,def
VME_Alcohol_Desired.stages.1.description,What this colony needs is a bar so we can take a few drinks with our friends after a day of hard work.,description,ThoughtDef/ThoughtDef.xml,def
VME_Alcohol_Desired.stages.2.label,wanting a drink,label,ThoughtDef/ThoughtDef.xml,def
VME_Alcohol_Desired.stages.2.description,"Hard work is fine, but I'd really appreciate relaxing with some strong spirits or a beer.",description,ThoughtDef/ThoughtDef.xml,def
VME_Alcohol_Desired.stages.3.label,wanting a drink,label,ThoughtDef/ThoughtDef.xml,def
VME_Alcohol_Desired.stages.3.description,"Hard work is fine, but I'd really appreciate relaxing with some strong spirits or a beer.",description,ThoughtDef/ThoughtDef.xml,def
VME_Alcohol_Desired.stages.4.label,wanting a drink,label,ThoughtDef/ThoughtDef.xml,def
VME_Alcohol_Desired.stages.4.description,"Hard work is fine, but I'd really appreciate relaxing with some strong spirits or a beer.",description,ThoughtDef/ThoughtDef.xml,def
VME_Alcohol_MildAbstinence.label,mild abstinence,label,PreceptDef/PreceptDef.xml,def
VME_Alcohol_MildAbstinence.description,"Alcohol is okay when consumed in small dosages, but it is better to stay away from it as long as possible.",description,PreceptDef/PreceptDef.xml,def
VME_Alcohol_MildAbstinence.stages.0.label,consumed alcohol,label,ThoughtDef/ThoughtDef.xml,def
VME_Alcohol_MildAbstinence.stages.0.description,"I drank a bit of alcohol. Not a big deal, but I feel a bit woozy.",description,ThoughtDef/ThoughtDef.xml,def
VME_Alcohol_MildAbstinence.stages.1.label,abstained from alcohol,label,ThoughtDef/ThoughtDef.xml,def
VME_Alcohol_MildAbstinence.stages.1.description,I haven't consumed alcohol lately.,description,ThoughtDef/ThoughtDef.xml,def
VME_Anonymity.label,anonymity,label,IssueDef/IssueDef.xml,def
VME_Anonymity_Required.label,required,label,PreceptDef/PreceptDef.xml,def
VME_Anonymity_Required.description,Through true anonymity we can achieve great things.,description,PreceptDef/PreceptDef.xml,def
VME_Apostasy_Accepted.label,accepted,label,PreceptDef/PreceptDef.xml,def
VME_Apostasy_Accepted.description,We should not feel bound to our current ideology.,description,PreceptDef/PreceptDef.xml,def
Apostasy_Despicable.label,despicable,label,PreceptDef/PreceptDef.xml,def
Apostasy_Despicable.description,Being coerced or otherwise manipulated into following a different belief is a despicable act.,description,PreceptDef/PreceptDef.xml,def
Apostasy_Despicable.comps.0.description,Changed ideoligion,description,PreceptDef/PreceptDef.xml,def
VME_Aurora.label,aurora,label,IssueDef/IssueDef.xml,def
VME_Aurora_Amazing.label,amazing,label,PreceptDef/PreceptDef.xml,def
VME_Aurora_Amazing.description,Auroras are a beautiful and divine phenomenon.,description,PreceptDef/PreceptDef.xml,def
VME_Aurora_Amazing.stages.0.label,amazing aurora,label,ThoughtDef/ThoughtDef.xml,def
VME_Aurora_Amazing.stages.0.description,That aurora had such incredible colors.,description,ThoughtDef/ThoughtDef.xml,def
VME_Aurora_Despised.label,despised,label,PreceptDef/PreceptDef.xml,def
VME_Aurora_Despised.description,Those blinding lights in the night sky give us nasty headaches.,description,PreceptDef/PreceptDef.xml,def
VME_Aurora_Despised.stages.0.label,disgusting aurora,label,ThoughtDef/ThoughtDef.xml,def
VME_Aurora_Despised.stages.0.description,The blinding lights in the heavens give me a headache.,description,ThoughtDef/ThoughtDef.xml,def
VME_AutomationEfficiency.label,automation efficiency,label,IssueDef/IssueDef.xml,def
VME_AutomationEfficiency_Increased.label,increased,label,PreceptDef/PreceptDef.xml,def
VME_AutomationEfficiency_Increased.description,"We should embrace automation, working by hand is primitive.\n\n<color=#E5E54C>Stats:</color>\n - Electric work table speed: x150%.",description,PreceptDef/PreceptDef.xml,def
VME_AutomationEfficiency_Decreased.label,decreased,label,PreceptDef/PreceptDef.xml,def
VME_AutomationEfficiency_Decreased.description,Automation is despicable. Working by hand is true craftsmanship.\n\n<color=#E5E54C>Stats:</color>\n - Electric work table speed: x50%.,description,PreceptDef/PreceptDef.xml,def
VME_AutonomousWeapons_Accepted.label,accepted,label,PreceptDef/PreceptDef.xml,def
VME_AutonomousWeapons_Accepted.description,Automated defenses are a good way to defend our colony.,description,PreceptDef/PreceptDef.xml,def
VME_AutonomousWeapons_Accepted.comps.0.description,Automated turret in colony,description,PreceptDef/PreceptDef.xml,def
VME_AutonomousWeapons_Exalted.label,exalted,label,PreceptDef/PreceptDef.xml,def
VME_AutonomousWeapons_Exalted.description,Automated defenses are key to a proper defense of what is ours.,description,PreceptDef/PreceptDef.xml,def
VME_AutonomousWeapons_Exalted.comps.0.description,Automated turret in colony,description,PreceptDef/PreceptDef.xml,def
VME_AutonomousWeapons_Accepted.stages.0.label,automated turrets,label,ThoughtDef/ThoughtDef.xml,def
VME_AutonomousWeapons_Accepted.stages.0.description,We use automated turrets. They are an incredible boon to our defenses.,description,ThoughtDef/ThoughtDef.xml,def
VME_AutonomousWeapons_Exalted.stages.0.label,automated turrets,label,ThoughtDef/ThoughtDef.xml,def
VME_AutonomousWeapons_Exalted.stages.0.description,We use automated turrets. Automated defenses are key to a proper defense of what is ours.,description,ThoughtDef/ThoughtDef.xml,def
VME_InstalledNonNaturalProsthetic.label,installed non-natural prosthetic,label,HistoryEventDef/HistoryEventDef.xml,def
VME_BodyMod_OnlyBiological.label,only biological,label,PreceptDef/PreceptDef.xml,def
VME_BodyMod_OnlyBiological.description,"Flesh should only be replaced by flesh, to replace a body with a machine is forbidden.\n\n<color=#E5E54C>Gameplay effect:</color>\n - This covers fleshcrafted limbs, natural limbs, mutant limbs from Anomaly, Vanilla Genetics Expanded implants and Alpha Animals ""ocular"" implants.",description,PreceptDef/PreceptDef.xml,def
VME_InstalledProsthetic_OnlyBiological.stages.0.label,installed non-natural prosthetic,label,ThoughtDef/ThoughtDef.xml,def
VME_InstalledProsthetic_OnlyBiological.stages.0.description,I had to install a non-natural prosthetic. Flesh only should be replaced by flesh.,description,ThoughtDef/ThoughtDef.xml,def
VME_InstalledProsthetic_Know_OnlyBiological.stages.0.label,installed non-natural prosthetic,label,ThoughtDef/ThoughtDef.xml,def
VME_HasProsthetic_OnlyBiological.stages.0.label,non-natural part,label,ThoughtDef/ThoughtDef.xml,def
VME_HasProsthetic_OnlyBiological.stages.0.description,I have a non-natural body part in me. Flesh only should be replaced by flesh!,description,ThoughtDef/ThoughtDef.xml,def
VME_HasProsthetic_OnlyBiological_Social.stages.0.label,non-natural part,label,ThoughtDef/ThoughtDef.xml,def
VME_BookQuality.label,book quality,label,IssueDef/IssueDef.xml,def
VME_BookQuality_Desired.label,desired,label,PreceptDef/PreceptDef.xml,def
VME_BookQuality_Desired.description,There is nothing that would make us happier than acquiring legendary books for our colony.,description,PreceptDef/PreceptDef.xml,def
VME_BookQuality_Desired.stages.0.label,legendary book in colony,label,ThoughtDef/ThoughtDef.xml,def
VME_BookQuality_Desired.stages.0.description,"Our colony has acquired a legendary book, how exciting.",description,ThoughtDef/ThoughtDef.xml,def
VME_BookQuality_Desired.stages.1.label,some legendary books in colony,label,ThoughtDef/ThoughtDef.xml,def
VME_BookQuality_Desired.stages.1.description,"Our colony has acquired two legendary books, how exciting.",description,ThoughtDef/ThoughtDef.xml,def
VME_BookQuality_Desired.stages.2.label,a few legendary books in colony,label,ThoughtDef/ThoughtDef.xml,def
VME_BookQuality_Desired.stages.2.description,"Our colony has acquired a few legendary books, we are building an amazing collection.",description,ThoughtDef/ThoughtDef.xml,def
VME_BookQuality_Desired.stages.3.label,several legendary books in colony,label,ThoughtDef/ThoughtDef.xml,def
VME_BookQuality_Desired.stages.3.description,"Our colony has acquired several legendary books, we are on our way to building an incredible library.",description,ThoughtDef/ThoughtDef.xml,def
VME_BookQuality_Desired.stages.4.label,many legendary books in colony,label,ThoughtDef/ThoughtDef.xml,def
VME_BookQuality_Desired.stages.4.description,We have amassed quite a lot of legendary literature.,description,ThoughtDef/ThoughtDef.xml,def
VME_BookReadingSpeed.label,reading speed,label,IssueDef/IssueDef.xml,def
VME_BookReadingSpeed_Increased.label,increased,label,PreceptDef/PreceptDef.xml,def
VME_BookReadingSpeed_Increased.description,"Books are an open window to a world filled with wonders, we will quickly read any texts we come across.",description,PreceptDef/PreceptDef.xml,def
VME_BookReadingSpeed_Decreased.label,decreased,label,PreceptDef/PreceptDef.xml,def
VME_BookReadingSpeed_Decreased.description,"Reading is not something that can be rushed. It is important to spend a lot of time on each page, absorbing all the little details.",description,PreceptDef/PreceptDef.xml,def
VME_Corruption.label,corruption,label,IssueDef/IssueDef.xml,def
VME_Corruption_Essential.label,essential,label,PreceptDef/PreceptDef.xml,def
VME_Corruption_Essential.description,It is important to embrace the gifts of our dark god.,description,PreceptDef/PreceptDef.xml,def
VME_CraftingQuality.label,crafting quality,label,IssueDef/IssueDef.xml,def
VME_CraftingQuality_Increased.label,increased,label,PreceptDef/PreceptDef.xml,def
VME_CraftingQuality_Increased.description,"We pride ourselves in our work, and take no shortcuts in achieving perfection.\n\n<color=#E5E54C>Gameplay effect:</color>\n - Increases quality of items created on a worktable by 1, up to Legendary.",description,PreceptDef/PreceptDef.xml,def
VME_CraftingQuality_Decreased.label,decreased,label,PreceptDef/PreceptDef.xml,def
VME_CraftingQuality_Decreased.description,"We don't care about artisanal work. Why create something when you can buy it or steal it from others?\n\n<color=#E5E54C>Gameplay effect:</color>\n - Decreases quality of items created on a worktable by 1, down to Awful.",description,PreceptDef/PreceptDef.xml,def
VME_CraftingSpeed.label,crafting speed,label,IssueDef/IssueDef.xml,def
VME_CraftingSpeed_Slower.label,slower,label,PreceptDef/PreceptDef.xml,def
VME_CraftingSpeed_Slower.description,"A craftmaster must never rush, lest the quality of the product suffer.",description,PreceptDef/PreceptDef.xml,def
VME_CraftingSpeed_SlowerForManual.label,slower for manual,label,PreceptDef/PreceptDef.xml,def
VME_CraftingSpeed_SlowerForManual.description,We should not waste our precious lives toiling away in mindless manual labour.\n\n<color=#E5E54C>Stats:</color>\n - Non-electric work table speed: x75%.,description,PreceptDef/PreceptDef.xml,def
VME_CraftingSpeed_FasterForManual.label,faster for manual,label,PreceptDef/PreceptDef.xml,def
VME_CraftingSpeed_FasterForManual.description,Manual labour is our expertise and we enjoy engaging in it.\n\n<color=#E5E54C>Stats:</color>\n - Non-electric work table speed: x125%.,description,PreceptDef/PreceptDef.xml,def
VME_Death.label,death,label,IssueDef/IssueDef.xml,def
VME_Death_DontCare.label,don't care,label,PreceptDef/PreceptDef.xml,def
VME_Death_DontCare.description,"Death is inevitable, it is best not to mourn losses of life.\n\n<color=#E5E54C>Gameplay effect:</color>\n - Colonists won't get any mood effects for losing other colonists.",description,PreceptDef/PreceptDef.xml,def
VME_Death_Normal.label,normal,label,PreceptDef/PreceptDef.xml,def
VME_Death_Normal.description,"Death is inevitable, an incredibly sad fact of life.",description,PreceptDef/PreceptDef.xml,def
VME_Death_Troubling.label,troubling,label,PreceptDef/PreceptDef.xml,def
VME_Death_Troubling.description,"Death is inevitable, but we prefer not to dwell on it and not be reminded of its reality as much as possible.",description,PreceptDef/PreceptDef.xml,def
VME_Death_Troubling.stages.0.label,death is troubling,label,ThoughtDef/ThoughtDef.xml,def
VME_Death_Troubling.stages.0.description,"I know death is a part of life, but I hate being reminded of it.",description,ThoughtDef/ThoughtDef.xml,def
VME_Defeat.label,defeat,label,IssueDef/IssueDef.xml,def
VME_Defeat.label,defeat,label,HistoryEventDef/HistoryEventDef.xml,def
VME_SecondDefeat.label,defeat,label,HistoryEventDef/HistoryEventDef.xml,def
VME_Defeat_Dishonorable.label,dishonorable,label,PreceptDef/PreceptDef.xml,def
VME_Defeat_Dishonorable.description,"Suffering a setback on the battlefield is an insult to body, mind, and spirit.\n\n<color=#E5E54C>Gameplay effect:</color>\n - A colonist that is downed in combat by a humanlike enemy twice in less than 30 days will start requiring a ceremonial suicide ritual to cleanse his dishonor. Mechanoids and animals don't count for this.",description,PreceptDef/PreceptDef.xml,def
VME_Defeat_Dishonorable.stages.0.label,defeated in combat,label,ThoughtDef/ThoughtDef.xml,def
VME_Defeat_Dishonorable.stages.0.description,"I was defeated in combat, this brings me great dishonor.",description,ThoughtDef/ThoughtDef.xml,def
VME_SecondDefeat_Dishonorable.stages.0.label,defeated in combat twice,label,ThoughtDef/ThoughtDef.xml,def
VME_SecondDefeat_Dishonorable.stages.0.description,"I was defeated in combat again, my dishonor is immeasurable.",description,ThoughtDef/ThoughtDef.xml,def
VME_DumbLabor.label,dumb labor,label,IssueDef/IssueDef.xml,def
VME_DumbLabor.label,dumb labor,label,HistoryEventDef/HistoryEventDef.xml,def
VME_DumbLabor_Exalted.label,exalted,label,PreceptDef/PreceptDef.xml,def
VME_DumbLabor_Exalted.description,A day of hard work cleaning or hauling is to be respected.,description,PreceptDef/PreceptDef.xml,def
VME_DumbLabor_Exalted.stages.0.label,did dumb labor,label,ThoughtDef/ThoughtDef.xml,def
VME_DumbLabor_Exalted.stages.0.description,I had to do dumb labor. I am an excellent example of the working class.,description,ThoughtDef/ThoughtDef.xml,def
VME_DumbLabor_Liked.label,liked,label,PreceptDef/PreceptDef.xml,def
VME_DumbLabor_Liked.description,Hard work is good for your body and for your mind.,description,PreceptDef/PreceptDef.xml,def
VME_DumbLabor_Liked.stages.0.label,did dumb labor,label,ThoughtDef/ThoughtDef.xml,def
VME_DumbLabor_Liked.stages.0.description,I had to do dumb labor. Broke a sweat but it was some honest work.,description,ThoughtDef/ThoughtDef.xml,def
VME_DumbLabor_Indifferent.label,indifferent,label,PreceptDef/PreceptDef.xml,def
VME_DumbLabor_Indifferent.description,Dumb tasks are necessary. That's all there is to it.,description,PreceptDef/PreceptDef.xml,def
VME_DumbLabor_Disliked.label,disliked,label,PreceptDef/PreceptDef.xml,def
VME_DumbLabor_Disliked.description,"We'd rather not do cleaning and hauling tasks, as they are incredibly exhausting, but they are necessary.",description,PreceptDef/PreceptDef.xml,def
VME_DumbLabor_Disliked.stages.0.label,did dumb labor,label,ThoughtDef/ThoughtDef.xml,def
VME_DumbLabor_Disliked.stages.0.description,I had to do dumb labor. So exhausting.,description,ThoughtDef/ThoughtDef.xml,def
VME_DumbLabor_Horrible.label,horrible,label,PreceptDef/PreceptDef.xml,def
VME_DumbLabor_Horrible.description,We should not suffer the the dishonor of dumb labor.\n\n<color=#E5E54C>Gameplay effect:</color>\n - Leader and Moralist roles will be incapable of Dumb Labor.,description,PreceptDef/PreceptDef.xml,def
VME_DumbLabor_Horrible.stages.0.label,did dumb labor,label,ThoughtDef/ThoughtDef.xml,def
VME_DumbLabor_Horrible.stages.0.description,I had to do dumb labor. It’s horrible. I don’t want it.,description,ThoughtDef/ThoughtDef.xml,def
VME_Eclipse_Despised.label,despised,label,PreceptDef/PreceptDef.xml,def
VME_Eclipse_Despised.description,"Eclipses are scary, surely a sign of worse things to come.",description,PreceptDef/PreceptDef.xml,def
VME_Eclipse_Despised.stages.0.label,disgusting eclipse,label,ThoughtDef/ThoughtDef.xml,def
VME_Eclipse_Despised.stages.0.description,Eclipses are so scary. Where did the light go?,description,ThoughtDef/ThoughtDef.xml,def
VME_Elders.label,elders,label,IssueDef/IssueDef.xml,def
VME_Elders_Despised.label,despised,label,PreceptDef/PreceptDef.xml,def
VME_Elders_Despised.description,"What is this, a retirement home?",description,PreceptDef/PreceptDef.xml,def
VME_Elders_Despised.stages.0.label,elder,label,ThoughtDef/ThoughtDef.xml,def
VME_Elders_Despised.stages.1.label,youth,label,ThoughtDef/ThoughtDef.xml,def
VME_Elders_Respected.label,respected,label,PreceptDef/PreceptDef.xml,def
VME_Elders_Respected.description,Our elders are to be respected.,description,PreceptDef/PreceptDef.xml,def
VME_Elders_Respected.stages.0.label,elder,label,ThoughtDef/ThoughtDef.xml,def
VME_Elders_Holy.label,holy,label,PreceptDef/PreceptDef.xml,def
VME_Elders_Holy.description,"Our elders are to be respected and revered, and never shall we expect them to do hard work.\n\n<color=#E5E54C>Gameplay effect:</color>\n - Colonists older than 65 will not do dumb labor.",description,PreceptDef/PreceptDef.xml,def
VME_Elders_Holy.stages.0.label,elder,label,ThoughtDef/ThoughtDef.xml,def
VME_Expectations.label,expectations,label,IssueDef/IssueDef.xml,def
VME_Expectations_High.label,high,label,PreceptDef/PreceptDef.xml,def
VME_Expectations_High.description,"It's important to live good life on the rimworlds and relax from time to time.\n\n<color=#E5E54C>Gameplay effect:</color>\n - Expectations increased by 1 for everyone in the colony, except elite and supreme, which are unaffected for balance reasons.",description,PreceptDef/PreceptDef.xml,def
VME_Expectations_Low.label,low,label,PreceptDef/PreceptDef.xml,def
VME_Expectations_Low.description,"The rimworlds are inhospitable. We shouldn't expect comfortable lives.\n\n<color=#E5E54C>Gameplay effect:</color>\n - Expectations lowered by 1 for everyone in the colony, except elite and supreme, which are unaffected for balance reasons.",description,PreceptDef/PreceptDef.xml,def
VME_FarmingYield.label,farming yield,label,IssueDef/IssueDef.xml,def
VME_FarmingYield_High.label,high,label,PreceptDef/PreceptDef.xml,def
VME_FarmingYield_High.description,"Woodcutting is so important that we do it with great focus and respect, and we get more resources because of that.\n\n<color=#E5E54C>Stats:</color>\n - Farming yield: +10%.",description,PreceptDef/PreceptDef.xml,def
VME_Fire.label,fire,label,IssueDef/IssueDef.xml,def
VME_Fire_Desired.label,desired,label,PreceptDef/PreceptDef.xml,def
VME_Fire_Desired.description,"Flame is an awesome sight to behold.\n\n<color=#E5E54C>Gameplay effect:</color>\n - Colonists get moods bonuses depending on the number of active fires on the map. Campfires, torches, other vanilla fire sources and Stone Campfires from Vanilla Furniture Expanded - Core also count.",description,PreceptDef/PreceptDef.xml,def
VME_Fire_Desired.stages.0.label,no fires nearby,label,ThoughtDef/ThoughtDef.xml,def
VME_Fire_Desired.stages.0.description,It has been too long since I’ve seen a fire.,description,ThoughtDef/ThoughtDef.xml,def
VME_Fire_Desired.stages.1.label,very few fires,label,ThoughtDef/ThoughtDef.xml,def
VME_Fire_Desired.stages.1.description,I miss seeing the open flames.,description,ThoughtDef/ThoughtDef.xml,def
VME_Fire_Desired.stages.2.label,small fire,label,ThoughtDef/ThoughtDef.xml,def
VME_Fire_Desired.stages.2.description,I recently saw a small fire.,description,ThoughtDef/ThoughtDef.xml,def
VME_Fire_Desired.stages.3.label,saw fire,label,ThoughtDef/ThoughtDef.xml,def
VME_Fire_Desired.stages.3.description,I recently saw a burning flame.,description,ThoughtDef/ThoughtDef.xml,def
VME_Fire_Desired.stages.4.label,amazing fires,label,ThoughtDef/ThoughtDef.xml,def
VME_Fire_Desired.stages.4.description,I am surrounded by fire.,description,ThoughtDef/ThoughtDef.xml,def
VME_Fire_Desired.stages.5.label,beautiful fires,label,ThoughtDef/ThoughtDef.xml,def
VME_Fire_Desired.stages.5.description,I am surrounded by many beautiful flames. This is fine.,description,ThoughtDef/ThoughtDef.xml,def
VME_Fire_Despised.label,despised,label,PreceptDef/PreceptDef.xml,def
VME_Fire_Despised.description,"There is nothing as dangerous as an out of control fire. Fires should be prevented by any means necessary.\n\n<color=#E5E54C>Gameplay effect:</color>\n - Colonists get negative moods depending on the number of active fires on the map. Campfires, torches, other vanilla fire sources and Stone Campfires from Vanilla Furniture Expanded - Core also count.",description,PreceptDef/PreceptDef.xml,def
VME_Fire_Despised.stages.0.label,no fires nearby,label,ThoughtDef/ThoughtDef.xml,def
VME_Fire_Despised.stages.0.description,There are no fires nearby. That's good.,description,ThoughtDef/ThoughtDef.xml,def
VME_Fire_Despised.stages.1.label,very few fires,label,ThoughtDef/ThoughtDef.xml,def
VME_Fire_Despised.stages.1.description,Looking at those fires makes me uneasy.,description,ThoughtDef/ThoughtDef.xml,def
VME_Fire_Despised.stages.2.label,small fire,label,ThoughtDef/ThoughtDef.xml,def
VME_Fire_Despised.stages.2.description,I recently saw a small fire. I'd rather see it extinguished.,description,ThoughtDef/ThoughtDef.xml,def
VME_Fire_Despised.stages.3.label,saw fire,label,ThoughtDef/ThoughtDef.xml,def
VME_Fire_Despised.stages.3.description,I recently saw a burning flame. It makes me very uncomfortable!,description,ThoughtDef/ThoughtDef.xml,def
VME_Fire_Despised.stages.4.label,blazing fires,label,ThoughtDef/ThoughtDef.xml,def
VME_Fire_Despised.stages.4.description,I am surrounded by fire! This is horrible!,description,ThoughtDef/ThoughtDef.xml,def
VME_Fire_Despised.stages.5.label,conflagration,label,ThoughtDef/ThoughtDef.xml,def
VME_Fire_Despised.stages.5.description,AHHHHHH! Everything is on fire!,description,ThoughtDef/ThoughtDef.xml,def
VME_Firefighting.label,firefighting,label,IssueDef/IssueDef.xml,def
VME_Firefighting.label,firefighting,label,HistoryEventDef/HistoryEventDef.xml,def
VME_Firefighting_Abhorrent.label,abhorrent,label,PreceptDef/PreceptDef.xml,def
VME_Firefighting_Abhorrent.description,To snuff an open flame is a disgusting act.,description,PreceptDef/PreceptDef.xml,def
VME_Firefighting_Abhorrent.stages.0.label,extinguished fire,label,ThoughtDef/ThoughtDef.xml,def
VME_Firefighting_Abhorrent.stages.0.description,"I had to extinguish fire, I hated it.",description,ThoughtDef/ThoughtDef.xml,def
VME_Firefighting_Preferred.label,preferred,label,PreceptDef/PreceptDef.xml,def
VME_Firefighting_Preferred.description,There is nothing more exhilarating than extinguishing a dangerous fire.,description,PreceptDef/PreceptDef.xml,def
VME_Firefighting_Preferred.stages.0.label,extinguished fire,label,ThoughtDef/ThoughtDef.xml,def
VME_Firefighting_Preferred.stages.0.description,"I extinguished a fire, I'm proud of myself.",description,ThoughtDef/ThoughtDef.xml,def
VME_FungusEating_DontCare.label,don't care,label,PreceptDef/PreceptDef.xml,def
VME_FungusEating_DontCare.description,Fungus goes well with lasagna.,description,PreceptDef/PreceptDef.xml,def
VME_Hospital.label,hospital,label,IssueDef/IssueDef.xml,def
VME_Hospital_Required.label,required,label,PreceptDef/PreceptDef.xml,def
VME_Hospital_Required.description,"A clean hospital is essential for the long-term health of any community.\n\n<color=#E5E54C>Gameplay effect:</color>\n - Colonists gets mood penalties / bonuses depending on size of hospital rooms found in the map. Only hospital rooms with an impressiveness of ""decent"" or higher will count for this calculation. Hospitals will need to be clean or colonists will complain too!",description,PreceptDef/PreceptDef.xml,def
VME_Hospital_Required.stages.0.label,need hospital,label,ThoughtDef/ThoughtDef.xml,def
VME_Hospital_Required.stages.0.description,We lack a place to help people and should have a dedicated hospital.,description,ThoughtDef/ThoughtDef.xml,def
VME_Hospital_Required.stages.1.label,lame hospital,label,ThoughtDef/ThoughtDef.xml,def
VME_Hospital_Required.stages.1.description,"We have a hospital, but it needs to be ""decent"" at least!",description,ThoughtDef/ThoughtDef.xml,def
VME_Hospital_Required.stages.2.label,dirty hospital,label,ThoughtDef/ThoughtDef.xml,def
VME_Hospital_Required.stages.2.description,"We have a hospital, but it is incredibly dirty. We are not animals!",description,ThoughtDef/ThoughtDef.xml,def
VME_Hospital_Required.stages.3.label,small hospital,label,ThoughtDef/ThoughtDef.xml,def
VME_Hospital_Required.stages.3.description,We have a small hospital.,description,ThoughtDef/ThoughtDef.xml,def
VME_Hospital_Required.stages.4.label,spacious hospital,label,ThoughtDef/ThoughtDef.xml,def
VME_Hospital_Required.stages.4.description,We have a very spacious hospital.,description,ThoughtDef/ThoughtDef.xml,def
VME_Hospital_Required.stages.5.label,huge hospital,label,ThoughtDef/ThoughtDef.xml,def
VME_Hospital_Required.stages.5.description,"We have a huge, professional hospital!",description,ThoughtDef/ThoughtDef.xml,def
VME_Illness.label,illness,label,IssueDef/IssueDef.xml,def
VME_Illness_Exalted.label,exalted,label,PreceptDef/PreceptDef.xml,def
VME_Illness_Exalted.description,To be sick is to be blessed.,description,PreceptDef/PreceptDef.xml,def
VME_Illness_Exalted.stages.0.label,sick,label,ThoughtDef/ThoughtDef.xml,def
VME_Illness_Exalted.stages.0.description,"I've been blessed, bacteria shall breed in my veins.",description,ThoughtDef/ThoughtDef.xml,def
VME_Illness_Exalted.stages.1.label,wants to be sick,label,ThoughtDef/ThoughtDef.xml,def
VME_Illness_Exalted.stages.1.description,I hope I get sick again soon.,description,ThoughtDef/ThoughtDef.xml,def
VME_Illness_Preferred.label,preferred,label,PreceptDef/PreceptDef.xml,def
VME_Illness_Preferred.description,Being sick gives you an excuse to lie down and work less.,description,PreceptDef/PreceptDef.xml,def
VME_Illness_Preferred.stages.0.label,sick,label,ThoughtDef/ThoughtDef.xml,def
VME_Illness_Preferred.stages.0.description,I am sick. A perfect excuse to take it easy.,description,ThoughtDef/ThoughtDef.xml,def
VME_Illness_Indifferent.label,indifferent,label,PreceptDef/PreceptDef.xml,def
VME_Illness_Indifferent.description,Illness is just another fact of life.,description,PreceptDef/PreceptDef.xml,def
VME_Immunity.label,immunity,label,IssueDef/IssueDef.xml,def
VME_Immunity_Enhanced.label,enhanced,label,PreceptDef/PreceptDef.xml,def
VME_Immunity_Enhanced.description,"Plague, suffering, pain, these can all be overcome.",description,PreceptDef/PreceptDef.xml,def
VME_InsectJelly.label,insect jelly,label,IssueDef/IssueDef.xml,def
VME_AteInsectJelly.label,ate insect jelly,label,HistoryEventDef/HistoryEventDef.xml,def
VME_InsectJellyEaten_Despised.label,despised,label,PreceptDef/PreceptDef.xml,def
VME_InsectJellyEaten_Despised.description,Insect jelly is disgusting.,description,PreceptDef/PreceptDef.xml,def
VME_InsectJellyEaten_Neutral_Classic.label,neutral,label,PreceptDef/PreceptDef.xml,def
VME_InsectJellyEaten_Neutral_Classic.description,"Insect jelly is smooth, rich and nourishing.",description,PreceptDef/PreceptDef.xml,def
VME_InsectJellyEaten_Loved_Classic.label,loved,label,PreceptDef/PreceptDef.xml,def
VME_InsectJellyEaten_Loved_Classic.description,"Insect jelly is divine ambrosia, a gift from perfect creatures.",description,PreceptDef/PreceptDef.xml,def
VME_AteInsectJellyDirect.stages.0.label,ate insect jelly,label,ThoughtDef/ThoughtDef.xml,def
VME_AteInsectJellyDirect.stages.0.description,I ate some insect jelly. Not bad.,description,ThoughtDef/ThoughtDef.xml,def
VME_AteInsectJellyDirect_Loved.stages.0.label,ate insect jelly,label,ThoughtDef/ThoughtDef.xml,def
VME_AteInsectJellyDirect_Loved.stages.0.description,"Insect jelly is divine ambrosia, a gift from perfect creatures.",description,ThoughtDef/ThoughtDef.xml,def
VME_AteInsectJellyDirect_Despised.stages.0.label,ate insect jelly,label,ThoughtDef/ThoughtDef.xml,def
VME_AteInsectJellyDirect_Despised.stages.0.description,Insect jelly is disgusting.,description,ThoughtDef/ThoughtDef.xml,def
VME_InsectMeatEating_Sacrilegious.label,abhorrent,label,PreceptDef/PreceptDef.xml,def
VME_InsectMeatEating_Sacrilegious.description,Eating the flesh of insects is vile and disgusting.,description,PreceptDef/PreceptDef.xml,def
VME_InsectMeatEating_DontCare.label,don't care,label,PreceptDef/PreceptDef.xml,def
VME_InsectMeatEating_DontCare.description,Insect meat is just another type of meat.,description,PreceptDef/PreceptDef.xml,def
VME_AteInsectMeat_Sacrilegious.stages.0.label,ate insect meat,label,ThoughtDef/ThoughtDef.xml,def
VME_AteInsectMeat_Sacrilegious.stages.0.description,I ate some insect meat. Why did I do that?,description,ThoughtDef/ThoughtDef.xml,def
VME_AteInsectMeatAsIngredient_Sacrilegious.stages.0.label,ate cooked insect meat,label,ThoughtDef/ThoughtDef.xml,def
VME_AteInsectMeatAsIngredient_Sacrilegious.stages.0.description,I ate a meal that contained insect meat. Why did I do that?,description,ThoughtDef/ThoughtDef.xml,def
VME_Insectoids.label,insectoids,label,IssueDef/IssueDef.xml,def
VME_InsectoidKilled.label,insectoid killed,label,HistoryEventDef/HistoryEventDef.xml,def
VME_Insectoids_Exalted.label,exalted,label,PreceptDef/PreceptDef.xml,def
VME_Insectoids_Exalted.description,"Insects are not our enemies, only misunderstood.",description,PreceptDef/PreceptDef.xml,def
VME_Insectoids_Exalted.stages.0.label,insectoid slain,label,ThoughtDef/ThoughtDef.xml,def
VME_Insectoids_Exalted.stages.0.description,"I have killed an insectoid being, I feel bad.",description,ThoughtDef/ThoughtDef.xml,def
VME_Insectoids_Despised.label,despised,label,PreceptDef/PreceptDef.xml,def
VME_Insectoids_Despised.description,"Insects are our enemies, a plague that deserves to be exterminated.",description,PreceptDef/PreceptDef.xml,def
VME_Insectoids_Despised.stages.0.label,insectoid slain,label,ThoughtDef/ThoughtDef.xml,def
VME_Insectoids_Despised.stages.0.description,I killed an insectoid being. Good.,description,ThoughtDef/ThoughtDef.xml,def
VME_Junk.label,junk,label,IssueDef/IssueDef.xml,def
VME_Junk_Beautiful.label,beautiful,label,PreceptDef/PreceptDef.xml,def
VME_Junk_Beautiful.description,It's wonderful to live surrounded by things discarded by others.\n\n<color=#E5E54C>Gameplay effect:</color>\n - Ancient junk buildings can be uninstalled and placed again as needed.\n - Colonists get mood penalties / bonuses depending on amount of ancient junk buildings in a 20 tiles radius around them. Effect checks approximately once every 5 hours.,description,PreceptDef/PreceptDef.xml,def
VME_Junk_Beautiful.stages.0.label,no junk,label,ThoughtDef/ThoughtDef.xml,def
VME_Junk_Beautiful.stages.0.description,It has been too long since I’ve seen junk.,description,ThoughtDef/ThoughtDef.xml,def
VME_Junk_Beautiful.stages.1.label,few pieces of ancient junk (1 nearby),label,ThoughtDef/ThoughtDef.xml,def
VME_Junk_Beautiful.stages.1.description,"This area is way too sparse, I miss seeing the junk.",description,ThoughtDef/ThoughtDef.xml,def
VME_Junk_Beautiful.stages.2.label,few pieces of ancient junk (2 nearby),label,ThoughtDef/ThoughtDef.xml,def
VME_Junk_Beautiful.stages.2.description,This area has very few relics of ancient technology.,description,ThoughtDef/ThoughtDef.xml,def
VME_Junk_Beautiful.stages.3.label,few pieces of ancient junk (3 nearby),label,ThoughtDef/ThoughtDef.xml,def
VME_Junk_Beautiful.stages.3.description,We need to gather more pieces of ancient junk.,description,ThoughtDef/ThoughtDef.xml,def
VME_Junk_Beautiful.stages.4.label,few pieces of ancient junk (4 nearby),label,ThoughtDef/ThoughtDef.xml,def
VME_Junk_Beautiful.stages.4.description,We have too few pieces of ancient junk lying around.,description,ThoughtDef/ThoughtDef.xml,def
VME_Junk_Beautiful.stages.5.label,very little junk (5 nearby),label,ThoughtDef/ThoughtDef.xml,def
VME_Junk_Beautiful.stages.5.description,We should gather at least a few more pieces. Our junkyard is lacking.,description,ThoughtDef/ThoughtDef.xml,def
VME_Junk_Beautiful.stages.6.label,small junk,label,ThoughtDef/ThoughtDef.xml,def
VME_Junk_Beautiful.stages.6.description,I recently saw a small pile of junk.,description,ThoughtDef/ThoughtDef.xml,def
VME_Junk_Beautiful.stages.7.label,saw junk,label,ThoughtDef/ThoughtDef.xml,def
VME_Junk_Beautiful.stages.7.description,I recently saw junk.,description,ThoughtDef/ThoughtDef.xml,def
VME_Junk_Beautiful.stages.8.label,amazing junk,label,ThoughtDef/ThoughtDef.xml,def
VME_Junk_Beautiful.stages.8.description,I am surrounded by junk.,description,ThoughtDef/ThoughtDef.xml,def
VME_Junk_Beautiful.stages.9.label,beautiful junk,label,ThoughtDef/ThoughtDef.xml,def
VME_Junk_Beautiful.stages.9.description,I am surrounded by a junkyard and I love it.,description,ThoughtDef/ThoughtDef.xml,def
VME_Junk_Preferred.label,preferred,label,PreceptDef/PreceptDef.xml,def
VME_Junk_Preferred.description,"Ancient junk reminds us of the tribulations of our forefathers, subject to the eternal struggle of humanity among the stars. We can learn a great deal from studying this discarded tech.\n\n<color=#E5E54C>Gameplay effect:</color>\n - Ancient junk buildings can be uninstalled and placed again as needed.\n - Colonists get moderate mood penalties / bonuses depending on amount of ancient junk buildings in a 20 tiles radius around them. Effect checks approximately once every 5 hours.",description,PreceptDef/PreceptDef.xml,def
VME_Junk_Preferred.stages.0.label,no junk,label,ThoughtDef/ThoughtDef.xml,def
VME_Junk_Preferred.stages.0.description,I'd prefer if the colony had some examples of ancient junk.,description,ThoughtDef/ThoughtDef.xml,def
VME_Junk_Preferred.stages.1.label,few pieces of ancient junk (1 nearby),label,ThoughtDef/ThoughtDef.xml,def
VME_Junk_Preferred.stages.1.description,"This area is way too sparse, we could learn a lot from ancient technology.",description,ThoughtDef/ThoughtDef.xml,def
VME_Junk_Preferred.stages.2.label,few pieces of ancient junk (2 nearby),label,ThoughtDef/ThoughtDef.xml,def
VME_Junk_Preferred.stages.2.description,This area has very few relics of ancient technology.,description,ThoughtDef/ThoughtDef.xml,def
VME_Junk_Preferred.stages.3.label,few pieces of ancient junk (3 nearby),label,ThoughtDef/ThoughtDef.xml,def
VME_Junk_Preferred.stages.3.description,We need to gather more pieces of ancient junk.,description,ThoughtDef/ThoughtDef.xml,def
VME_Junk_Preferred.stages.4.label,few pieces of ancient junk (4 nearby),label,ThoughtDef/ThoughtDef.xml,def
VME_Junk_Preferred.stages.4.description,We have too few pieces of ancient junk lying around.,description,ThoughtDef/ThoughtDef.xml,def
VME_Junk_Preferred.stages.5.label,very little junk (5 nearby),label,ThoughtDef/ThoughtDef.xml,def
VME_Junk_Preferred.stages.5.description,We should gather at least a few more pieces. We can learn a lot from ancient technology.,description,ThoughtDef/ThoughtDef.xml,def
VME_Junk_Preferred.stages.6.label,small junk,label,ThoughtDef/ThoughtDef.xml,def
VME_Junk_Preferred.stages.6.description,I recently saw a small pile of junk.,description,ThoughtDef/ThoughtDef.xml,def
VME_Junk_Preferred.stages.7.label,saw junk,label,ThoughtDef/ThoughtDef.xml,def
VME_Junk_Preferred.stages.7.description,I recently saw junk.,description,ThoughtDef/ThoughtDef.xml,def
VME_Junk_Preferred.stages.8.label,plenty of junk,label,ThoughtDef/ThoughtDef.xml,def
VME_Junk_Preferred.stages.8.description,I am surrounded by junk.,description,ThoughtDef/ThoughtDef.xml,def
VME_Junk_Preferred.stages.9.label,lots of junk,label,ThoughtDef/ThoughtDef.xml,def
VME_Junk_Preferred.stages.9.description,I am surrounded by a junkyard. I find these examples of ancient technology to be fascinating.,description,ThoughtDef/ThoughtDef.xml,def
VME_JunkDeconstructionYield.label,deconstruction yield,label,IssueDef/IssueDef.xml,def
VME_JunkDeconstructionYield_High.label,high,label,PreceptDef/PreceptDef.xml,def
VME_JunkDeconstructionYield_High.description,"To throw away that which could be reused is utterly wasteful, everything can be repurposed.\n\n<color=#E5E54C>Gameplay effect:</color>\n - Deconstructing a building returns 100% of its original materials. This also applies to destroying a building (as long as the building produces resources when destroyed), and when failing to construct it.",description,PreceptDef/PreceptDef.xml,def
VME_KillingWithFire.label,killing with fire,label,IssueDef/IssueDef.xml,def
VME_KillingWithFire.label,killing with fire,label,HistoryEventDef/HistoryEventDef.xml,def
VME_KillingWithFire_Preferred.label,preferred,label,PreceptDef/PreceptDef.xml,def
VME_KillingWithFire_Preferred.description,Enemies should be burnt to death.,description,PreceptDef/PreceptDef.xml,def
VME_KillingWithFire_Preferred.stages.0.label,enemies burnt,label,ThoughtDef/ThoughtDef.xml,def
VME_KillingWithFire_Preferred.stages.0.description,Our enemies be engulfed by flame.,description,ThoughtDef/ThoughtDef.xml,def
VME_KillingWithFire_Abhorrent.label,abhorrent,label,PreceptDef/PreceptDef.xml,def
VME_KillingWithFire_Abhorrent.description,Watching a person burn to death is horrible.,description,PreceptDef/PreceptDef.xml,def
VME_KillingWithFire_Abhorrent.stages.0.label,enemies burnt,label,ThoughtDef/ThoughtDef.xml,def
VME_KillingWithFire_Abhorrent.stages.0.description,"I watched a person get burnt to death, they didn't deserve that.",description,ThoughtDef/ThoughtDef.xml,def
VME_Leader.label,leader,label,IssueDef/IssueDef.xml,def
VME_LeaderDivinity.label,leader divinity,label,IssueDef/IssueDef.xml,def
VME_LeaderAbilities.label,leader abilities,label,IssueDef/IssueDef.xml,def
VME_Leader_Godlike.label,godlike,label,PreceptDef/PreceptDef.xml,def
VME_Leader_Godlike.description,Our leader should be exalted as a god.\n\n<color=#E5E54C>Gameplay effect:</color>\n - Opinion of the leader depends on a person's certainty in its ideoligion.,description,PreceptDef/PreceptDef.xml,def
VME_Leader_Godlike.stages.0.label,supreme god emperor,label,ThoughtDef/ThoughtDef.xml,def
VME_Leader_Godlike.stages.1.label,god emperor,label,ThoughtDef/ThoughtDef.xml,def
VME_Leader_Godlike.stages.2.label,dubious divinity,label,ThoughtDef/ThoughtDef.xml,def
VME_Leader_Godlike.stages.3.label,false god,label,ThoughtDef/ThoughtDef.xml,def
VME_Leader_BestCrafter.label,best crafter,label,PreceptDef/PreceptDef.xml,def
VME_Leader_BestCrafter.description,Our most skilled artisan is our leader.\n\n<color=#E5E54C>Gameplay effect:</color>\n - The leader role will periodically be forced upon the highest level crafter in the colony (this will only work if the ideology is the primary one).,description,PreceptDef/PreceptDef.xml,def
VME_Leader_BestFighter.label,best fighter,label,PreceptDef/PreceptDef.xml,def
VME_Leader_BestFighter.description,Our most talented fighter will be our leader.,description,PreceptDef/PreceptDef.xml,def
VME_Leader_Three.label,three,label,PreceptDef/PreceptDef.xml,def
VME_Leader_Three.description,We should put our trust in the hands of few rather than the hand of one.\n\n<color=#E5E54C>Gameplay effect:</color>\n - Up to three people can be designated as leader.,description,PreceptDef/PreceptDef.xml,def
VME_Leader_Moralist.label,moralist,label,PreceptDef/PreceptDef.xml,def
VME_Leader_Moralist.description,Our leader is also a morale guide.\n\n<color=#E5E54C>Gameplay effect:</color>\n - The colony's leader can use moralist abilities too.,description,PreceptDef/PreceptDef.xml,def
VME_LeatherApparel.label,leather apparel,label,IssueDef/IssueDef.xml,def
VME_LeatherApparel_Abhorrent.label,abhorrent,label,PreceptDef/PreceptDef.xml,def
VME_LeatherApparel_Abhorrent.description,Slaughtering an animal to use its skin as apparel is cruel and inhumane.,description,PreceptDef/PreceptDef.xml,def
VME_LeatherApparel_Disliked.label,disliked,label,PreceptDef/PreceptDef.xml,def
VME_LeatherApparel_Disliked.description,Using animal leathers is something that should be avoided.,description,PreceptDef/PreceptDef.xml,def
VME_LeatherApparel_Abhorrent.stages.0.label,wearing leather clothing,label,ThoughtDef/ThoughtDef.xml,def
VME_LeatherApparel_Abhorrent.stages.0.description,I'm wearing clothing made with animal leather. Slaughtering an animal to use its skin as apparel is cruel and inhumane.,description,ThoughtDef/ThoughtDef.xml,def
VME_LeatherApparel_Disliked.stages.0.label,wearing leather clothing,label,ThoughtDef/ThoughtDef.xml,def
VME_LeatherApparel_Disliked.stages.0.description,I'm wearing clothing made with animal leather. Slaughtering an animal to use its skin should be avoided.,description,ThoughtDef/ThoughtDef.xml,def
VME_Darklight_NormalPreferred.label,normal preferred,label,PreceptDef/PreceptDef.xml,def
VME_Darklight_NormalPreferred.description,"Darklight is an unnatural and cheap imitation of true light, and should be avoided.",description,PreceptDef/PreceptDef.xml,def
VME_DarknessCombat_Despised.label,despised,label,PreceptDef/PreceptDef.xml,def
VME_DarknessCombat_Despised.description,"Beyond being difficult to fight in, bloodshed should never take place in darkness.",description,PreceptDef/PreceptDef.xml,def
VME_Darklight_NormalPreferred_Darklight.stages.0.label,darklight,label,ThoughtDef/ThoughtDef.xml,def
VME_Darklight_NormalPreferred_Darklight.stages.0.description,Darklight is unnatural.,description,ThoughtDef/ThoughtDef.xml,def
VME_Darklight_DislikeDarkness.stages.0.label,despised darkness,label,ThoughtDef/ThoughtDef.xml,def
VME_Darklight_DislikeDarkness.stages.0.description,Darkness is unnatural and disgusting.,description,ThoughtDef/ThoughtDef.xml,def
VME_AteAnimalProducts.label,ate animal products,label,HistoryEventDef/HistoryEventDef.xml,def
VME_MeatEating_Abhorrent_Strict.label,abhorrent (strict),label,PreceptDef/PreceptDef.xml,def
VME_MeatEating_Abhorrent_Strict.description,Eating meat of any kind is deeply evil. Consuming any animal product is immoral.,description,PreceptDef/PreceptDef.xml,def
VME_AteAnimalProducts_Abhorrent.stages.0.label,ate animal products,label,ThoughtDef/ThoughtDef.xml,def
VME_AteAnimalProducts_Abhorrent.stages.0.description,I had to eat animal products. It is wrong and immoral to imprison an animal and use for sustenance.,description,ThoughtDef/ThoughtDef.xml,def
VME_AteAnimalProducts_Know_Abhorrent.stages.0.label,ate animal products,label,ThoughtDef/ThoughtDef.xml,def
VME_Mechanoids.label,mechanoids,label,IssueDef/IssueDef.xml,def
VME_MechanoidDestroyed.label,mechanoid destroyed,label,HistoryEventDef/HistoryEventDef.xml,def
VME_Mechanoids_Exalted.label,exalted,label,PreceptDef/PreceptDef.xml,def
VME_Mechanoids_Exalted.description,To destroy a mechanoid is a short-sighted and foolish act.,description,PreceptDef/PreceptDef.xml,def
VME_Mechanoids_Exalted.stages.0.label,mechanoid destroyed,label,ThoughtDef/ThoughtDef.xml,def
VME_Mechanoids_Exalted.stages.0.description,"I have destroyed a mechanoid being, this will anger the gods.",description,ThoughtDef/ThoughtDef.xml,def
VME_Mechanoids_Despised.label,despised,label,PreceptDef/PreceptDef.xml,def
VME_Mechanoids_Despised.description,"Mechanoids are an abomination, a reminder of man's hubris.",description,PreceptDef/PreceptDef.xml,def
VME_Mechanoids_Despised.stages.0.label,mechanoid destroyed,label,ThoughtDef/ThoughtDef.xml,def
VME_Mechanoids_Despised.stages.0.description,I have destroyed a mechanoid. Good.,description,ThoughtDef/ThoughtDef.xml,def
VME_Mood.label,mood,label,IssueDef/IssueDef.xml,def
VME_Mood_DictatedByStars.label,dictated by stars,label,PreceptDef/PreceptDef.xml,def
VME_Mood_DictatedByStars.description,"The stars will guide us.\n\n<color=#E5E54C>Gameplay effect:</color>\n - After every Divine the Stars ritual, a solar eclipse or an aurora, mood will randomly change between -30 and +30.",description,PreceptDef/PreceptDef.xml,def
VME_Mood_DictatedByStars.stages.0.label,stars are aligned,label,ThoughtDef/ThoughtDef.xml,def
VME_Mood_DictatedByStars.stages.0.description,The stars smile upon me.,description,ThoughtDef/ThoughtDef.xml,def
VME_Mood_DictatedByStars.stages.1.label,stars are perfect,label,ThoughtDef/ThoughtDef.xml,def
VME_Mood_DictatedByStars.stages.1.description,The stars tell a story of success.,description,ThoughtDef/ThoughtDef.xml,def
VME_Mood_DictatedByStars.stages.2.label,stars are excellent,label,ThoughtDef/ThoughtDef.xml,def
VME_Mood_DictatedByStars.stages.2.description,The stars tell me that my fate is comfortably in their hands.,description,ThoughtDef/ThoughtDef.xml,def
VME_Mood_DictatedByStars.stages.3.label,stars are good,label,ThoughtDef/ThoughtDef.xml,def
VME_Mood_DictatedByStars.stages.3.description,The stars tell me all is fine.,description,ThoughtDef/ThoughtDef.xml,def
VME_Mood_DictatedByStars.stages.4.label,stars are indifferent,label,ThoughtDef/ThoughtDef.xml,def
VME_Mood_DictatedByStars.stages.4.description,The stars have told me nothing.,description,ThoughtDef/ThoughtDef.xml,def
VME_Mood_DictatedByStars.stages.5.label,stars are bad,label,ThoughtDef/ThoughtDef.xml,def
VME_Mood_DictatedByStars.stages.5.description,The stars tell me to be worried.,description,ThoughtDef/ThoughtDef.xml,def
VME_Mood_DictatedByStars.stages.6.label,stars are not on my side,label,ThoughtDef/ThoughtDef.xml,def
VME_Mood_DictatedByStars.stages.6.description,The stars are cold and distant.,description,ThoughtDef/ThoughtDef.xml,def
VME_Mood_DictatedByStars.stages.7.label,stars are a bad omen,label,ThoughtDef/ThoughtDef.xml,def
VME_Mood_DictatedByStars.stages.7.description,The stars tell me to be afraid.,description,ThoughtDef/ThoughtDef.xml,def
VME_Mood_DictatedByStars.stages.8.label,stars are aligned… against me,label,ThoughtDef/ThoughtDef.xml,def
VME_Mood_DictatedByStars.stages.8.description,"The stars have aligned against me, they threaten my very life.",description,ThoughtDef/ThoughtDef.xml,def
VME_Mood_Shared.label,shared,label,PreceptDef/PreceptDef.xml,def
VME_Mood_Shared.description,"Empathy is a quality we must all strive to possess. We bear each other's burdens as well as each other's jubilations.\n\n<color=#E5E54C>Gameplay effect:</color>\n - If the average colony mood is happy, colonists receive a positive thought, and vice versa.",description,PreceptDef/PreceptDef.xml,def
VME_Mood_Shared.stages.0.label,rejoice,label,ThoughtDef/ThoughtDef.xml,def
VME_Mood_Shared.stages.0.description,"Everyone is in good mood, as am I.",description,ThoughtDef/ThoughtDef.xml,def
VME_Mood_Shared.stages.1.label,grieve,label,ThoughtDef/ThoughtDef.xml,def
VME_Mood_Shared.stages.1.description,"Everyone is in bad mood, as am I.",description,ThoughtDef/ThoughtDef.xml,def
VME_Mood_LowExpectations.label,low spirits,label,PreceptDef/PreceptDef.xml,def
VME_Mood_LowExpectations.description,"We are stranded on a lost, forgotten planet on the Rim. Things can hardly get worse.",description,PreceptDef/PreceptDef.xml,def
VME_Mood_LowExpectations.stages.0.label,bad mood,label,ThoughtDef/ThoughtDef.xml,def
VME_Mood_LowExpectations.stages.0.description,I'm just generally having a bad mood. The Rim is a hostile place.,description,ThoughtDef/ThoughtDef.xml,def
VME_Mood_Normal.label,normal,label,PreceptDef/PreceptDef.xml,def
VME_Mood_Normal.description,"I'm fine, thanks.",description,PreceptDef/PreceptDef.xml,def
VME_Mood_HighExpectations.label,high spirits,label,PreceptDef/PreceptDef.xml,def
VME_Mood_HighExpectations.description,The whole world is ours to explore and enjoy.,description,PreceptDef/PreceptDef.xml,def
VME_Mood_HighExpectations.stages.0.label,good mood,label,ThoughtDef/ThoughtDef.xml,def
VME_Mood_HighExpectations.stages.0.description,I'm just generally having a good mood. The Rim is an amazing place.,description,ThoughtDef/ThoughtDef.xml,def
VME_OrganUse_PostMortem.label,post mortem,label,PreceptDef/PreceptDef.xml,def
VME_OrganUse_PostMortem.description,"Organs should never go to waste.\n\n<color=#E5E54C>Gameplay effect:</color>\n - Through the fleshcrafter role, the colony can butcher fresh humanoid bodies to acquire fleshcrafted organs.",description,PreceptDef/PreceptDef.xml,def
VME_Pain_DontCare.label,don't care,label,PreceptDef/PreceptDef.xml,def
VME_Pain_DontCare.description,"Pain is only in your mind, it can be endured.",description,PreceptDef/PreceptDef.xml,def
VME_PermanentBases.label,permanent bases,label,IssueDef/IssueDef.xml,def
VME_PermanentBases_Despised.label,despised,label,PreceptDef/PreceptDef.xml,def
VME_PermanentBases_Despised.description,"Our home is only temporary, it's important to keep moving.\n\n<color=#E5E54C>Stats:</color>\n - Farming yield: -10%.\n - Gathering yield: +40%.\n\n<color=#E5E54C>Gameplay effect:</color>\n - This precept will only work when using the vanilla game world system. Vehicles for example won't interact with it. Using other mods such as Caravan Adventure to leave the map won't work either. You need to use vanilla systems.",description,PreceptDef/PreceptDef.xml,def
VME_PermanentBases_Despised.stages.0.label,wanderlust (initial - stayed 15 days),label,ThoughtDef/ThoughtDef.xml,def
VME_PermanentBases_Despised.stages.0.description,We have been here for too long. Perhaps it is time to leave.,description,ThoughtDef/ThoughtDef.xml,def
VME_PermanentBases_Despised.stages.1.label,wanderlust (initial - stayed 16 days),label,ThoughtDef/ThoughtDef.xml,def
VME_PermanentBases_Despised.stages.1.description,We have been here for too long. Perhaps it is time to leave.,description,ThoughtDef/ThoughtDef.xml,def
VME_PermanentBases_Despised.stages.2.label,wanderlust (initial - stayed 17 days),label,ThoughtDef/ThoughtDef.xml,def
VME_PermanentBases_Despised.stages.2.description,We have been here for too long. Perhaps it is time to leave.,description,ThoughtDef/ThoughtDef.xml,def
VME_PermanentBases_Despised.stages.3.label,wanderlust (normal - stayed 20 days),label,ThoughtDef/ThoughtDef.xml,def
VME_PermanentBases_Despised.stages.3.description,"This colony is trite. We should we wandering, not staying on the same place.",description,ThoughtDef/ThoughtDef.xml,def
VME_PermanentBases_Despised.stages.4.label,wanderlust (normal - stayed 30 days),label,ThoughtDef/ThoughtDef.xml,def
VME_PermanentBases_Despised.stages.4.description,"This colony is trite. We should we wandering, not staying on the same place.",description,ThoughtDef/ThoughtDef.xml,def
VME_PermanentBases_Despised.stages.5.label,wanderlust (serious - stayed 40 days),label,ThoughtDef/ThoughtDef.xml,def
VME_PermanentBases_Despised.stages.5.description,Enough already! It is time to pack our things and hit the road.,description,ThoughtDef/ThoughtDef.xml,def
VME_PermanentBases_Despised.stages.6.label,wanderlust (serious - stayed 50 days),label,ThoughtDef/ThoughtDef.xml,def
VME_PermanentBases_Despised.stages.6.description,Enough already! It is time to pack our things and hit the road.,description,ThoughtDef/ThoughtDef.xml,def
VME_PermanentBases_Despised.stages.7.label,wanderlust (extreme - stayed 60 days),label,ThoughtDef/ThoughtDef.xml,def
VME_PermanentBases_Despised.stages.7.description,Agh! I can't stand being here anymore!,description,ThoughtDef/ThoughtDef.xml,def
VME_PermanentBases_Desired.label,desired,label,PreceptDef/PreceptDef.xml,def
VME_PermanentBases_Desired.description,"Our home should have many rooms and facilities, and we should never abandon it.\n\n<color=#E5E54C>Gameplay effect:</color>\n - Colonists gets mood penalties / bonuses depending on amount of buildings on the map. ""Building"" is a completely enclosed structure with at least 25 tiles size.",description,PreceptDef/PreceptDef.xml,def
VME_PermanentBases_Desired.stages.0.label,magnificent city,label,ThoughtDef/ThoughtDef.xml,def
VME_PermanentBases_Desired.stages.0.description,"Our city is magnificent, a fine example of what humanity can achieve.",description,ThoughtDef/ThoughtDef.xml,def
VME_PermanentBases_Desired.stages.1.label,lots of beautiful buildings,label,ThoughtDef/ThoughtDef.xml,def
VME_PermanentBases_Desired.stages.1.description,We have so many beautiful buildings!,description,ThoughtDef/ThoughtDef.xml,def
VME_PermanentBases_Desired.stages.2.label,many beautiful buildings,label,ThoughtDef/ThoughtDef.xml,def
VME_PermanentBases_Desired.stages.2.description,We have so many beautiful buildings!,description,ThoughtDef/ThoughtDef.xml,def
VME_PermanentBases_Desired.stages.3.label,burgeoning city,label,ThoughtDef/ThoughtDef.xml,def
VME_PermanentBases_Desired.stages.3.description,Our city is growing!,description,ThoughtDef/ThoughtDef.xml,def
VME_PermanentBases_Desired.stages.4.label,not enough buildings,label,ThoughtDef/ThoughtDef.xml,def
VME_PermanentBases_Desired.stages.4.description,There are not enough buildings nearby. I feel unprotected.,description,ThoughtDef/ThoughtDef.xml,def
VME_Power.label,power,label,IssueDef/IssueDef.xml,def
VME_Power_Exalted.label,exalted,label,PreceptDef/PreceptDef.xml,def
VME_Power_Exalted.description,Power should always be sought after.,description,PreceptDef/PreceptDef.xml,def
VME_Power_Exalted.stages.0.label,divine rule,label,ThoughtDef/ThoughtDef.xml,def
VME_Power_Exalted.stages.0.description,"My rule is supreme, akin to a god.",description,ThoughtDef/ThoughtDef.xml,def
VME_Power_Desired.label,desired,label,PreceptDef/PreceptDef.xml,def
VME_Power_Desired.description,Seeking power is an understandable desire.,description,PreceptDef/PreceptDef.xml,def
VME_Power_Desired.stages.0.label,in a position of power,label,ThoughtDef/ThoughtDef.xml,def
VME_Power_Desired.stages.0.description,I feel important and everyone looks up to me.,description,ThoughtDef/ThoughtDef.xml,def
VME_Power_Preferred.label,preferred,label,PreceptDef/PreceptDef.xml,def
VME_Power_Preferred.description,It's preferable to be in a position of power.,description,PreceptDef/PreceptDef.xml,def
VME_Power_Preferred.stages.0.label,i am important,label,ThoughtDef/ThoughtDef.xml,def
VME_Power_Preferred.stages.0.description,I feel reasonably important.,description,ThoughtDef/ThoughtDef.xml,def
VME_ConvertAPrisoner.label,converting a prisoner,label,HistoryEventDef/HistoryEventDef.xml,def
VME_Proselytizing_Forceful.label,forceful,label,PreceptDef/PreceptDef.xml,def
VME_Proselytizing_Forceful.description,People should be forced to follow our beliefs.,description,PreceptDef/PreceptDef.xml,def
VME_Proselytizing_Never.label,never,label,PreceptDef/PreceptDef.xml,def
VME_Proselytizing_Never.description,We should never attempt to convert others.\n\n<color=#E5E54C>Gameplay effect:</color>\n - Disables conversion rituals and the convert ability of the moralist role.,description,PreceptDef/PreceptDef.xml,def
VME_Raiding_Honorable.label,honorable,label,PreceptDef/PreceptDef.xml,def
VME_Raiding_Honorable.description,Strength and honor can be achieved by raiding other settlements.,description,PreceptDef/PreceptDef.xml,def
VME_ParticipatedInRaid_Honorable.stages.0.label,participated in raid,label,ThoughtDef/ThoughtDef.xml,def
VME_ParticipatedInRaid_Honorable.stages.0.description,"I participated in a raid. Through conquest, we bring honor to our colony.",description,ThoughtDef/ThoughtDef.xml,def
VME_RecentConquest_Honorable.stages.0.label,recent conquest,label,ThoughtDef/ThoughtDef.xml,def
VME_RecentConquest_Honorable.stages.0.description,"We recently raided another faction. Through conquest, we bring honor to our colony.",description,ThoughtDef/ThoughtDef.xml,def
VME_RecentConquest_Honorable.stages.1.label,no recent conquest,label,ThoughtDef/ThoughtDef.xml,def
VME_RecentConquest_Honorable.stages.1.description,"It's been far too long since we raided anyone, we should attack a settlement soon.",description,ThoughtDef/ThoughtDef.xml,def
VME_Raiding_Abhorrent.label,abhorrent,label,PreceptDef/PreceptDef.xml,def
VME_Raiding_Abhorrent.description,"It is shameful to attack or take from those weaker than you.\n\n<color=#E5E54C>Gameplay effect:</color>\n - Any raid will trigger this precept. Even those with a defensive focus such as problem causers. Yes, it's tough.",description,PreceptDef/PreceptDef.xml,def
VME_ParticipatedInRaid_Abhorrent.stages.0.label,participated in raid,label,ThoughtDef/ThoughtDef.xml,def
VME_ParticipatedInRaid_Abhorrent.stages.0.description,I participated in a raid. How could I do that? I'm ashamed.,description,ThoughtDef/ThoughtDef.xml,def
VME_RecentConquest_Abhorrent.stages.0.label,recent conquest,label,ThoughtDef/ThoughtDef.xml,def
VME_RecentConquest_Abhorrent.stages.0.description,We recently raided another faction. This is horrible and brings shame to our colony.,description,ThoughtDef/ThoughtDef.xml,def
VME_RecentConquest_Abhorrent.stages.1.label,no recent conquest,label,ThoughtDef/ThoughtDef.xml,def
VME_RecentConquest_Abhorrent.stages.1.description,"It's been a long time since we raided anyone. This is as it should be, we are not bullies.",description,ThoughtDef/ThoughtDef.xml,def
VME_AttackedAnimal.label,attacked animal,label,HistoryEventDef/HistoryEventDef.xml,def
VME_Ranching_Disliked.label,disliked,label,PreceptDef/PreceptDef.xml,def
VME_Ranching_Disliked.description,Keeping animals captive to consume their flesh and their resources is deeply immoral and should be avoided at all costs. Growing our own fruits and vegetables is a much nobler pursuit.,description,PreceptDef/PreceptDef.xml,def
VME_Ranching_Nomadic.label,nomadic,label,PreceptDef/PreceptDef.xml,def
VME_Ranching_Nomadic.description,A nomad is nothing without their trusty steed. Developing a bond with beasts of burden means traveling this world will never be a lonely endeavour.,description,PreceptDef/PreceptDef.xml,def
VME_Ranching_Disliked.stages.0.label,no pen markers around,label,ThoughtDef/ThoughtDef.xml,def
VME_Ranching_Disliked.stages.0.description,We don't even have a pen. Good.,description,ThoughtDef/ThoughtDef.xml,def
VME_Ranching_Disliked.stages.1.label,pen marker around,label,ThoughtDef/ThoughtDef.xml,def
VME_Ranching_Disliked.stages.1.description,"We have a pen marker in our colony. Animals shouldn't be kept captive, it's immoral.",description,ThoughtDef/ThoughtDef.xml,def
VME_Ranching_Disliked.stages.2.label,pen markers around,label,ThoughtDef/ThoughtDef.xml,def
VME_Ranching_Disliked.stages.2.description,"We have several pen markers in our colony. Animals shouldn't be kept captive, it's immoral.",description,ThoughtDef/ThoughtDef.xml,def
VME_Ranching_Disliked.stages.3.label,factory farming,label,ThoughtDef/ThoughtDef.xml,def
VME_Ranching_Disliked.stages.3.description,"We have too many pens, filled with poor animals in cramped conditions. I'm disgusted.",description,ThoughtDef/ThoughtDef.xml,def
VME_Ranching_Disliked_AttackedAnimal.stages.0.label,attacked an animal,label,ThoughtDef/ThoughtDef.xml,def
VME_Ranching_Disliked_AttackedAnimal.stages.0.description,"I had to attack an animal, I feel bad about it.",description,ThoughtDef/ThoughtDef.xml,def
VME_Ranching_Disliked_SowedPlant.stages.0.label,sowed human food plant,label,ThoughtDef/ThoughtDef.xml,def
VME_Ranching_Disliked_SowedPlant.stages.0.description,"I sowed a human food plant, food free from cruelty and abuse.",description,ThoughtDef/ThoughtDef.xml,def
VME_Recreation.label,recreation,label,IssueDef/IssueDef.xml,def
VME_HavingFun.label,having fun,label,HistoryEventDef/HistoryEventDef.xml,def
VME_Recreation_Loved.label,loved,label,PreceptDef/PreceptDef.xml,def
VME_Recreation_Loved.description,Recreation should be enjoyed to the fullest.\n\n<color=#E5E54C>Stats:</color>\n - Colonists gain recreation at 50% the speed when using any Joy buildings.\n - Increases by 50% the mood buff acquired by colonists after a party.,description,PreceptDef/PreceptDef.xml,def
VME_Recreation_Normal.label,normal,label,PreceptDef/PreceptDef.xml,def
VME_Recreation_Normal.description,Recreation is an important part of life.,description,PreceptDef/PreceptDef.xml,def
VME_Recreation_Disapproved.label,disapproved,label,PreceptDef/PreceptDef.xml,def
VME_Recreation_Disapproved.description,Recreation is a waste of time.\n\n<color=#E5E54C>Stats:</color>\n - Colonists get -5 mood for half a day after doing a recreation job.,description,PreceptDef/PreceptDef.xml,def
VME_Recreation_Disapproved.stages.0.label,waste of time,label,ThoughtDef/ThoughtDef.xml,def
VME_Recreation_Disapproved.stages.0.description,Recreation is a waste of time.,description,ThoughtDef/ThoughtDef.xml,def
VFEA_Recruiting.label,recruiting,label,IssueDef/IssueDef.xml,def
VFEA_BeingRecruited.label,being recruited,label,IssueDef/IssueDef.xml,def
VFEA_Recruiting_Forbidden.label,forbidden,label,PreceptDef/PreceptDef.xml,def
VFEA_Recruiting_Forbidden.description,It is wrong to accept any outsiders into our ranks.,description,PreceptDef/PreceptDef.xml,def
VFEA_BeingRecruited_Forbidden.label,forbidden,label,PreceptDef/PreceptDef.xml,def
VFEA_BeingRecruited_Forbidden.description,We should never allow ourselves to be recruited by another faction.,description,PreceptDef/PreceptDef.xml,def
VFEA_RecruitAttempt.label,recruit attempt,label,HistoryEventDef/HistoryEventDef.xml,def
VFEA_Interrogation.label,interrogation,label,HistoryEventDef/HistoryEventDef.xml,def
VME_BonfirePrecept.label,bonfire,label,PreceptDef/PreceptDef.xml,def
VME_BonfirePrecept.description,A huge ritual bonfire.,description,PreceptDef/PreceptDef.xml,def
VME_CeremonialSuicidePrecept.label,ceremonial suicide,label,PreceptDef/PreceptDef.xml,def
VME_CeremonialSuicidePrecept.description,A ceremonial suicide.,description,PreceptDef/PreceptDef.xml,def
VME_DivineStarsPrecept.label,divine the stars,label,PreceptDef/PreceptDef.xml,def
VME_DivineStarsPrecept.description,A divination ritual.,description,PreceptDef/PreceptDef.xml,def
VME_IncantationPrecept.label,incantation,label,PreceptDef/PreceptDef.xml,def
VME_IncantationPrecept.description,An incantation. A dark chant to appease the eldritch entities that defy all natural laws.,description,PreceptDef/PreceptDef.xml,def
VME_InsectoidHymnPrecept.label,insectoid hymn,label,PreceptDef/PreceptDef.xml,def
VME_InsectoidHymnPrecept.description,"An insectoid hymn. The ritual will refresh the cooldown of the insectoid herder's ""Construct a Nest"" ability. If the ritual gets the best possible result it will make any insectoids currently assaulting the colony flee. Except the Black HIve, those want your blood.",description,PreceptDef/PreceptDef.xml,def
VME_LeaderConversion.label,conversion ritual (leader),label,PreceptDef/PreceptDef.xml,def
VME_LeaderConversion.description,The leader tries to persuade someone into joining your ideoligion.,description,PreceptDef/PreceptDef.xml,def
VME_LeadershipChallengePrecept.label,leadership challenge,label,PreceptDef/PreceptDef.xml,def
VME_LeadershipChallengePrecept.description,A leadership challenge.,description,PreceptDef/PreceptDef.xml,def
VME_OrgyPrecept.label,orgy,label,PreceptDef/PreceptDef.xml,def
VME_OrgyPrecept.description,An orgy. Participants will ignore any sexual preferences during the event's duration.,description,PreceptDef/PreceptDef.xml,def
VME_PlagueFestivalPrecept.label,plague festival,label,PreceptDef/PreceptDef.xml,def
VME_PlagueFestivalPrecept.description,A plague festival.,description,PreceptDef/PreceptDef.xml,def
VME_SlaveEmancipationPrecept.label,slave emancipation,label,PreceptDef/PreceptDef.xml,def
VME_SlaveEmancipationPrecept.description,"Cast off your shackles, and should you find us suitable, be welcomed within our community as kin and kith alike. Should you find your new home ill-suited for your needs, we wish you a warm, albeit melancholy goodbye.",description,PreceptDef/PreceptDef.xml,def
VME_TradingFairPrecept.label,trading fair,label,PreceptDef/PreceptDef.xml,def
VME_TradingFairPrecept.description,A trading fair.,description,PreceptDef/PreceptDef.xml,def
VME_ViolentConversionPrecept.label,violent conversion,label,PreceptDef/PreceptDef.xml,def
VME_ViolentConversionPrecept.description,"Infidels must either join our cause, or their skulls shall be caved in with a thousand hammers.",description,PreceptDef/PreceptDef.xml,def
VME_WickerManBurningPrecept.label,wicker man burning,label,PreceptDef/PreceptDef.xml,def
VME_WickerManBurningPrecept.description,A wicker man burning.,description,PreceptDef/PreceptDef.xml,def
VME_IdeoRole_Commissar.label,commissar,label,PreceptDef/PreceptDef.xml,def
VME_IdeoRole_Commissar.description,A brave and ruthless military tactician who specializes in leading by means of fear and threats. Capable of executing insubordinate pawns in order to motivate the rest.,description,PreceptDef/PreceptDef.xml,def
VME_IdeoRole_FireKeeper.label,fire keeper,label,PreceptDef/PreceptDef.xml,def
VME_IdeoRole_FireKeeper.description,"A keeper of sacred flame whose primary job is to control pyres, bonfires, and kilns. Respected unanimously by their disciples, they have no qualms extinguishing fires and followers will respect their decisions to do so. All Firekeepers possess the ability to ignite flame sources and cause an explosion.",description,PreceptDef/PreceptDef.xml,def
VME_IdeoRole_FireKeeper.stages.0.label,keeper of sacred flame,label,ThoughtDef/ThoughtDef.xml,def
VME_IdeoRole_Fleshcrafter.label,fleshcrafter,label,PreceptDef/PreceptDef.xml,def
VME_IdeoRole_Fleshcrafter.description,A veritable anatomical expert capable of excising organs from recently deceased cadavers. Because of organ damage and decay only between one and three organs will be harvested at random and the rest of the corpse will be reduced to meat.,description,PreceptDef/PreceptDef.xml,def
VME_IdeoRole_InsectoidHerder.label,insectoid herder,label,PreceptDef/PreceptDef.xml,def
VME_IdeoRole_InsectoidHerder.description,"A talented tamer of insectoids. Through study or natural talent these leaders are capable of immediately understanding and controlling insectoid creatures, however, as a sacred bond they are not allowed to partake in any other kinds of work. Insectoid herders can erect insectoid hives as part of a short ritual.",description,PreceptDef/PreceptDef.xml,def
VME_IdeoRole_Mechacker.label,mechacker,label,PreceptDef/PreceptDef.xml,def
VME_IdeoRole_Mechacker.description,"A brilliant engineer capable of assembling mechanoid effigies. Unlike their lazy counterparts, Mechackers are willing to do all work types. All Mechackers possess the ability to overload and detonate turrets or hostile mechanoids, causing an explosion.",description,PreceptDef/PreceptDef.xml,def
VME_IdeoRole_Merchant.label,merchant,label,PreceptDef/PreceptDef.xml,def
VME_IdeoRole_Merchant.description,"A welcoming and charismatic, though somewhat cutthroat trader, specializes in establishing mercantile routes with other colonies. Can signal for a random friendly faction trade caravan to make a detour directly to the colony every 5 days. Also receives a small bonus to trading prices through sheer charisma.",description,PreceptDef/PreceptDef.xml,def
VME_IdeoRole_Nurse.label,nurse,label,PreceptDef/PreceptDef.xml,def
VME_IdeoRole_Nurse.description,"A dedicated medical professional able to tend to wounds with surgical precision. Possesses the unique ability to hyperfocus on their doctoring patients in times of mass trauma, temporarily suppressing their needs for rest, recreation, or hunger.",description,PreceptDef/PreceptDef.xml,def
VME_IdeoRole_PartyHost.label,party host,label,PreceptDef/PreceptDef.xml,def
VME_IdeoRole_PartyHost.description,"A most jovial hooligan incapable of understanding that not all times can be party time. A party leader is able to throw an amazing party at any time. However, they will find themselves needing about twice the recreation time as the normal person to be happy on a day-to-day basis.",description,PreceptDef/PreceptDef.xml,def
VME_IdeoRole_LeaderSecond.label,second triumvir,label,PreceptDef/PreceptDef.xml,def
VME_IdeoRole_LeaderSecond.description,A leader who holds the group together and represents your faction in diplomatic interactions.,description,PreceptDef/PreceptDef.xml,def
VME_IdeoRole_LeaderThird.label,third triumvir,label,PreceptDef/PreceptDef.xml,def
VME_IdeoRole_LeaderThird.description,A leader who holds the group together and represents your faction in diplomatic interactions.,description,PreceptDef/PreceptDef.xml,def
VME_Scars.label,scars,label,IssueDef/IssueDef.xml,def
VME_Scars_Honorable.label,honorable,label,PreceptDef/PreceptDef.xml,def
VME_Scars_Honorable.description,To be scarred and continue on is nothing short of an incredible act.,description,PreceptDef/PreceptDef.xml,def
VME_Scars_Honorable.stages.0.label,faintly scarred,label,ThoughtDef/ThoughtDef.xml,def
VME_Scars_Honorable.stages.1.label,scarred,label,ThoughtDef/ThoughtDef.xml,def
VME_Scars_Honorable.stages.2.label,heavily scarred,label,ThoughtDef/ThoughtDef.xml,def
VME_Scars_Honorable.stages.3.label,extremely scarred,label,ThoughtDef/ThoughtDef.xml,def
VME_Scars_Honorable.stages.4.label,innumerable battlefield scars,label,ThoughtDef/ThoughtDef.xml,def
VME_Scars_Disgusting.label,disgusting,label,PreceptDef/PreceptDef.xml,def
VME_Scars_Disgusting.description,A body marked with scars is disgusting.,description,PreceptDef/PreceptDef.xml,def
VME_Scars_Disgusting.stages.0.label,faintly scarred,label,ThoughtDef/ThoughtDef.xml,def
VME_Scars_Disgusting.stages.1.label,scarred,label,ThoughtDef/ThoughtDef.xml,def
VME_Scars_Disgusting.stages.2.label,heavily scarred,label,ThoughtDef/ThoughtDef.xml,def
VME_Scars_Disgusting.stages.3.label,extremely scarred,label,ThoughtDef/ThoughtDef.xml,def
VME_Scars_Disgusting.stages.4.label,innumerable battlefield scars,label,ThoughtDef/ThoughtDef.xml,def
VME_SkilledLabor.label,skilled labor,label,IssueDef/IssueDef.xml,def
VME_SkilledLabor_Slow.label,slow,label,PreceptDef/PreceptDef.xml,def
VME_SkilledLabor_Slow.description,"Skilled labor is meticulous and time-consuming, it is better to focus elsewhere.",description,PreceptDef/PreceptDef.xml,def
VME_SkilledLabor_Relaxed.label,relaxed,label,PreceptDef/PreceptDef.xml,def
VME_SkilledLabor_Relaxed.description,Skilled labour should be approached with care and time.,description,PreceptDef/PreceptDef.xml,def
VME_Slavery_Forbidden.label,forbidden,label,PreceptDef/PreceptDef.xml,def
VME_Slavery_Forbidden.description,"Slavery is a forbidden practice, and slaves deserve our respect. The only reason to purchase a slave is with intent to immediately free them.",description,PreceptDef/PreceptDef.xml,def
VME_Slavery_Forbidden.comps.0.description,Any slave in colony (until emancipated),description,PreceptDef/PreceptDef.xml,def
VME_Slavery_Forbidden_SlavesInColony.stages.0.label,unemancipated slaves in colony,label,ThoughtDef/ThoughtDef.xml,def
VME_Slavery_Forbidden_SlavesInColony.stages.0.description,There are slaves in the colony. We should emancipate them as soon as possible.,description,ThoughtDef/ThoughtDef.xml,def
VME_Slavery_Forbidden_HasBeenASlave.stages.0.label,suffered slavery,label,ThoughtDef/ThoughtDef.xml,def
VME_SlaveTrading.label,slave trading,label,IssueDef/IssueDef.xml,def
VME_BoughtSlave.label,bought slave,label,HistoryEventDef/HistoryEventDef.xml,def
VME_SlaveTrading_OnlyBuying.label,only buying,label,PreceptDef/PreceptDef.xml,def
VME_SlaveTrading_OnlyBuying.description,"Slaves should only be bought, not sold.",description,PreceptDef/PreceptDef.xml,def
VME_SlaveTrading_OnlyBuying.comps.2.description,Someone bought a slave,description,PreceptDef/PreceptDef.xml,def
VME_SlaveTrading_OnlyBuying.comps.3.description,Someone sold a slave,description,PreceptDef/PreceptDef.xml,def
VME_SoldSlave_Know_Forbidden.stages.0.label,sold slave,label,ThoughtDef/ThoughtDef.xml,def
VME_SoldSlave_Know_Forbidden_Mood.stages.0.label,we sold a slave,label,ThoughtDef/ThoughtDef.xml,def
VME_SoldSlave_Know_Forbidden_Mood.stages.0.description,We took part in the horrible act of slave trading. What a disgrace.,description,ThoughtDef/ThoughtDef.xml,def
VME_BoughtSlave_Know_Forbidden_Mood.stages.0.label,bought a slave,label,ThoughtDef/ThoughtDef.xml,def
VME_BoughtSlave_Know_Forbidden_Mood.stages.0.description,We have bought a slave from wicked slave traders.,description,ThoughtDef/ThoughtDef.xml,def
VME_SocialInteractions.label,social interactions,label,IssueDef/IssueDef.xml,def
VME_SocialInteractions_Disallowed.label,disallowed,label,PreceptDef/PreceptDef.xml,def
VME_SocialInteractions_Disallowed.description,"Socializing should be forbidden, forgoing achieves a greater understanding.",description,PreceptDef/PreceptDef.xml,def
VME_TaintedApparel.label,tainted apparel,label,IssueDef/IssueDef.xml,def
VME_TaintedApparel_DontCare.label,don't care,label,PreceptDef/PreceptDef.xml,def
VME_TaintedApparel_DontCare.description,There is nothing wrong about wearing tainted clothing.,description,PreceptDef/PreceptDef.xml,def
VME_TaintedApparel_Disapproved.label,disapproved,label,PreceptDef/PreceptDef.xml,def
VME_TaintedApparel_Disapproved.description,Wearing tainted clothing is disgusting.,description,PreceptDef/PreceptDef.xml,def
VME_TaintedApparel_Abhorrent.label,abhorrent,label,PreceptDef/PreceptDef.xml,def
VME_TaintedApparel_Abhorrent.description,Wearing tainted clothing is a horrible practice.,description,PreceptDef/PreceptDef.xml,def
VME_TaintedApparel_Abhorrent.stages.0.label,wearing dead person's clothing,label,ThoughtDef/ThoughtDef.xml,def
VME_TaintedApparel_Abhorrent.stages.0.description,I'm wearing clothing used by a dead person. I can't imagine anything more disgusting.,description,ThoughtDef/ThoughtDef.xml,def
VME_TatteredApparel.label,tattered apparel,label,IssueDef/IssueDef.xml,def
VME_TatteredApparel_DontCare.label,don't care,label,PreceptDef/PreceptDef.xml,def
VME_TatteredApparel_DontCare.description,There is nothing wrong about wearing tattered clothing.,description,PreceptDef/PreceptDef.xml,def
VME_TatteredApparel_Disapproved.label,disapproved,label,PreceptDef/PreceptDef.xml,def
VME_TatteredApparel_Disapproved.description,Wearing tattered clothing is a trashy practice.,description,PreceptDef/PreceptDef.xml,def
VME_TatteredApparel_Abhorrent.label,abhorrent,label,PreceptDef/PreceptDef.xml,def
VME_TatteredApparel_Abhorrent.description,Wearing tattered clothing is an incredibly trashy practice.,description,PreceptDef/PreceptDef.xml,def
VME_TatteredApparel_Abhorrent.stages.0.label,wearing ratty clothes,label,ThoughtDef/ThoughtDef.xml,def
VME_TatteredApparel_Abhorrent.stages.0.description,"I'm wearing clothing that is tattered, and this is incredibly disgusting. Only the finest threads are worthy of my body.",description,ThoughtDef/ThoughtDef.xml,def
VME_TendQuality.label,tend quality,label,IssueDef/IssueDef.xml,def
VME_TendQuality_Increased.label,increased,label,PreceptDef/PreceptDef.xml,def
VME_TendQuality_Increased.description,Tending wounds should be taken seriously.,description,PreceptDef/PreceptDef.xml,def
VME_Trading.label,trading,label,IssueDef/IssueDef.xml,def
VME_Trading_Required.label,required,label,PreceptDef/PreceptDef.xml,def
VME_Trading_Required.description,It's important to trade and obtain wealth.,description,PreceptDef/PreceptDef.xml,def
VME_Trading_Required.stages.0.label,recently traded,label,ThoughtDef/ThoughtDef.xml,def
VME_Trading_Required.stages.0.description,"We traded recently, that's good.",description,ThoughtDef/ThoughtDef.xml,def
VME_Trading_Required.stages.1.label,no recent trades,label,ThoughtDef/ThoughtDef.xml,def
VME_Trading_Required.stages.1.description,We haven't traded in a while.,description,ThoughtDef/ThoughtDef.xml,def
VME_TradingPrice.label,trading price,label,IssueDef/IssueDef.xml,def
VME_TradingPrice_Improved.label,improved,label,PreceptDef/PreceptDef.xml,def
VME_TradingPrice_Improved.description,It is important to trade and get the best deals possible.,description,PreceptDef/PreceptDef.xml,def
VME_Travel.label,travel,label,IssueDef/IssueDef.xml,def
VME_Travel_Desired.label,desired,label,PreceptDef/PreceptDef.xml,def
VME_Travel_Desired.description,It's important to travel the planet and never stay anywhere for too long.,description,PreceptDef/PreceptDef.xml,def
VME_Travel_Desired.stages.0.label,traveled the world (less than 5 days ago),label,ThoughtDef/ThoughtDef.xml,def
VME_Travel_Desired.stages.0.description,There is nothing as exciting as seeing what the world has to offer.,description,ThoughtDef/ThoughtDef.xml,def
VME_Travel_Desired.stages.1.label,traveled the world (less than 10 days ago),label,ThoughtDef/ThoughtDef.xml,def
VME_Travel_Desired.stages.1.description,Travelling is amazing. The memories of my last travels are still fresh in my mind.,description,ThoughtDef/ThoughtDef.xml,def
VME_Travel_Desired.stages.2.label,traveled the world (less than 15 days ago),label,ThoughtDef/ThoughtDef.xml,def
VME_Travel_Desired.stages.2.description,"It's a while since I traveled, it was lovely.",description,ThoughtDef/ThoughtDef.xml,def
VME_Travel_Desired.stages.3.label,traveled the world (less than 60 days ago),label,ThoughtDef/ThoughtDef.xml,def
VME_Travel_Desired.stages.3.description,"It's been a year since I last traveled, good times.",description,ThoughtDef/ThoughtDef.xml,def
VME_Travel_Despised.label,despised,label,PreceptDef/PreceptDef.xml,def
VME_Travel_Despised.description,"Every moment spent away from home is a waste of time, traveling is pointless.",description,PreceptDef/PreceptDef.xml,def
VME_Travel_Despised.stages.0.label,had to leave the colony (less than 5 days ago),label,ThoughtDef/ThoughtDef.xml,def
VME_Travel_Despised.stages.0.description,"I despise travelling, leaving the colony is awful.",description,ThoughtDef/ThoughtDef.xml,def
VME_Travel_Despised.stages.1.label,had to leave the colony (less than 10 days ago),label,ThoughtDef/ThoughtDef.xml,def
VME_Travel_Despised.stages.1.description,"I despise travelling, last time was terrible.",description,ThoughtDef/ThoughtDef.xml,def
VME_Travel_Despised.stages.2.label,had to leave the colony (less than 15 days ago),label,ThoughtDef/ThoughtDef.xml,def
VME_Travel_Despised.stages.2.description,"I despise travelling, last time was unpleasant.",description,ThoughtDef/ThoughtDef.xml,def
VME_Travel_Despised.stages.3.label,had to leave the colony (less than 60 days ago),label,ThoughtDef/ThoughtDef.xml,def
VME_Travel_Despised.stages.3.description,"I had to leave the colony a year ago, it sucked.",description,ThoughtDef/ThoughtDef.xml,def
VME_Violence.label,violence,label,IssueDef/IssueDef.xml,def
VME_AttackedInnocent.label,attacked innocent people,label,HistoryEventDef/HistoryEventDef.xml,def
VME_Violence_Honorable.label,honorable,label,PreceptDef/PreceptDef.xml,def
VME_Violence_Honorable.description,Committing acts of violence is honorable.\n\n<color=#E5E54C>Gameplay effect:</color>\n - Colonists will receive a positive mood if they are forced to attack non-hostile humanoid targets.,description,PreceptDef/PreceptDef.xml,def
VME_Violence_Honorable.stages.0.label,attacked person,label,ThoughtDef/ThoughtDef.xml,def
VME_Violence_Honorable.stages.0.description,I used deadly force on an adversary.,description,ThoughtDef/ThoughtDef.xml,def
VME_Violence_Acceptable.label,acceptable,label,PreceptDef/PreceptDef.xml,def
VME_Violence_Acceptable.description,Violence is just a fact of life.,description,PreceptDef/PreceptDef.xml,def
VME_Violence_Disapproved.label,disapproved,label,PreceptDef/PreceptDef.xml,def
VME_Violence_Disapproved.description,Attacking a harmless person is immoral. \n\n<color=#E5E54C>Gameplay effect:</color>\n - Colonists will receive a negative mood if they are forced to attack non-hostile humanoid targets.,description,PreceptDef/PreceptDef.xml,def
VME_Violence_Disapproved.stages.0.label,attacked person,label,ThoughtDef/ThoughtDef.xml,def
VME_Violence_Disapproved.stages.0.description,I used deadly force on an adversary.,description,ThoughtDef/ThoughtDef.xml,def
VME_Violence_Abhorrent.label,abhorrent,label,PreceptDef/PreceptDef.xml,def
VME_Violence_Abhorrent.description,"To resort to deadly forcee is barbaric and disgusting, it should never be allowed. \n\n<color=#E5E54C>Gameplay effect:</color>\n - Colonists will receive a substantial negative mood if they are forced to attack non-hostile humanoid targets.\n - The only mental break allowed is psychotic wander.\n - All drafted colonists will undraft if an attacking enemy starts fleeing.",description,PreceptDef/PreceptDef.xml,def
VME_Violence_Abhorrent.stages.0.label,attacked person,label,ThoughtDef/ThoughtDef.xml,def
VME_Violence_Abhorrent.stages.0.description,I used deadly force on an adversary. I'm so ashamed.,description,ThoughtDef/ThoughtDef.xml,def
VME_WoodcuttingYield.label,woodcutting yield,label,IssueDef/IssueDef.xml,def
VME_WoodcuttingYield_High.label,high,label,PreceptDef/PreceptDef.xml,def
VME_WoodcuttingYield_High.description,"Woodcutting is so important that we do it with great focus and respect, and we get more resources because of that..\n\n<color=#E5E54C>Stats:</color>\n - Woodcutting yield: +10%.",description,PreceptDef/PreceptDef.xml,def
VME_Human_Hive.label,human hive,label,IdeoPresetDef/IdeoPresetDef.xml,def
VME_Human_Hive.description,"Like clockwork, the lives of our fellow believers are ever intertwined. What causes one of us suffering causes all of us suffering and what brings us higher brings all of us higher. Together, we are one and we are strong.",description,IdeoPresetDef/IdeoPresetDef.xml,def
VME_Egalitarian_Republic.label,egalitarian republic,label,IdeoPresetDef/IdeoPresetDef.xml,def
VME_Egalitarian_Republic.description,"Democracy, freedom, and equality. It’s nothing short of appalling that we should think any of these to be revocable privileges rather than basic rights. People's creeds, cultures, and character all deserve respect and representation.",description,IdeoPresetDef/IdeoPresetDef.xml,def
VME_Exalted_Gerontocracy.label,exalted gerontocracy,label,IdeoPresetDef/IdeoPresetDef.xml,def
VME_Exalted_Gerontocracy.description,"Our heavenly clergy will guide us well, age is more than just the gaining of wisdom or wrinkle. With each passing year our elders become closer to god.\n\n<color=#E5E54C>Recommended Structure:</color>\n - Any monotheistic.",description,IdeoPresetDef/IdeoPresetDef.xml,def
VME_Factory_Drones.label,factory drones,label,IdeoPresetDef/IdeoPresetDef.xml,def
VME_Factory_Drones.description,"Work and cooperation breeds strength. We’ll sweat and bleed alike together, as a community, to reach an agreeable standard of living for all of us.",description,IdeoPresetDef/IdeoPresetDef.xml,def
VME_Corporate_Overlords.label,corporate overlords,label,IdeoPresetDef/IdeoPresetDef.xml,def
VME_Corporate_Overlords.description,Whether we're led by a board of directors or our savvy CEO we face the reality that money makes the Rimworld go 'round. By automating as much as we can and keeping a lean staff we can maximize our return quadrum over quadrum.,description,IdeoPresetDef/IdeoPresetDef.xml,def
VME_GodKing_Radicals.label,god-king radicals,label,IdeoPresetDef/IdeoPresetDef.xml,def
VME_GodKing_Radicals.description,"The steel fist of our King or Queen should never come into question, they shall want for nothing. If those who oppose us don't bend the knee we shall feed their legs to the hounds.",description,IdeoPresetDef/IdeoPresetDef.xml,def
VME_Cosmic_Cultists.label,cosmic cultists,label,IdeoPresetDef/IdeoPresetDef.xml,def
VME_Cosmic_Cultists.description,"The stars above sing to us, and we respond in kind. May their everlasting glow illuminate the threads of our fate which rest so wearily upon a most capricious spindle. Bathe oneself in the hallowed moonlight and let astral workings of the architects of fate guide you.",description,IdeoPresetDef/IdeoPresetDef.xml,def
VME_Flame_Seers.label,flame seers,label,IdeoPresetDef/IdeoPresetDef.xml,def
VME_Flame_Seers.description,"In the beginning - There was flame, and from flame, came warmth, and from warmth, came life. Blessed are we to be enraptured in the gross incandescence of the sun above.",description,IdeoPresetDef/IdeoPresetDef.xml,def
VME_Dwarven_Artificers.label,dwarven artificers,label,IdeoPresetDef/IdeoPresetDef.xml,def
VME_Dwarven_Artificers.description,"No day is better spent than a day in a hot forge. With our hammers we will echo the roar of flame and the ringing of steel through our mountain halls. Should we put in ample work, our Forgefathers will reward us with a supper fungus in excess so that we may fuel our bodies, just as we fuel our kilns.",description,IdeoPresetDef/IdeoPresetDef.xml,def
VME_Nordic_Matriarchy.label,nordic matriarchy,label,IdeoPresetDef/IdeoPresetDef.xml,def
VME_Nordic_Matriarchy.description,It is by the flurry of snow and crashing of waves we lead our people to the afterlife. Die an honorable death or answer to our shield-maiden.,description,IdeoPresetDef/IdeoPresetDef.xml,def
VME_Steamworld_Neerdowells.label,steamworld ne'er-do-wells,label,IdeoPresetDef/IdeoPresetDef.xml,def
VME_Steamworld_Neerdowells.description,"From saloon to stable we're honest muffalopokes and live by one simple rule. ‘You don't get to live a bad life and have good things happen to you’. ‘Course, not all of us seem too convinced... Just don’t let the long arm of the law catch up y’all, ya’ hear?",description,IdeoPresetDef/IdeoPresetDef.xml,def
VME_Medieval_Monarchists.label,medieval monarchists,label,IdeoPresetDef/IdeoPresetDef.xml,def
VME_Medieval_Monarchists.description,"Our sires and grandsires all followed the foresight and guidance of our King, long may he reign, and we shall do no different. Should another kingdom find it preferable to resort to bow and blade, we have no hesitation in making them our serfs.",description,IdeoPresetDef/IdeoPresetDef.xml,def
VME_Pleasure_Extremists.label,pleasure extremists,label,IdeoPresetDef/IdeoPresetDef.xml,def
VME_Pleasure_Extremists.description,"Never shall our muscles ache with pain nor shall our hearts swell with sadness. We should embrace all pleasures, even forbidden carnal desires such as luxurious meat or risqué lusting should all be explored.",description,IdeoPresetDef/IdeoPresetDef.xml,def
VME_Eastern_Revivalists.label,eastern revivalists,label,IdeoPresetDef/IdeoPresetDef.xml,def
VME_Eastern_Revivalists.description,"We are born without sin and should do our best to remain upon the path of many virtues. Respect the wisdom of the wind and those who have lived many summers to feel it caress their faces. Beyond all else, keep your blade near and combat prowess honed should those you once called brothers turn against you.",description,IdeoPresetDef/IdeoPresetDef.xml,def
VME_Primitivistic_Nomads.label,primitivistic nomads,label,IdeoPresetDef/IdeoPresetDef.xml,def
VME_Primitivistic_Nomads.description,"For eons have our people wandered this world with little more than steed and saddle, traveling the roads less traveled with only the stars to guide them. From the frigid winter mutes to the teeming jungle canopies, we seek the same answers our ancestors once did.",description,IdeoPresetDef/IdeoPresetDef.xml,def
VME_Pestilent_Doomsayers.label,pestilent doomsayers,label,IdeoPresetDef/IdeoPresetDef.xml,def
VME_Pestilent_Doomsayers.description,The body is a vessel for experimentation and mutation alike. Should one deligitantly push their flesh to its limits they shall be rewarded by the plague god with a most joyous farewell from this doomed world.,description,IdeoPresetDef/IdeoPresetDef.xml,def
VME_Insectoid_Psykers.label,insectoid psykers,label,IdeoPresetDef/IdeoPresetDef.xml,def
VME_Insectoid_Psykers.description,"Insects, while seen by most as vermin, are truthfully the most synchronized and organized society found in all of nature; only the truly blind would view them as below us. We can’t begin to unravel the boundless goals of the Insectoid Queen and her hives. We should seek to mimic them, so that we can further understand their ways.",description,IdeoPresetDef/IdeoPresetDef.xml,def
VME_Mechanoid_Technocrat.label,mechanoid technocrat,label,IdeoPresetDef/IdeoPresetDef.xml,def
VME_Mechanoid_Technocrat.description,To think a creature capable of infinite stamina and free from the burdens of free thought is meant to serve mankind is beyond foolish. We can’t begin to unravel the boundless goals of the machine consciousness. We should seek to mimic them so that we can further placate their hostility.,description,IdeoPresetDef/IdeoPresetDef.xml,def
VME_Ecological_Fascists.label,ecological fascists,label,IdeoPresetDef/IdeoPresetDef.xml,def
VME_Ecological_Fascists.description,Spare absolutely no one who dares to pollute or otherwise taint mother nature's soil with their pathetic existence. May our frail bodies give way to nourish the trees that loom over us. Respect the planet we walk or perish at the behest of our Seedseer.,description,IdeoPresetDef/IdeoPresetDef.xml,def
VFEA_Interrogate.label,interrogate,label,PrisonerInteractionModeDef/PrisonerInteractionModeDef.xml,def
VFEA_Interrogate.description,Wardens will use various methods to extract information about nearby locations of interest from the prisoner.,description,PrisonerInteractionModeDef/PrisonerInteractionModeDef.xml,def
VME_NamerDeityEldritch.rulePack.rulesStrings.0,r_deityName->[start][middle][end],li,RulePackDef/RulePackDef.xml,def
VME_NamerDeityEldritch.rulePack.rulesStrings.1,start->cn,li,RulePackDef/RulePackDef.xml,def
VME_NamerDeityEldritch.rulePack.rulesStrings.2,start->kt,li,RulePackDef/RulePackDef.xml,def
VME_NamerDeityEldritch.rulePack.rulesStrings.3,start->c't,li,RulePackDef/RulePackDef.xml,def
VME_NamerDeityEldritch.rulePack.rulesStrings.4,start->kh,li,RulePackDef/RulePackDef.xml,def
VME_NamerDeityEldritch.rulePack.rulesStrings.5,start->yir,li,RulePackDef/RulePackDef.xml,def
VME_NamerDeityEldritch.rulePack.rulesStrings.6,start->yor,li,RulePackDef/RulePackDef.xml,def
VME_NamerDeityEldritch.rulePack.rulesStrings.7,start->yok,li,RulePackDef/RulePackDef.xml,def
VME_NamerDeityEldritch.rulePack.rulesStrings.8,start->igh,li,RulePackDef/RulePackDef.xml,def
VME_NamerDeityEldritch.rulePack.rulesStrings.9,start->vhal,li,RulePackDef/RulePackDef.xml,def
VME_NamerDeityEldritch.rulePack.rulesStrings.10,start->gher,li,RulePackDef/RulePackDef.xml,def
VME_NamerDeityEldritch.rulePack.rulesStrings.11,start->mh'ur,li,RulePackDef/RulePackDef.xml,def
VME_NamerDeityEldritch.rulePack.rulesStrings.12,start->vh'or,li,RulePackDef/RulePackDef.xml,def
VME_NamerDeityEldritch.rulePack.rulesStrings.13,start->og,li,RulePackDef/RulePackDef.xml,def
VME_NamerDeityEldritch.rulePack.rulesStrings.14,start->ak,li,RulePackDef/RulePackDef.xml,def
VME_NamerDeityEldritch.rulePack.rulesStrings.15,start->kol,li,RulePackDef/RulePackDef.xml,def
VME_NamerDeityEldritch.rulePack.rulesStrings.16,start->okt,li,RulePackDef/RulePackDef.xml,def
VME_NamerDeityEldritch.rulePack.rulesStrings.17,start->yom-,li,RulePackDef/RulePackDef.xml,def
VME_NamerDeityEldritch.rulePack.rulesStrings.18,start->sub-,li,RulePackDef/RulePackDef.xml,def
VME_NamerDeityEldritch.rulePack.rulesStrings.19,start->ed,li,RulePackDef/RulePackDef.xml,def
VME_NamerDeityEldritch.rulePack.rulesStrings.20,start->ith,li,RulePackDef/RulePackDef.xml,def
VME_NamerDeityEldritch.rulePack.rulesStrings.21,middle->all'ra,li,RulePackDef/RulePackDef.xml,def
VME_NamerDeityEldritch.rulePack.rulesStrings.22,middle->hele,li,RulePackDef/RulePackDef.xml,def
VME_NamerDeityEldritch.rulePack.rulesStrings.23,middle->ujhu,li,RulePackDef/RulePackDef.xml,def
VME_NamerDeityEldritch.rulePack.rulesStrings.24,middle->aand'xu,li,RulePackDef/RulePackDef.xml,def
VME_NamerDeityEldritch.rulePack.rulesStrings.25,middle->'og'vhe,li,RulePackDef/RulePackDef.xml,def
VME_NamerDeityEldritch.rulePack.rulesStrings.26,middle->aathe,li,RulePackDef/RulePackDef.xml,def
VME_NamerDeityEldritch.rulePack.rulesStrings.27,middle->omliggda,li,RulePackDef/RulePackDef.xml,def
VME_NamerDeityEldritch.rulePack.rulesStrings.28,middle->ethla,li,RulePackDef/RulePackDef.xml,def
VME_NamerDeityEldritch.rulePack.rulesStrings.29,middle->ouvha,li,RulePackDef/RulePackDef.xml,def
VME_NamerDeityEldritch.rulePack.rulesStrings.30,middle->omlao,li,RulePackDef/RulePackDef.xml,def
VME_NamerDeityEldritch.rulePack.rulesStrings.31,end(p=4)->,li,RulePackDef/RulePackDef.xml,def
VME_NamerDeityEldritch.rulePack.rulesStrings.32,end->tl,li,RulePackDef/RulePackDef.xml,def
VME_NamerDeityEldritch.rulePack.rulesStrings.33,end->ss,li,RulePackDef/RulePackDef.xml,def
VME_NamerDeityEldritch.rulePack.rulesStrings.34,end->xr,li,RulePackDef/RulePackDef.xml,def
VME_NamerDeityEldritch.rulePack.rulesStrings.35,end->rc,li,RulePackDef/RulePackDef.xml,def
VME_NamerDeityEldritch.rulePack.rulesStrings.36,end->sh,li,RulePackDef/RulePackDef.xml,def
VME_NamerDeityEldritch.rulePack.rulesStrings.37,end->l,li,RulePackDef/RulePackDef.xml,def
VME_NamerDeityEldritch.rulePack.rulesStrings.38,end->va,li,RulePackDef/RulePackDef.xml,def
VME_NamerDeityEldritch.rulePack.rulesStrings.39,end->rrath,li,RulePackDef/RulePackDef.xml,def
VME_NamerDeityEldritch.rulePack.rulesStrings.40,end->th,li,RulePackDef/RulePackDef.xml,def
VME_DietyTypeMakerEldritch.rulePack.rulesStrings.0,r_deityType->Progenitor of [concept],li,RulePackDef/RulePackDef.xml,def
VME_DietyTypeMakerEldritch.rulePack.rulesStrings.1,r_deityType->Corruptor of [concept],li,RulePackDef/RulePackDef.xml,def
VME_DietyTypeMakerEldritch.rulePack.rulesStrings.2,r_deityType->Bane of [concept],li,RulePackDef/RulePackDef.xml,def
VME_DietyTypeMakerEldritch.rulePack.rulesStrings.3,r_deityType->Enemy of [concept],li,RulePackDef/RulePackDef.xml,def
VME_DietyTypeMakerEldritch.rulePack.rulesStrings.4,r_deityType->Devourer of [concept],li,RulePackDef/RulePackDef.xml,def
VME_DietyTypeMakerEldritch.rulePack.rulesStrings.5,r_deityType->Scourge of [concept],li,RulePackDef/RulePackDef.xml,def
VME_DietyTypeMakerEldritch.rulePack.rulesStrings.6,r_deityType->The incomprehensible [concept],li,RulePackDef/RulePackDef.xml,def
VME_DietyTypeMakerEldritch.rulePack.rulesStrings.7,r_deityType->The noise at the center of [concept],li,RulePackDef/RulePackDef.xml,def
VME_DietyTypeMakerEldritch.rulePack.rulesStrings.8,r_deityType->The [concept2] out of [concept3],li,RulePackDef/RulePackDef.xml,def
VME_DietyTypeMakerEldritch.rulePack.rulesStrings.9,concept->everything,li,RulePackDef/RulePackDef.xml,def
VME_DietyTypeMakerEldritch.rulePack.rulesStrings.10,concept->all,li,RulePackDef/RulePackDef.xml,def
VME_DietyTypeMakerEldritch.rulePack.rulesStrings.11,concept->the universe,li,RulePackDef/RulePackDef.xml,def
VME_DietyTypeMakerEldritch.rulePack.rulesStrings.12,concept->stars,li,RulePackDef/RulePackDef.xml,def
VME_DietyTypeMakerEldritch.rulePack.rulesStrings.13,concept->souls,li,RulePackDef/RulePackDef.xml,def
VME_DietyTypeMakerEldritch.rulePack.rulesStrings.14,concept->humanity,li,RulePackDef/RulePackDef.xml,def
VME_DietyTypeMakerEldritch.rulePack.rulesStrings.15,concept->space,li,RulePackDef/RulePackDef.xml,def
VME_DietyTypeMakerEldritch.rulePack.rulesStrings.16,concept->our dreams,li,RulePackDef/RulePackDef.xml,def
VME_DietyTypeMakerEldritch.rulePack.rulesStrings.17,concept->our deepest fears,li,RulePackDef/RulePackDef.xml,def
VME_DietyTypeMakerEldritch.rulePack.rulesStrings.18,concept2->colour,li,RulePackDef/RulePackDef.xml,def
VME_DietyTypeMakerEldritch.rulePack.rulesStrings.19,concept2->thousand goats,li,RulePackDef/RulePackDef.xml,def
VME_DietyTypeMakerEldritch.rulePack.rulesStrings.20,concept2->hunger,li,RulePackDef/RulePackDef.xml,def
VME_DietyTypeMakerEldritch.rulePack.rulesStrings.21,concept2->scintillation,li,RulePackDef/RulePackDef.xml,def
VME_DietyTypeMakerEldritch.rulePack.rulesStrings.22,concept2->inkbloat,li,RulePackDef/RulePackDef.xml,def
VME_DietyTypeMakerEldritch.rulePack.rulesStrings.23,concept2->madness,li,RulePackDef/RulePackDef.xml,def
VME_DietyTypeMakerEldritch.rulePack.rulesStrings.24,concept2->insanity,li,RulePackDef/RulePackDef.xml,def
VME_DietyTypeMakerEldritch.rulePack.rulesStrings.25,concept3->space,li,RulePackDef/RulePackDef.xml,def
VME_DietyTypeMakerEldritch.rulePack.rulesStrings.26,concept3->the depths,li,RulePackDef/RulePackDef.xml,def
VME_DietyTypeMakerEldritch.rulePack.rulesStrings.27,concept3->the chthonian abyss,li,RulePackDef/RulePackDef.xml,def
VME_DietyTypeMakerEldritch.rulePack.rulesStrings.28,concept3->hades,li,RulePackDef/RulePackDef.xml,def
VME_DietyTypeMakerEldritch.rulePack.rulesStrings.29,concept3->our nightmares,li,RulePackDef/RulePackDef.xml,def
VME_DietyTypeMakerEldritch.rulePack.rulesStrings.30,concept3->our dreams,li,RulePackDef/RulePackDef.xml,def
VME_DietyTypeMakerEldritch.rulePack.rulesStrings.31,concept3->our deepest fears,li,RulePackDef/RulePackDef.xml,def
VME_NamerCultofPersonality.rulePack.rulesStrings.0,r_deityName->Our Supreme Leader,li,RulePackDef/RulePackDef.xml,def
VME_NamerCultofPersonality.rulePack.rulesStrings.1,r_deityName->Supreme Leader,li,RulePackDef/RulePackDef.xml,def
VME_DietyTypeMakerCultofPersonality.rulePack.rulesStrings.0,r_deityType->[name1] of [name2],li,RulePackDef/RulePackDef.xml,def
VME_DietyTypeMakerCultofPersonality.rulePack.rulesStrings.1,name1->Admiral,li,RulePackDef/RulePackDef.xml,def
VME_DietyTypeMakerCultofPersonality.rulePack.rulesStrings.2,name1->Pontifex,li,RulePackDef/RulePackDef.xml,def
VME_DietyTypeMakerCultofPersonality.rulePack.rulesStrings.3,name1->Palatine,li,RulePackDef/RulePackDef.xml,def
VME_DietyTypeMakerCultofPersonality.rulePack.rulesStrings.4,name1->Emperor,li,RulePackDef/RulePackDef.xml,def
VME_DietyTypeMakerCultofPersonality.rulePack.rulesStrings.5,name1->Delegate,li,RulePackDef/RulePackDef.xml,def
VME_DietyTypeMakerCultofPersonality.rulePack.rulesStrings.6,name1->Overlord,li,RulePackDef/RulePackDef.xml,def
VME_DietyTypeMakerCultofPersonality.rulePack.rulesStrings.7,name1->Chairman,li,RulePackDef/RulePackDef.xml,def
VME_DietyTypeMakerCultofPersonality.rulePack.rulesStrings.8,name1->Guardian,li,RulePackDef/RulePackDef.xml,def
VME_DietyTypeMakerCultofPersonality.rulePack.rulesStrings.9,name1->Exarch,li,RulePackDef/RulePackDef.xml,def
VME_DietyTypeMakerCultofPersonality.rulePack.rulesStrings.10,name2->Truth,li,RulePackDef/RulePackDef.xml,def
VME_DietyTypeMakerCultofPersonality.rulePack.rulesStrings.11,name2->Justice,li,RulePackDef/RulePackDef.xml,def
VME_DietyTypeMakerCultofPersonality.rulePack.rulesStrings.12,name2->the People,li,RulePackDef/RulePackDef.xml,def
VME_DietyTypeMakerCultofPersonality.rulePack.rulesStrings.13,name2->the Rivers,li,RulePackDef/RulePackDef.xml,def
VME_DietyTypeMakerCultofPersonality.rulePack.rulesStrings.14,name2->Dreams,li,RulePackDef/RulePackDef.xml,def
VME_DietyTypeMakerCultofPersonality.rulePack.rulesStrings.15,name2->Eternity,li,RulePackDef/RulePackDef.xml,def
VME_DietyTypeMakerCultofPersonality.rulePack.rulesStrings.16,name2->Worship,li,RulePackDef/RulePackDef.xml,def
VME_DietyTypeMakerCultofPersonality.rulePack.rulesStrings.17,name2->Mercy,li,RulePackDef/RulePackDef.xml,def
VME_DietyTypeMakerCultofPersonality.rulePack.rulesStrings.18,name2->Unity,li,RulePackDef/RulePackDef.xml,def
VME_DietyTypeMakerCultofPersonality.rulePack.rulesStrings.19,name2->the New Kingdom,li,RulePackDef/RulePackDef.xml,def
VME_DietyTypeMakerCultofPersonality.rulePack.rulesStrings.20,name2->the Realm,li,RulePackDef/RulePackDef.xml,def
VME_NamerPantheism.rulePack.rulesStrings.0,r_deityName->The Universe,li,RulePackDef/RulePackDef.xml,def
VME_NamerPantheism.rulePack.rulesStrings.1,r_deityName->The Cosmos,li,RulePackDef/RulePackDef.xml,def
VME_NamerPantheism.rulePack.rulesStrings.2,r_deityName->Existence,li,RulePackDef/RulePackDef.xml,def
VME_DietyTypeMakerPantheism.rulePack.rulesStrings.0,r_deityType->[name1] [name2],li,RulePackDef/RulePackDef.xml,def
VME_DietyTypeMakerPantheism.rulePack.rulesStrings.1,name1->All-Encompassing,li,RulePackDef/RulePackDef.xml,def
VME_DietyTypeMakerPantheism.rulePack.rulesStrings.2,name1->Omnipresent,li,RulePackDef/RulePackDef.xml,def
VME_DietyTypeMakerPantheism.rulePack.rulesStrings.3,name1->Ubiquitous,li,RulePackDef/RulePackDef.xml,def
VME_DietyTypeMakerPantheism.rulePack.rulesStrings.4,name1->Universal,li,RulePackDef/RulePackDef.xml,def
VME_DietyTypeMakerPantheism.rulePack.rulesStrings.5,name1->All-Present,li,RulePackDef/RulePackDef.xml,def
VME_DietyTypeMakerPantheism.rulePack.rulesStrings.6,name1->All-Pervasive,li,RulePackDef/RulePackDef.xml,def
VME_DietyTypeMakerPantheism.rulePack.rulesStrings.7,name1->Boundless,li,RulePackDef/RulePackDef.xml,def
VME_DietyTypeMakerPantheism.rulePack.rulesStrings.8,name2->Creation,li,RulePackDef/RulePackDef.xml,def
VME_DietyTypeMakerPantheism.rulePack.rulesStrings.9,name2->Space,li,RulePackDef/RulePackDef.xml,def
VME_DietyTypeMakerPantheism.rulePack.rulesStrings.10,name2->Vaccuum,li,RulePackDef/RulePackDef.xml,def
VME_DietyTypeMakerPantheism.rulePack.rulesStrings.11,name2->Totality,li,RulePackDef/RulePackDef.xml,def
VME_DietyTypeMakerPantheism.rulePack.rulesStrings.12,name2->Infinity,li,RulePackDef/RulePackDef.xml,def
VME_DietyTypeMakerPantheism.rulePack.rulesStrings.13,name2->Spheres,li,RulePackDef/RulePackDef.xml,def
VME_NamerCorporate.rulePack.rulesStrings.0,r_deityName->The Company,li,RulePackDef/RulePackDef.xml,def
VME_NamerCorporate.rulePack.rulesStrings.1,r_deityName->The Business,li,RulePackDef/RulePackDef.xml,def
VME_NamerCorporate.rulePack.rulesStrings.2,r_deityName->The Corporation,li,RulePackDef/RulePackDef.xml,def
VME_NamerCorporate.rulePack.rulesStrings.3,r_deityName->The Organization,li,RulePackDef/RulePackDef.xml,def
VME_DietyTypeMakerCorporate.rulePack.rulesStrings.0,r_deityType(p=4)->[businessname] [businesstype],li,RulePackDef/RulePackDef.xml,def
VME_DietyTypeMakerCorporate.rulePack.rulesStrings.1,r_deityType->[NamePerson] [businesstype],li,RulePackDef/RulePackDef.xml,def
VME_DietyTypeMakerCorporate.rulePack.rulesStrings.2,r_deityType->[maybe_adjective] [Animal] [businesstype],li,RulePackDef/RulePackDef.xml,def
VME_DietyTypeMakerCorporate.rulePack.rulesStrings.3,r_deityType->[Letter][Letter] [businesstype],li,RulePackDef/RulePackDef.xml,def
VME_DietyTypeMakerCorporate.rulePack.rulesStrings.4,r_deityType(p=0.5)->[PersonAlly] [businesstype],li,RulePackDef/RulePackDef.xml,def
VME_DietyTypeMakerCorporate.rulePack.rulesStrings.5,r_deityType(p=0.5)->[AdjectiveFriendly] [businesstype],li,RulePackDef/RulePackDef.xml,def
VME_DietyTypeMakerCorporate.rulePack.rulesStrings.6,r_deityType(p=0.5)->[AdjectiveBadass] [businesstype],li,RulePackDef/RulePackDef.xml,def
VME_DietyTypeMakerCorporate.rulePack.rulesStrings.7,r_deityType(p=0.3)->[PersonFamily] [businesstype],li,RulePackDef/RulePackDef.xml,def
VME_DietyTypeMakerCorporate.rulePack.rulesStrings.8,r_deityType(p=0.3)->[maybe_adjective] [NaturalObject] [businesstype],li,RulePackDef/RulePackDef.xml,def
VME_DietyTypeMakerCorporate.rulePack.rulesStrings.9,r_deityType(p=0.2)->[maybe_adjective] [TreeType] [businesstype],li,RulePackDef/RulePackDef.xml,def
VME_DietyTypeMakerCorporate.rulePack.rulesStrings.10,r_deityType(p=0.2)->[maybe_adjective] [Vegetable] [businesstype],li,RulePackDef/RulePackDef.xml,def
VME_DietyTypeMakerCorporate.rulePack.rulesStrings.11,r_deityType(p=0.2)->[Direction] [businesstype],li,RulePackDef/RulePackDef.xml,def
VME_DietyTypeMakerCorporate.rulePack.rulesStrings.12,maybe_adjective->,li,RulePackDef/RulePackDef.xml,def
VME_DietyTypeMakerCorporate.rulePack.rulesStrings.13,maybe_adjective->[Color],li,RulePackDef/RulePackDef.xml,def
VME_DietyTypeMakerCorporate.rulePack.rulesStrings.14,maybe_adjective->[AdjectiveFriendly],li,RulePackDef/RulePackDef.xml,def
VME_DietyTypeMakerCorporate.rulePack.rulesStrings.15,maybe_adjective->[AdjectiveBadass],li,RulePackDef/RulePackDef.xml,def
VME_SerketistDescription.rules.rulesStrings.0,"serketistBasis   ->There is no higher lifeform than the Hive Queens. Their nourishing jelly is like ambrosia, and the entire world should be remade in their image.",li,IdeoStoryPatternDef/IdeoStoryPatternDef.xml,def
VME_SerketistDescription.rules.rulesStrings.1,"serketistBasis   ->In its hubris, humanity accidentally stumbled upon the creation of the perfect lifeform: Insectoids.",li,IdeoStoryPatternDef/IdeoStoryPatternDef.xml,def
VME_SerketistDescription.rules.rulesStrings.2,"serketistBasis   ->The runaway creation of some forgotten ancient geneticist, Insectoids have evolved to become the perfect lifeform.",li,IdeoStoryPatternDef/IdeoStoryPatternDef.xml,def
VME_SerketistDescription.rules.rulesStrings.3,"serketistBasis   ->Threatened by the Mechanoid menace, mankind engineered the perfect lifeform: Insectoids.",li,IdeoStoryPatternDef/IdeoStoryPatternDef.xml,def
VME_SerketistDescription.rules.rulesStrings.4,"serketistBasis   ->Led by the sacred Hive Queens, Insectoids are the perfect lifeform in the galaxy.",li,IdeoStoryPatternDef/IdeoStoryPatternDef.xml,def
VME_SerketistDescription.rules.rulesStrings.5,serketistFact    ->They are the pinnacle of evolution. [InsectAdjective]. [InsectAdjective2]. [InsectAdjective3]. Everyone should strive to become like them.,li,IdeoStoryPatternDef/IdeoStoryPatternDef.xml,def
VME_SerketistDescription.rules.rulesStrings.6,"serketistProphecy->[itIsSaid] we will learn from them, becoming like a tidal wave that will wash over our enemies.",li,IdeoStoryPatternDef/IdeoStoryPatternDef.xml,def
VME_SerketistDescription.rules.rulesStrings.7,"itIsSaid->Perhaps, with time,",li,IdeoStoryPatternDef/IdeoStoryPatternDef.xml,def
VME_SerketistDescription.rules.rulesStrings.8,itIsSaid->It is written in our destiny that,li,IdeoStoryPatternDef/IdeoStoryPatternDef.xml,def
VME_SerketistDescription.rules.rulesStrings.9,itIsSaid->Either through technology or more arcane means,li,IdeoStoryPatternDef/IdeoStoryPatternDef.xml,def
VME_SerketistDescription.rules.rulesStrings.10,"itIsSaid->We will revere their ways, their collective intelligence and",li,IdeoStoryPatternDef/IdeoStoryPatternDef.xml,def
VME_SerketistDescription.rules.rulesStrings.11,itIsSaid->By revering the Will of the Hive Queen,li,IdeoStoryPatternDef/IdeoStoryPatternDef.xml,def
VME_SerketistDescription.rules.rulesStrings.12,InsectAdjective->Adaptive,li,IdeoStoryPatternDef/IdeoStoryPatternDef.xml,def
VME_SerketistDescription.rules.rulesStrings.13,InsectAdjective->Ravenous,li,IdeoStoryPatternDef/IdeoStoryPatternDef.xml,def
VME_SerketistDescription.rules.rulesStrings.14,InsectAdjective->Overpowering,li,IdeoStoryPatternDef/IdeoStoryPatternDef.xml,def
VME_SerketistDescription.rules.rulesStrings.15,InsectAdjective2->Versatile,li,IdeoStoryPatternDef/IdeoStoryPatternDef.xml,def
VME_SerketistDescription.rules.rulesStrings.16,InsectAdjective2->Uncompromising,li,IdeoStoryPatternDef/IdeoStoryPatternDef.xml,def
VME_SerketistDescription.rules.rulesStrings.17,InsectAdjective2->Destructive,li,IdeoStoryPatternDef/IdeoStoryPatternDef.xml,def
VME_SerketistDescription.rules.rulesStrings.18,InsectAdjective3->Complex,li,IdeoStoryPatternDef/IdeoStoryPatternDef.xml,def
VME_SerketistDescription.rules.rulesStrings.19,InsectAdjective3->Indestructible,li,IdeoStoryPatternDef/IdeoStoryPatternDef.xml,def
VME_SerketistDescription.rules.rulesStrings.20,InsectAdjective3->Resistant,li,IdeoStoryPatternDef/IdeoStoryPatternDef.xml,def
VME_ChthonianDescription.rules.rulesStrings.0,chthonianBasis   ->There are vast entities in this world that defy any explanation. Concepts far more ancient than mere Gods.,li,IdeoStoryPatternDef/IdeoStoryPatternDef.xml,def
VME_ChthonianDescription.rules.rulesStrings.1,"chthonianBasis   ->Beyond the Veil, a whole new universe of insanity-inducing Old Gods awaits.",li,IdeoStoryPatternDef/IdeoStoryPatternDef.xml,def
VME_ChthonianDescription.rules.rulesStrings.2,"chthonianBasis   ->Gods are not the ultimate predator in the Universe, for there are ancient entities far more powerful. Entities that should be respected... and feared.",li,IdeoStoryPatternDef/IdeoStoryPatternDef.xml,def
VME_ChthonianDescription.rules.rulesStrings.3,"chthonianBasis   ->In the unknown vastness of space, there are insane entities that could remake the whole Universe with a simple wayward thought.",li,IdeoStoryPatternDef/IdeoStoryPatternDef.xml,def
VME_ChthonianDescription.rules.rulesStrings.4,chthonianFact    ->We are like insects to these entities. Not even worthy of their attention. As insignificant to them as an ant would be to us.,li,IdeoStoryPatternDef/IdeoStoryPatternDef.xml,def
VME_ChthonianDescription.rules.rulesStrings.5,chthonianFact    ->They do not care about humanity. We are nothing to them. Not even a footnote.,li,IdeoStoryPatternDef/IdeoStoryPatternDef.xml,def
VME_ChthonianDescription.rules.rulesStrings.6,"chthonianFact    ->Though powerful, they are uncaring. So far beyond our intelligence that we are not even sapient in their eyes.",li,IdeoStoryPatternDef/IdeoStoryPatternDef.xml,def
VME_ChthonianDescription.rules.rulesStrings.7,"chthonianFact    ->From their point of view, we don't even exist. The same way you don't think about the microbes in the surface of the chair you are sitting on.",li,IdeoStoryPatternDef/IdeoStoryPatternDef.xml,def
VME_ChthonianDescription.rules.rulesStrings.8,"chthonianProphecy->[weMustBe] careful, for it wouldn't be wise to attract their attention, as they could destroy us in an instant.",li,IdeoStoryPatternDef/IdeoStoryPatternDef.xml,def
VME_ChthonianDescription.rules.rulesStrings.9,"chthonianProphecy->[byWorshipping] them, perhaps we can avoid their gaze.",li,IdeoStoryPatternDef/IdeoStoryPatternDef.xml,def
VME_ChthonianDescription.rules.rulesStrings.10,chthonianProphecy->Don't be fooled: they don't deserve our devotion. But perhaps by showing a false façade of piety we can avoid their attention long enough.,li,IdeoStoryPatternDef/IdeoStoryPatternDef.xml,def
VME_ChthonianDescription.rules.rulesStrings.11,"chthonianProphecy->Even so, a lot can be learned from them. Eldritch knowledge awaits those brave -or foolish- enough to peek into the screaming visage of madness.",li,IdeoStoryPatternDef/IdeoStoryPatternDef.xml,def
VME_ChthonianDescription.rules.rulesStrings.12,weMustBe->We must be,li,IdeoStoryPatternDef/IdeoStoryPatternDef.xml,def
VME_ChthonianDescription.rules.rulesStrings.13,weMustBe->It is imperative that we are,li,IdeoStoryPatternDef/IdeoStoryPatternDef.xml,def
VME_ChthonianDescription.rules.rulesStrings.14,weMustBe->We'd better be,li,IdeoStoryPatternDef/IdeoStoryPatternDef.xml,def
VME_ChthonianDescription.rules.rulesStrings.15,byWorshipping->By worshipping,li,IdeoStoryPatternDef/IdeoStoryPatternDef.xml,def
VME_ChthonianDescription.rules.rulesStrings.16,byWorshipping->We hope if we worshop,li,IdeoStoryPatternDef/IdeoStoryPatternDef.xml,def
VME_EsotericismDescription.rules.rulesStrings.0,"esotericismBasis   ->Beyond the grasp of common science, there is an unsurpassed wealth of secret knowledge.",li,IdeoStoryPatternDef/IdeoStoryPatternDef.xml,def
VME_EsotericismDescription.rules.rulesStrings.1,"esotericismBasis   ->Hidden to the prying eyes of scientists and philosophers, an occult world of hidden knowledge awaits.",li,IdeoStoryPatternDef/IdeoStoryPatternDef.xml,def
VME_EsotericismDescription.rules.rulesStrings.2,"esotericismBasis   ->Science can only bring you so far. Beyond the veil of reality there is a trove of secret knowledge, waiting to be uncovered.",li,IdeoStoryPatternDef/IdeoStoryPatternDef.xml,def
VME_EsotericismDescription.rules.rulesStrings.3,esotericismBasis   ->The Universe is too vast to be limited to the constraints of pure math and physics. Beyond such human limitations there is a vast treasure of secret knowledge that can be accessed by those willing to do so at any cost necessary.,li,IdeoStoryPatternDef/IdeoStoryPatternDef.xml,def
VME_EsotericismDescription.rules.rulesStrings.4,esotericismFact    ->Only a select few have the mental strength to acquire such insights.,li,IdeoStoryPatternDef/IdeoStoryPatternDef.xml,def
VME_EsotericismDescription.rules.rulesStrings.5,esotericismFact    ->These occult insights are not for everyone. Only a small group of sages can explore and observe them. The Chosen Ones.,li,IdeoStoryPatternDef/IdeoStoryPatternDef.xml,def
VME_EsotericismDescription.rules.rulesStrings.6,esotericismFact    ->Such insights would probably be too much for the common folk. Only those with great mental fortitude can peer into the occult... and keep their minds intact.,li,IdeoStoryPatternDef/IdeoStoryPatternDef.xml,def
VME_EsotericismDescription.rules.rulesStrings.7,esotericismProphecy->Perhaps by delving into such knowledge we can even trascend our mortal existence.,li,IdeoStoryPatternDef/IdeoStoryPatternDef.xml,def
VME_EsotericismDescription.rules.rulesStrings.8,"esotericismProphecy->Given enough time, we will crack the most guarded secrets, and finally understand our place in this Universe.",li,IdeoStoryPatternDef/IdeoStoryPatternDef.xml,def
VME_EsotericismDescription.rules.rulesStrings.9,"esotericismProphecy->The alchemists of antiquity might not have been so foolish in their search for gold, but we are much more ambitious: we will apply the transmundane to our very souls and become more than human.",li,IdeoStoryPatternDef/IdeoStoryPatternDef.xml,def
VME_EsotericismDescription.rules.rulesStrings.10,"esotericismProphecy->With such knowledge, we will have a clear advantage over the rest of this planet's inhabitants, and our domination will be all but secured.",li,IdeoStoryPatternDef/IdeoStoryPatternDef.xml,def
VME_HedonistDescription.rules.rulesStrings.0,lesson(priority=-1)->stuff happens,li,IdeoStoryPatternDef/IdeoStoryPatternDef.xml,def
VME_HedonistDescription.rules.rulesStrings.1,"r_pattern->""[r_lessonIntro] [r_lessonMain]. [r_lessonReinforcement]""\n\n  - [lessonAttribution]",li,IdeoStoryPatternDef/IdeoStoryPatternDef.xml,def
VME_HedonistDescription.rules.rulesStrings.2,lessonAttribution->[founder_nameFull],li,IdeoStoryPatternDef/IdeoStoryPatternDef.xml,def
VME_HedonistDescription.rules.rulesStrings.3,lessonAttribution(p=2)-><i>[attributionSource_titleCase]</i> by [founder_nameFull],li,IdeoStoryPatternDef/IdeoStoryPatternDef.xml,def
VME_HedonistDescription.rules.rulesStrings.4,lessonAttribution->[founder_nameFull]'s letter to [believer_nameFull],li,IdeoStoryPatternDef/IdeoStoryPatternDef.xml,def
VME_HedonistDescription.rules.rulesStrings.5,"lessonAttribution->[founder_nameFull], on [founder_possessive] deathbed",li,IdeoStoryPatternDef/IdeoStoryPatternDef.xml,def
VME_HedonistDescription.rules.rulesStrings.6,"lessonAttribution->[founder_nameFull], just before execution",li,IdeoStoryPatternDef/IdeoStoryPatternDef.xml,def
VME_HedonistDescription.rules.rulesStrings.7,"lessonAttribution->[founder_nameFull], [speech] on the [TerrainFeature]",li,IdeoStoryPatternDef/IdeoStoryPatternDef.xml,def
VME_HedonistDescription.rules.rulesStrings.8,"lessonAttribution->[founder_nameFull], [speech] in the [Community]",li,IdeoStoryPatternDef/IdeoStoryPatternDef.xml,def
VME_HedonistDescription.rules.rulesStrings.9,attributionSource->[memeConcept],li,IdeoStoryPatternDef/IdeoStoryPatternDef.xml,def
VME_HedonistDescription.rules.rulesStrings.10,attributionSource->[memeAdjective] [memeConcept],li,IdeoStoryPatternDef/IdeoStoryPatternDef.xml,def
VME_HedonistDescription.rules.rulesStrings.11,attributionSource->A [memeAdjective] Life,li,IdeoStoryPatternDef/IdeoStoryPatternDef.xml,def
VME_HedonistDescription.rules.rulesStrings.12,attributionSource->Reflections by a [attributionJob],li,IdeoStoryPatternDef/IdeoStoryPatternDef.xml,def
VME_HedonistDescription.rules.rulesStrings.13,attributionSource->Journal of a [attributionJob],li,IdeoStoryPatternDef/IdeoStoryPatternDef.xml,def
VME_HedonistDescription.rules.rulesStrings.14,attributionSource->Thoughts of a [attributionJob],li,IdeoStoryPatternDef/IdeoStoryPatternDef.xml,def
VME_HedonistDescription.rules.rulesStrings.15,attributionSource->Life of a [attributionJob],li,IdeoStoryPatternDef/IdeoStoryPatternDef.xml,def
VME_HedonistDescription.rules.rulesStrings.16,attributionJob->[memeAdjective] [place_job],li,IdeoStoryPatternDef/IdeoStoryPatternDef.xml,def
VME_HedonistDescription.rules.rulesStrings.17,attributionJob->[place_job],li,IdeoStoryPatternDef/IdeoStoryPatternDef.xml,def
VME_HedonistDescription.rules.rulesStrings.18,speech->Speech,li,IdeoStoryPatternDef/IdeoStoryPatternDef.xml,def
VME_HedonistDescription.rules.rulesStrings.19,speech->Address,li,IdeoStoryPatternDef/IdeoStoryPatternDef.xml,def
VME_HedonistDescription.rules.rulesStrings.20,"lessonIntro->After so many sleepless nights of careful deliberation, I came to a simple conclussion:",li,IdeoStoryPatternDef/IdeoStoryPatternDef.xml,def
VME_HedonistDescription.rules.rulesStrings.21,lessonIntro->What is a fundamental truth of human existence?,li,IdeoStoryPatternDef/IdeoStoryPatternDef.xml,def
VME_HedonistDescription.rules.rulesStrings.22,lessonIntro->I have suffered a lot in this life. But this suffering has taught me a simple principle:,li,IdeoStoryPatternDef/IdeoStoryPatternDef.xml,def
VME_HedonistDescription.rules.rulesStrings.23,"lessonIntro->Growing in squalor on the [place_summary] [place_name], I learned a sincere axiom:",li,IdeoStoryPatternDef/IdeoStoryPatternDef.xml,def
VME_HedonistDescription.rules.rulesStrings.24,"lessonIntro->Internalize this lesson, for it will serve you well:",li,IdeoStoryPatternDef/IdeoStoryPatternDef.xml,def
VME_HedonistDescription.rules.rulesStrings.25,lessonIntro->Are you feeling lost? Perhaps you haven't yet figured out this very simple concept:,li,IdeoStoryPatternDef/IdeoStoryPatternDef.xml,def
VME_HedonistDescription.rules.rulesStrings.26,"lessonIntro->They tried to tempt me with a life of rich, dull productivity, but they couldn't fool me:",li,IdeoStoryPatternDef/IdeoStoryPatternDef.xml,def
VME_HedonistDescription.rules.rulesStrings.27,"lessonMain->pleasure, the satisfaction of bodily desires, is the highest good and proper aim of human life. Whether through religion or philosophy our entire lives should be focused on enjoying ourselves as much as possible",li,IdeoStoryPatternDef/IdeoStoryPatternDef.xml,def
VME_HedonistDescription.rules.rulesStrings.28,lessonMain->I finally figured out the only reason to be alive is to enjoy it,li,IdeoStoryPatternDef/IdeoStoryPatternDef.xml,def
VME_HedonistDescription.rules.rulesStrings.29,lessonMain->the only way to get rid of temptation is to yield to it,li,IdeoStoryPatternDef/IdeoStoryPatternDef.xml,def
VME_HedonistDescription.rules.rulesStrings.30,"lessonMain->salvation is for the feeble. I don't want salvation, I want life, all of life, the miserable as well as the superb",li,IdeoStoryPatternDef/IdeoStoryPatternDef.xml,def
VME_HedonistDescription.rules.rulesStrings.31,"lessonMain->pleasure is not a need, but an incentive",li,IdeoStoryPatternDef/IdeoStoryPatternDef.xml,def
VME_HedonistDescription.rules.rulesStrings.32,lessonMain->the most responsible way of life right now is to enjoy ourselves while we can,li,IdeoStoryPatternDef/IdeoStoryPatternDef.xml,def
VME_HedonistDescription.rules.rulesStrings.33,lessonMain->you can live to be a hundred if you give up all the things that make you want to live to be a hundred,li,IdeoStoryPatternDef/IdeoStoryPatternDef.xml,def
VME_HedonistDescription.rules.rulesStrings.34,lessonReinforcement->No one can argue with that.,li,IdeoStoryPatternDef/IdeoStoryPatternDef.xml,def
VME_HedonistDescription.rules.rulesStrings.35,lessonReinforcement->Only fools think otherwise.,li,IdeoStoryPatternDef/IdeoStoryPatternDef.xml,def
VME_HedonistDescription.rules.rulesStrings.36,"lessonReinforcement->And as we now know, that was soon to become evident to everyone.",li,IdeoStoryPatternDef/IdeoStoryPatternDef.xml,def
VME_HedonistDescription.rules.rulesStrings.37,lessonReinforcement->Everything that has happened since has reinforced that fact.,li,IdeoStoryPatternDef/IdeoStoryPatternDef.xml,def
VME_HedonistDescription.rules.rulesStrings.38,lessonReinforcement->It is as if that is etched directly into my mind.,li,IdeoStoryPatternDef/IdeoStoryPatternDef.xml,def
VME_HedonistDescription.rules.rulesStrings.39,lessonReinforcement->It is something I'll never forget.,li,IdeoStoryPatternDef/IdeoStoryPatternDef.xml,def
VME_EschatologismDescription.rules.rulesStrings.0,"eschatologismBasis   ->This world is tainted, impure, and it must be purged. We shall bring the end of days and a new Universe will be reborn from the ashes of the current one.",li,IdeoStoryPatternDef/IdeoStoryPatternDef.xml,def
VME_EschatologismDescription.rules.rulesStrings.1,"eschatologismBasis   ->There is nothing of value in this world anymore. Vast post-human intelligences scheming in the dark. Vicious genetically engineered creations rampaging across the land. Greedy, stupid, ambitious humans preying on the weak. It must all be destroyed.",li,IdeoStoryPatternDef/IdeoStoryPatternDef.xml,def
VME_EschatologismDescription.rules.rulesStrings.2,eschatologismBasis   ->This world needs to be purged. Too long have we left it go unchecked. Human stupidity running rampant and ruining everything.,li,IdeoStoryPatternDef/IdeoStoryPatternDef.xml,def
VME_EschatologismDescription.rules.rulesStrings.3,eschatologismBasis   ->It is an inescapable fact: the only way forward is to start over and begin anew. This world must be destroyed.,li,IdeoStoryPatternDef/IdeoStoryPatternDef.xml,def
VME_EschatologismDescription.rules.rulesStrings.4,"eschatologismBasis   ->There is no longer room for compromise. This world is tainted, impure. It must be destroyed.",li,IdeoStoryPatternDef/IdeoStoryPatternDef.xml,def
VME_EschatologismDescription.rules.rulesStrings.5,"eschatologismFact    ->Either through atomic fire or another means, we must bring the Apocalypse.",li,IdeoStoryPatternDef/IdeoStoryPatternDef.xml,def
VME_EschatologismDescription.rules.rulesStrings.6,"eschatologismFact    ->The Great Battle at the End of Everything is coming, and we will be prepared.",li,IdeoStoryPatternDef/IdeoStoryPatternDef.xml,def
VME_EschatologismDescription.rules.rulesStrings.7,"eschatologismFact    ->No one must be left alive to rebuild, for the seeds of corruption lie deep within each and any of us.",li,IdeoStoryPatternDef/IdeoStoryPatternDef.xml,def
VME_EschatologismDescription.rules.rulesStrings.8,eschatologismFact    ->Nothing but charred remains should be left.,li,IdeoStoryPatternDef/IdeoStoryPatternDef.xml,def
VME_EschatologismDescription.rules.rulesStrings.9,"eschatologismFact    ->Once everything has been destroyed. We, the Chosen, shall recreate the world to our liking.",li,IdeoStoryPatternDef/IdeoStoryPatternDef.xml,def
VME_EschatologismDescription.rules.rulesStrings.10,eschatologismProphecy->We will be triumphant.,li,IdeoStoryPatternDef/IdeoStoryPatternDef.xml,def
VME_EschatologismDescription.rules.rulesStrings.11,eschatologismProphecy->No one shall be ready for our wrath.,li,IdeoStoryPatternDef/IdeoStoryPatternDef.xml,def
VME_EschatologismDescription.rules.rulesStrings.12,"eschatologismProphecy->When we finally strike, all shall fall before us.",li,IdeoStoryPatternDef/IdeoStoryPatternDef.xml,def
VME_EschatologismDescription.rules.rulesStrings.13,eschatologismProphecy->The days of this world are counted.,li,IdeoStoryPatternDef/IdeoStoryPatternDef.xml,def
VME_AuthoritarianDescription.rules.rulesStrings.0,lesson(priority=-1)->stuff happens,li,IdeoStoryPatternDef/IdeoStoryPatternDef.xml,def
VME_AuthoritarianDescription.rules.rulesStrings.1,"r_pattern->""[r_lessonIntro] [r_lessonMain]. [r_lessonReinforcement]""\n\n  - [lessonAttribution]",li,IdeoStoryPatternDef/IdeoStoryPatternDef.xml,def
VME_AuthoritarianDescription.rules.rulesStrings.2,"lessonAttribution->[founder_nameFull], on a [speechadjective] [speech] on the [TerrainFeature]",li,IdeoStoryPatternDef/IdeoStoryPatternDef.xml,def
VME_AuthoritarianDescription.rules.rulesStrings.3,"lessonAttribution->[founder_nameFull], [speechadjective] [speech] in the [Community]",li,IdeoStoryPatternDef/IdeoStoryPatternDef.xml,def
VME_AuthoritarianDescription.rules.rulesStrings.4,speechadjective->rousing,li,IdeoStoryPatternDef/IdeoStoryPatternDef.xml,def
VME_AuthoritarianDescription.rules.rulesStrings.5,speechadjective->public,li,IdeoStoryPatternDef/IdeoStoryPatternDef.xml,def
VME_AuthoritarianDescription.rules.rulesStrings.6,speechadjective->multitudinous,li,IdeoStoryPatternDef/IdeoStoryPatternDef.xml,def
VME_AuthoritarianDescription.rules.rulesStrings.7,speechadjective->political,li,IdeoStoryPatternDef/IdeoStoryPatternDef.xml,def
VME_AuthoritarianDescription.rules.rulesStrings.8,speechadjective->passionate,li,IdeoStoryPatternDef/IdeoStoryPatternDef.xml,def
VME_AuthoritarianDescription.rules.rulesStrings.9,speechadjective->fiery,li,IdeoStoryPatternDef/IdeoStoryPatternDef.xml,def
VME_AuthoritarianDescription.rules.rulesStrings.10,speech->Speech,li,IdeoStoryPatternDef/IdeoStoryPatternDef.xml,def
VME_AuthoritarianDescription.rules.rulesStrings.11,speech->Address,li,IdeoStoryPatternDef/IdeoStoryPatternDef.xml,def
VME_AuthoritarianDescription.rules.rulesStrings.12,speech->Disquisition,li,IdeoStoryPatternDef/IdeoStoryPatternDef.xml,def
VME_AuthoritarianDescription.rules.rulesStrings.13,speech->Declamation,li,IdeoStoryPatternDef/IdeoStoryPatternDef.xml,def
VME_AuthoritarianDescription.rules.rulesStrings.14,lessonIntro->The entire struggle for survival is a conquest of the means of existence.,li,IdeoStoryPatternDef/IdeoStoryPatternDef.xml,def
VME_AuthoritarianDescription.rules.rulesStrings.15,"lessonIntro->I also extend noble respects to the revolutionary martyrs, both sung and unsung, who sacrificed their precious lives in the sacred war for achieving the reunification and independence of our people.",li,IdeoStoryPatternDef/IdeoStoryPatternDef.xml,def
VME_AuthoritarianDescription.rules.rulesStrings.16,"lessonIntro->We cannot think of our people today without remembering the sweats and blood shed by the generation of the victors in the war, the great spirit they demonstrated and the ennobling sacrifice of the warriors.",li,IdeoStoryPatternDef/IdeoStoryPatternDef.xml,def
VME_AuthoritarianDescription.rules.rulesStrings.17,lessonIntro->There is only one order. It is categorical and obligatory for every one. It already wings over and enflames hearts from [place_name] to corners of this world: Conquer!,li,IdeoStoryPatternDef/IdeoStoryPatternDef.xml,def
VME_AuthoritarianDescription.rules.rulesStrings.18,"lessonIntro->Nothing is possible unless one will commands, a will which has to be obeyed by others, beginning at the top and ending only at the very bottom.",li,IdeoStoryPatternDef/IdeoStoryPatternDef.xml,def
VME_AuthoritarianDescription.rules.rulesStrings.19,"lessonIntro->My fellow-countrymen, man does not exist on theories and phrases, on declarations or on systems of political philosophy; he lives on what he can gain from the soil by his own labor.",li,IdeoStoryPatternDef/IdeoStoryPatternDef.xml,def
VME_AuthoritarianDescription.rules.rulesStrings.20,"lessonIntro->Our victory was the victory of the ennobling patriotism and mass heroism of our citizens, the victory of justice and progress over injustice and reaction, the future of mankind over our enemies.",li,IdeoStoryPatternDef/IdeoStoryPatternDef.xml,def
VME_AuthoritarianDescription.rules.rulesStrings.21,"lessonMain->To those who can hear me, I say - do not despair",li,IdeoStoryPatternDef/IdeoStoryPatternDef.xml,def
VME_AuthoritarianDescription.rules.rulesStrings.22,"lessonMain->No one will be astonished if now, when this phase may be considered overcome, we throw off whatever and whoever would like to deflect us from marching toward fulfillment of our movement",li,IdeoStoryPatternDef/IdeoStoryPatternDef.xml,def
VME_AuthoritarianDescription.rules.rulesStrings.23,lessonMain->We are actors in a new era in which we can have no truck with the mentality of the past,li,IdeoStoryPatternDef/IdeoStoryPatternDef.xml,def
VME_AuthoritarianDescription.rules.rulesStrings.24,lessonMain->Youth marched conscious of its historic responsibility toward a goal sensed but not clearly defined,li,IdeoStoryPatternDef/IdeoStoryPatternDef.xml,def
VME_AuthoritarianDescription.rules.rulesStrings.25,"lessonMain->In these days our generations are not merely faced with territorial and political problems, but also with supreme issues of the existence of our faith, our civilization and our culture, which are now at stake once more",li,IdeoStoryPatternDef/IdeoStoryPatternDef.xml,def
VME_AuthoritarianDescription.rules.rulesStrings.26,lessonMain->Certain people wished to be in our ranks in order to create among us a controlling body or a new minority group. That could not be permitted,li,IdeoStoryPatternDef/IdeoStoryPatternDef.xml,def
VME_AuthoritarianDescription.rules.rulesStrings.27,"lessonReinforcement->Together, we will march towards the dawn of a new era.",li,IdeoStoryPatternDef/IdeoStoryPatternDef.xml,def
VME_AuthoritarianDescription.rules.rulesStrings.28,"lessonReinforcement->Our future is bright, and we will persevere.",li,IdeoStoryPatternDef/IdeoStoryPatternDef.xml,def
VME_AuthoritarianDescription.rules.rulesStrings.29,"lessonReinforcement->Whatever projects there may exist now, the historic destiny of our era will be settled.",li,IdeoStoryPatternDef/IdeoStoryPatternDef.xml,def
VME_AuthoritarianDescription.rules.rulesStrings.30,"lessonReinforcement->For this reason, because we know that ours is the truth, and because we have labored for it endlessly, we look upon events with serenity.",li,IdeoStoryPatternDef/IdeoStoryPatternDef.xml,def
VME_AuthoritarianDescription.rules.rulesStrings.31,"lessonReinforcement->We have called you together to carry our work to completion, for it is heralded by continuous triumphs.",li,IdeoStoryPatternDef/IdeoStoryPatternDef.xml,def
VME_AuthoritarianDescription.rules.rulesStrings.32,lessonReinforcement->It is not enough to set our goal. It must be pursued with constancy and sacrifice.,li,IdeoStoryPatternDef/IdeoStoryPatternDef.xml,def
VME_CultOfPersonalityDescription.rules.rulesStrings.0,story(priority=-999)->,li,IdeoStoryPatternDef/IdeoStoryPatternDef.xml,def
VME_CultOfPersonalityDescription.rules.rulesStrings.1,"setup->There is no order without a firm hand directing things. This was clear to [founderName], our first [leaderTitle].",li,IdeoStoryPatternDef/IdeoStoryPatternDef.xml,def
VME_CultOfPersonalityDescription.rules.rulesStrings.2,"setup->We are the Chosen of [founder_possessive] Divine Will. The sons and daughters of [founderName] [honorific], our first [leaderTitle].",li,IdeoStoryPatternDef/IdeoStoryPatternDef.xml,def
VME_CultOfPersonalityDescription.rules.rulesStrings.3,"setup->It is told that the first [leaderTitle] of our people, [founderName] [honorific] was forged by the Universe from the clay of creation itself.",li,IdeoStoryPatternDef/IdeoStoryPatternDef.xml,def
VME_CultOfPersonalityDescription.rules.rulesStrings.4,"setup->From the terrible chaos embraced by our ancients arose [founderName], our first [leaderTitle].",li,IdeoStoryPatternDef/IdeoStoryPatternDef.xml,def
VME_CultOfPersonalityDescription.rules.rulesStrings.5,"setup->From humble and unremarkable origins, [founderName], our first [leaderTitle], raised above [founder_possessive] station, imposing [founder_possessive] unwavering will.",li,IdeoStoryPatternDef/IdeoStoryPatternDef.xml,def
VME_CultOfPersonalityDescription.rules.rulesStrings.6,honorific->The Magnificent,li,IdeoStoryPatternDef/IdeoStoryPatternDef.xml,def
VME_CultOfPersonalityDescription.rules.rulesStrings.7,honorific->The Great,li,IdeoStoryPatternDef/IdeoStoryPatternDef.xml,def
VME_CultOfPersonalityDescription.rules.rulesStrings.8,honorific->The Saint,li,IdeoStoryPatternDef/IdeoStoryPatternDef.xml,def
VME_CultOfPersonalityDescription.rules.rulesStrings.9,honorific->The Awe-Inspiring,li,IdeoStoryPatternDef/IdeoStoryPatternDef.xml,def
VME_CultOfPersonalityDescription.rules.rulesStrings.10,honorific->The Conqueror,li,IdeoStoryPatternDef/IdeoStoryPatternDef.xml,def
VME_CultOfPersonalityDescription.rules.rulesStrings.11,honorific->The Resplendent,li,IdeoStoryPatternDef/IdeoStoryPatternDef.xml,def
VME_CultOfPersonalityDescription.rules.rulesStrings.12,"story(uses=1,priority=-10)->The [memberNamePlural] swore eternal loyalty to [founderName] and [founder_possessive] descendants, forever bound in devoted servitude.",li,IdeoStoryPatternDef/IdeoStoryPatternDef.xml,def
VME_CultOfPersonalityDescription.rules.rulesStrings.13,"story(uses=1,priority=-10)->[founderName] inspired many to lead a life of righteousness, and thus received our unnending devotion.",li,IdeoStoryPatternDef/IdeoStoryPatternDef.xml,def
VME_CultOfPersonalityDescription.rules.rulesStrings.14,"story(uses=1,priority=-10)->With an army of [founder_possessive] followers at [founder_possessive] command, the line of [founderName] has lasted till the present, represented by our beloved leader.",li,IdeoStoryPatternDef/IdeoStoryPatternDef.xml,def
VME_CultOfPersonalityDescription.rules.rulesStrings.15,"story(uses=1,priority=-10)->Our beloved leader, the latest successor of [founderName], will bring us to prosperity, allowing all of us to live a [memeAdjective] life.",li,IdeoStoryPatternDef/IdeoStoryPatternDef.xml,def
VME_PantheismDescription.rules.rulesStrings.0,episode(priority=-1)->,li,IdeoStoryPatternDef/IdeoStoryPatternDef.xml,def
VME_PantheismDescription.rules.rulesStrings.1,"creation->[deity0_name] is in all things. We are all made from stardust, and we are a part of divinity as much as any [Animal] might be.",li,IdeoStoryPatternDef/IdeoStoryPatternDef.xml,def
VME_PantheismDescription.rules.rulesStrings.2,"creation->Everything is part of an all-encompassing, immanent God, [deity0_name]. All forms of reality may then be considered either modes of that Being, or identical with it.",li,IdeoStoryPatternDef/IdeoStoryPatternDef.xml,def
VME_PantheismDescription.rules.rulesStrings.3,"creation->The Universe, in the sense of the totality of all existence, and God are identical. Divinity is all around us, forming [deity0_name].",li,IdeoStoryPatternDef/IdeoStoryPatternDef.xml,def
VME_PantheismDescription.rules.rulesStrings.4,"creation->There was a neverending void. In that void, [deity0_name] was formed, thus beginning the reckoning of time.",li,IdeoStoryPatternDef/IdeoStoryPatternDef.xml,def
VME_PantheismDescription.rules.rulesStrings.5,episode(uses=1)->Only through carefully studying [deity0_name] can we truly understand the nature of reality.,li,IdeoStoryPatternDef/IdeoStoryPatternDef.xml,def
VME_PantheismDescription.rules.rulesStrings.6,"episode(uses=1)->We must recognize this immanent divinity in everything around us, and respect all creations inside [deity0_name] as sacred.",li,IdeoStoryPatternDef/IdeoStoryPatternDef.xml,def
VME_PantheismDescription.rules.rulesStrings.7,episode(uses=1)->If we want to truly understand the nature of [deity0_name] we must engage in quiet and respectful contemplation of everything on it.,li,IdeoStoryPatternDef/IdeoStoryPatternDef.xml,def
VME_PantheismDescription.rules.rulesStrings.8,episode(uses=1)->Controlling [deity0_name] would be a natural consequence of our own intrinsic divinity.,li,IdeoStoryPatternDef/IdeoStoryPatternDef.xml,def
VME_OmnismDescription.rules.rulesStrings.0,episode(priority=-1)->,li,IdeoStoryPatternDef/IdeoStoryPatternDef.xml,def
VME_OmnismDescription.rules.rulesStrings.1,"creation->It is limiting beyond words to bind oneself to any particular god or belief. The combined gifts of all supreme beings, philosophers and forces is what should truly be appreciated.",li,IdeoStoryPatternDef/IdeoStoryPatternDef.xml,def
VME_OmnismDescription.rules.rulesStrings.2,"creation->All religions and ideologies point to the whole truth, that a single transcendent purpose unites all things.",li,IdeoStoryPatternDef/IdeoStoryPatternDef.xml,def
VME_OmnismDescription.rules.rulesStrings.3,creation->It seems that the teachings of the ancient [religion] and [religion2] scholars had a lot of truth to teach us.,li,IdeoStoryPatternDef/IdeoStoryPatternDef.xml,def
VME_OmnismDescription.rules.rulesStrings.4,"creation->Truth can be found in all religions and ideologies, as they are all part of the greater human experience. Whether it is the teachings of the [religion] texts or the philosophies of the ancient [religion2] scholars, we can learn about the universe by opening our minds to this truth.",li,IdeoStoryPatternDef/IdeoStoryPatternDef.xml,def
VME_OmnismDescription.rules.rulesStrings.5,"creation->Human beings are inquisitive creatures, and as such we have invented some incredible concepts: either [religion] teachings or [religion2] tennets hold a portion of the complete truth, and as such all beliefs are intrinsically true and useful.",li,IdeoStoryPatternDef/IdeoStoryPatternDef.xml,def
VME_OmnismDescription.rules.rulesStrings.6,"creation->All religions and ideologies are legitimate. A single transcendent purpose unites all things and people, and you can reach this universal purpose by any means, either by the study of the ancient [religion] texts or by following the [religion2] dogma.",li,IdeoStoryPatternDef/IdeoStoryPatternDef.xml,def
VME_OmnismDescription.rules.rulesStrings.7,episode(uses=1)->Only through carefully studying all beliefs can we truly understand the nature of reality.,li,IdeoStoryPatternDef/IdeoStoryPatternDef.xml,def
VME_OmnismDescription.rules.rulesStrings.8,"episode(uses=1)->We must recognize that all religions contain varying elements of a common truth, and respect all beliefs accordingly.",li,IdeoStoryPatternDef/IdeoStoryPatternDef.xml,def
VME_OmnismDescription.rules.rulesStrings.9,religion->Christian,li,IdeoStoryPatternDef/IdeoStoryPatternDef.xml,def
VME_OmnismDescription.rules.rulesStrings.10,religion->Buddhist,li,IdeoStoryPatternDef/IdeoStoryPatternDef.xml,def
VME_OmnismDescription.rules.rulesStrings.11,religion->Muslim,li,IdeoStoryPatternDef/IdeoStoryPatternDef.xml,def
VME_OmnismDescription.rules.rulesStrings.12,religion->Jewish,li,IdeoStoryPatternDef/IdeoStoryPatternDef.xml,def
VME_OmnismDescription.rules.rulesStrings.13,religion->Taoist,li,IdeoStoryPatternDef/IdeoStoryPatternDef.xml,def
VME_OmnismDescription.rules.rulesStrings.14,religion->Confucianist,li,IdeoStoryPatternDef/IdeoStoryPatternDef.xml,def
VME_OmnismDescription.rules.rulesStrings.15,religion->Zoroastrian,li,IdeoStoryPatternDef/IdeoStoryPatternDef.xml,def
VME_OmnismDescription.rules.rulesStrings.16,religion2->Capitalist,li,IdeoStoryPatternDef/IdeoStoryPatternDef.xml,def
VME_OmnismDescription.rules.rulesStrings.17,religion2->Communist,li,IdeoStoryPatternDef/IdeoStoryPatternDef.xml,def
VME_OmnismDescription.rules.rulesStrings.18,religion2->Authoritarian,li,IdeoStoryPatternDef/IdeoStoryPatternDef.xml,def
VME_OmnismDescription.rules.rulesStrings.19,religion2->Freethinking,li,IdeoStoryPatternDef/IdeoStoryPatternDef.xml,def
VME_OmnismDescription.rules.rulesStrings.20,religion2->Freemason,li,IdeoStoryPatternDef/IdeoStoryPatternDef.xml,def
VME_OmnismDescription.rules.rulesStrings.21,religion2->Ecologist,li,IdeoStoryPatternDef/IdeoStoryPatternDef.xml,def
VME_OmnismDescription.rules.rulesStrings.22,religion2->Anarchist,li,IdeoStoryPatternDef/IdeoStoryPatternDef.xml,def
VME_OmnismDescription.rules.rulesStrings.23,religion2->Libertarian,li,IdeoStoryPatternDef/IdeoStoryPatternDef.xml,def
VME_OmnismDescription.rules.rulesStrings.24,religion2->Utopian,li,IdeoStoryPatternDef/IdeoStoryPatternDef.xml,def
VME_AgnosticismDescription.rules.rulesStrings.0,story(priority=-999)->,li,IdeoStoryPatternDef/IdeoStoryPatternDef.xml,def
VME_AgnosticismDescription.rules.rulesStrings.1,"setup->[founderName] made us see that the existence of God, of the divine and the supernatural, is unknown and unknowable.",li,IdeoStoryPatternDef/IdeoStoryPatternDef.xml,def
VME_AgnosticismDescription.rules.rulesStrings.2,setup->[founderName] was the first to realize that we didn't need Gods to explain the Universe.,li,IdeoStoryPatternDef/IdeoStoryPatternDef.xml,def
VME_AgnosticismDescription.rules.rulesStrings.3,"setup->Struck by the non-spiritual nature of the world, [founderName] studied history and philosophy and discovered the new truth that guides us.",li,IdeoStoryPatternDef/IdeoStoryPatternDef.xml,def
VME_AgnosticismDescription.rules.rulesStrings.4,"setup->During an ancient ritual, [founderName] began to question the validity of [founder_possessive] former beliefs. Why put your whole life in service of an unknowable God?",li,IdeoStoryPatternDef/IdeoStoryPatternDef.xml,def
VME_AgnosticismDescription.rules.rulesStrings.5,setup->[founderName]'s tough life had made [founder_objective] reject [founder_possessive] faith. Gods are unknowable and should have no bearing on a person's day to day.,li,IdeoStoryPatternDef/IdeoStoryPatternDef.xml,def
VME_AgnosticismDescription.rules.rulesStrings.6,"story(uses=1,priority=-10)->The [memberNamePlural] would still be worshipping ancient spirits without [founderName]'s teachings, and thus [founder_pronoun] will always be remembered amongst our people as: [honorific].",li,IdeoStoryPatternDef/IdeoStoryPatternDef.xml,def
VME_AgnosticismDescription.rules.rulesStrings.7,"story(uses=1,priority=-10)->[founderName]'s speech at a [ritualName] inspired many to lead a [memeAdjective] life, free of the shackles of magical thinking. Thus [founder_pronoun] will always be remembered amongst our people as: [honorific].",li,IdeoStoryPatternDef/IdeoStoryPatternDef.xml,def
VME_AgnosticismDescription.rules.rulesStrings.8,"story(uses=1,priority=-10)->[founderName] will always be remembered amongst our people as [honorific]: The one that forever banished magical thinking from our minds.",li,IdeoStoryPatternDef/IdeoStoryPatternDef.xml,def
VME_AgnosticismDescription.rules.rulesStrings.9,honorific->The Godkiller,li,IdeoStoryPatternDef/IdeoStoryPatternDef.xml,def
VME_AgnosticismDescription.rules.rulesStrings.10,honorific->The Atheist,li,IdeoStoryPatternDef/IdeoStoryPatternDef.xml,def
VME_AgnosticismDescription.rules.rulesStrings.11,honorific->The Agnostic,li,IdeoStoryPatternDef/IdeoStoryPatternDef.xml,def
VME_AgnosticismDescription.rules.rulesStrings.12,honorific->The Disenter,li,IdeoStoryPatternDef/IdeoStoryPatternDef.xml,def
VME_AgnosticismDescription.rules.rulesStrings.13,honorific->The Light in the Dark,li,IdeoStoryPatternDef/IdeoStoryPatternDef.xml,def
VME_AgnosticismDescription.rules.rulesStrings.14,honorific->The Unbeliever,li,IdeoStoryPatternDef/IdeoStoryPatternDef.xml,def
VME_AgnosticismDescription.rules.rulesStrings.15,honorific->The Heretic,li,IdeoStoryPatternDef/IdeoStoryPatternDef.xml,def
VME_SecularSpiritualityDescription.rules.rulesStrings.0,lesson(priority=-1)->stuff happens,li,IdeoStoryPatternDef/IdeoStoryPatternDef.xml,def
VME_SecularSpiritualityDescription.rules.rulesStrings.1,"r_pattern->""[r_lessonIntro] [r_lesson]. [r_lessonReinforcement]""\n\n  - [lessonAttribution]",li,IdeoStoryPatternDef/IdeoStoryPatternDef.xml,def
VME_SecularSpiritualityDescription.rules.rulesStrings.2,lessonAttribution->[founder_nameFull],li,IdeoStoryPatternDef/IdeoStoryPatternDef.xml,def
VME_SecularSpiritualityDescription.rules.rulesStrings.3,lessonAttribution->[founder_nameFull]'s letter to [believer_nameFull],li,IdeoStoryPatternDef/IdeoStoryPatternDef.xml,def
VME_SecularSpiritualityDescription.rules.rulesStrings.4,"lessonAttribution->[founder_nameFull], on [founder_possessive] mindfulness dissertation",li,IdeoStoryPatternDef/IdeoStoryPatternDef.xml,def
VME_SecularSpiritualityDescription.rules.rulesStrings.5,"lessonAttribution->[founder_nameFull], [speech] on the [TerrainFeature]",li,IdeoStoryPatternDef/IdeoStoryPatternDef.xml,def
VME_SecularSpiritualityDescription.rules.rulesStrings.6,"lessonAttribution->[founder_nameFull], [speech] in the [Community]",li,IdeoStoryPatternDef/IdeoStoryPatternDef.xml,def
VME_SecularSpiritualityDescription.rules.rulesStrings.7,speech->Meditation Speech,li,IdeoStoryPatternDef/IdeoStoryPatternDef.xml,def
VME_SecularSpiritualityDescription.rules.rulesStrings.8,speech->Know-Yourself Address,li,IdeoStoryPatternDef/IdeoStoryPatternDef.xml,def
VME_SecularSpiritualityDescription.rules.rulesStrings.9,"lessonIntro->I always repeat, ""letting go is the hardest asana"":",li,IdeoStoryPatternDef/IdeoStoryPatternDef.xml,def
VME_SecularSpiritualityDescription.rules.rulesStrings.10,lessonIntro->It took me long years of intense meditation to understand that,li,IdeoStoryPatternDef/IdeoStoryPatternDef.xml,def
VME_SecularSpiritualityDescription.rules.rulesStrings.11,"lessonIntro->We must not be like the [foeLeader], who don't know themselves. Observing them did teach me one thing:",li,IdeoStoryPatternDef/IdeoStoryPatternDef.xml,def
VME_SecularSpiritualityDescription.rules.rulesStrings.12,"lessonIntro->By teaching Yoga on the [place_summary] [place_name], I realized that",li,IdeoStoryPatternDef/IdeoStoryPatternDef.xml,def
VME_SecularSpiritualityDescription.rules.rulesStrings.13,lessonIntro->Find your center and set intentions for the day as you begin to focus on your breath – body connection. You will then realize that,li,IdeoStoryPatternDef/IdeoStoryPatternDef.xml,def
VME_SecularSpiritualityDescription.rules.rulesStrings.14,"lessonIntro->You must start with a series of breath to movement flows, energizing and invigorating the body and the mind. And you will finally know that",li,IdeoStoryPatternDef/IdeoStoryPatternDef.xml,def
VME_SecularSpiritualityDescription.rules.rulesStrings.15,lessonIntro->A flower does not think of competing to the flower next to it. It just blooms. One thing will become increasingly clear then: that,li,IdeoStoryPatternDef/IdeoStoryPatternDef.xml,def
VME_SecularSpiritualityDescription.rules.rulesStrings.16,"lessonIntro->You will begin the journey of the self, through the self, to the self. Then you'll see that",li,IdeoStoryPatternDef/IdeoStoryPatternDef.xml,def
VME_SecularSpiritualityDescription.rules.rulesStrings.17,lessonIntro->You cannot always control what goes on outside. But you can always control what goes on inside. Once that is achieved you will see that,li,IdeoStoryPatternDef/IdeoStoryPatternDef.xml,def
VME_SecularSpiritualityDescription.rules.rulesStrings.18,lessonIntro->The longest journey of any person is the journey inward. This journey shows you that,li,IdeoStoryPatternDef/IdeoStoryPatternDef.xml,def
VME_SecularSpiritualityDescription.rules.rulesStrings.19,"lessonIntro->Truth lies in pursuing a spiritual philosophy without adherence to a religion, personal growth and inner peace of an individual are more important than a relationship with the divine, and thus",li,IdeoStoryPatternDef/IdeoStoryPatternDef.xml,def
VME_SecularSpiritualityDescription.rules.rulesStrings.20,lessonReinforcement->Just breathe.,li,IdeoStoryPatternDef/IdeoStoryPatternDef.xml,def
VME_SecularSpiritualityDescription.rules.rulesStrings.21,"lessonReinforcement->Be where you are, not where you think you should be.",li,IdeoStoryPatternDef/IdeoStoryPatternDef.xml,def
VME_SecularSpiritualityDescription.rules.rulesStrings.22,lessonReinforcement->The pose begins when you want to leave it.,li,IdeoStoryPatternDef/IdeoStoryPatternDef.xml,def
VME_SecularSpiritualityDescription.rules.rulesStrings.23,"lessonReinforcement->Inhale the future, exhale the past.",li,IdeoStoryPatternDef/IdeoStoryPatternDef.xml,def
VME_SecularSpiritualityDescription.rules.rulesStrings.24,lessonReinforcement->It's not about being good at something. It's about being good to yourself.,li,IdeoStoryPatternDef/IdeoStoryPatternDef.xml,def
VME_TaoismDescription.rules.rulesStrings.0,episode(priority=-1)->,li,IdeoStoryPatternDef/IdeoStoryPatternDef.xml,def
VME_TaoismDescription.rules.rulesStrings.1,"r_pattern->""[r_creation] [r_episode] [r_episode].""\n\n  - Lao Tzu, Tao Te Ching",li,IdeoStoryPatternDef/IdeoStoryPatternDef.xml,def
VME_TaoismDescription.rules.rulesStrings.2,"creation->By living in harmony with the Tao, one can achieve perfection and become one with the unplanned rhythms of the universe.",li,IdeoStoryPatternDef/IdeoStoryPatternDef.xml,def
VME_TaoismDescription.rules.rulesStrings.3,"creation->Being deeply loved by someone gives you strength, while loving someone deeply gives you courage.",li,IdeoStoryPatternDef/IdeoStoryPatternDef.xml,def
VME_TaoismDescription.rules.rulesStrings.4,"creation->Simplicity, patience, compassion. These three are the greatest treasures.",li,IdeoStoryPatternDef/IdeoStoryPatternDef.xml,def
VME_TaoismDescription.rules.rulesStrings.5,creation->The journey of a thousand miles begins with a single step.,li,IdeoStoryPatternDef/IdeoStoryPatternDef.xml,def
VME_TaoismDescription.rules.rulesStrings.6,creation->Life is a series of natural and spontaneous changes. Don't resist them; that only creates sorrow. Let reality be reality. Let things flow naturally forward in whatever way they like.,li,IdeoStoryPatternDef/IdeoStoryPatternDef.xml,def
VME_TaoismDescription.rules.rulesStrings.7,"episode(uses=1)->When you are content to be simply yourself and don't compare or compete, everyone will respect you.",li,IdeoStoryPatternDef/IdeoStoryPatternDef.xml,def
VME_TaoismDescription.rules.rulesStrings.8,"episode(uses=1)->The truth is not always beautiful, nor beautiful words the truth.",li,IdeoStoryPatternDef/IdeoStoryPatternDef.xml,def
VME_TaoismDescription.rules.rulesStrings.9,"episode(uses=1)->Because one believes in oneself, one doesn't try to convince others. Because one is content with oneself, one doesn't need others' approval. Because one accepts oneself, the whole world accepts him or her.",li,IdeoStoryPatternDef/IdeoStoryPatternDef.xml,def
VME_TaoismDescription.rules.rulesStrings.10,episode(uses=1)->Care about what other people think and you will always be their prisoner.,li,IdeoStoryPatternDef/IdeoStoryPatternDef.xml,def
VME_CorporateDescription.rules.rulesStrings.0,episodeCorporate(priority=-1)->,li,IdeoStoryPatternDef/IdeoStoryPatternDef.xml,def
VME_CorporateDescription.rules.rulesStrings.1,"r_pattern->""To: All Employees\n\nFrom: Upper Management\n\nSubject: [subject]\n\n[r_introMemo] [r_episodeCorporate] [r_episodeCorporate]""",li,IdeoStoryPatternDef/IdeoStoryPatternDef.xml,def
VME_CorporateDescription.rules.rulesStrings.2,"introMemo->Coworkers, it has come to my attention that many in the office have been spending time doing unapproved activities.",li,IdeoStoryPatternDef/IdeoStoryPatternDef.xml,def
VME_CorporateDescription.rules.rulesStrings.3,"introMemo->This is to remind the division that, starting today, we are now filing all Testing Procedure Specification (TPS) reports with new cover sheets.",li,IdeoStoryPatternDef/IdeoStoryPatternDef.xml,def
VME_CorporateDescription.rules.rulesStrings.4,"introMemo->In our efforts to make your orientation a pleasant one, we have implemented an employee self-service system to assist you in completing the new hire process, including benefits enrollment.",li,IdeoStoryPatternDef/IdeoStoryPatternDef.xml,def
VME_CorporateDescription.rules.rulesStrings.5,"introMemo->As you know, tomorrow afternoon we’ll be meeting to discuss the status of all of our current projects.",li,IdeoStoryPatternDef/IdeoStoryPatternDef.xml,def
VME_CorporateDescription.rules.rulesStrings.6,"introMemo->For tomorrow’s 3 p.m. staff meeting in the conference room, please bring 5 copies of the aforementioned materials.",li,IdeoStoryPatternDef/IdeoStoryPatternDef.xml,def
VME_CorporateDescription.rules.rulesStrings.7,introMemo->Due to your excellent performance in the last year —especially your work in the Northwest Region!— we would like to feature you as one of our spotlight employees.,li,IdeoStoryPatternDef/IdeoStoryPatternDef.xml,def
VME_CorporateDescription.rules.rulesStrings.8,"introMemo->Do you know the #1 thing that matters most to our customers? Money, of course.",li,IdeoStoryPatternDef/IdeoStoryPatternDef.xml,def
VME_CorporateDescription.rules.rulesStrings.9,introMemo->Are you using the 3 most useful collaboration tools?. We'd really appreciate it if you get those synergies flowing.,li,IdeoStoryPatternDef/IdeoStoryPatternDef.xml,def
VME_CorporateDescription.rules.rulesStrings.10,introMemo->Good morning. There are some exciting changes coming to our department that I wish to alert you to.,li,IdeoStoryPatternDef/IdeoStoryPatternDef.xml,def
VME_CorporateDescription.rules.rulesStrings.11,introMemo->I am very pleased that you have accepted our offer and are joining our team.,li,IdeoStoryPatternDef/IdeoStoryPatternDef.xml,def
VME_CorporateDescription.rules.rulesStrings.12,introMemo->We are very happy to have you as a part of our team. The staff here is looking forward to helping you fill the management void we have had for some time.,li,IdeoStoryPatternDef/IdeoStoryPatternDef.xml,def
VME_CorporateDescription.rules.rulesStrings.13,episodeCorporate(uses=1)->This memo is a reminder to use your work hours for work.,li,IdeoStoryPatternDef/IdeoStoryPatternDef.xml,def
VME_CorporateDescription.rules.rulesStrings.14,"episodeCorporate(uses=1)->Of course, we don't want you to view our organization as a place of drudgery and draconian rules. We encourage a fun and competitive environment.",li,IdeoStoryPatternDef/IdeoStoryPatternDef.xml,def
VME_CorporateDescription.rules.rulesStrings.15,"episodeCorporate(uses=1)->Though this change may initially seem like a headache and an extra step, it is necessary to ensure the proper functioning of our company.",li,IdeoStoryPatternDef/IdeoStoryPatternDef.xml,def
VME_CorporateDescription.rules.rulesStrings.16,episodeCorporate(uses=1)->Please be sure to follow this new procedure.,li,IdeoStoryPatternDef/IdeoStoryPatternDef.xml,def
VME_CorporateDescription.rules.rulesStrings.17,"episodeCorporate(uses=1)->I think I don't need to remind you all that we are a team, no, a family. And families stick together, no matter the challenge.",li,IdeoStoryPatternDef/IdeoStoryPatternDef.xml,def
VME_CorporateDescription.rules.rulesStrings.18,"episodeCorporate(uses=1)->This critical issue will be discussed in an all-hands meeting, ASAP.",li,IdeoStoryPatternDef/IdeoStoryPatternDef.xml,def
VME_CorporateDescription.rules.rulesStrings.19,episodeCorporate(uses=1)->It is prioritary that we start thinking outside the box. And let's all sing from the same hymn sheet.,li,IdeoStoryPatternDef/IdeoStoryPatternDef.xml,def
VME_CorporateDescription.rules.rulesStrings.20,"episodeCorporate(uses=1)->Let's take it to the next level, people.",li,IdeoStoryPatternDef/IdeoStoryPatternDef.xml,def
VME_CorporateDescription.rules.rulesStrings.21,episodeCorporate(uses=1)->Our executive management has decided that some restructuring of our department is in order so that our transition through this merger can be as seamless as possible. You'll receive more info shortly.,li,IdeoStoryPatternDef/IdeoStoryPatternDef.xml,def
VME_CorporateDescription.rules.rulesStrings.22,episodeCorporate(uses=1)->We are scheduling a staff meeting for tomorrow from 12 pm to 1 pm where we will outline the steps of this important transition; lunch will be provided.,li,IdeoStoryPatternDef/IdeoStoryPatternDef.xml,def
VME_CorporateDescription.rules.rulesStrings.23,"episodeCorporate(uses=1)->Your experience and vision will be a great asset to this group, and I know that the team is looking forward to working with you.",li,IdeoStoryPatternDef/IdeoStoryPatternDef.xml,def
VME_CorporateDescription.rules.rulesStrings.24,subject->Inappropriate use of time on Google Doodle games,li,IdeoStoryPatternDef/IdeoStoryPatternDef.xml,def
VME_CorporateDescription.rules.rulesStrings.25,subject->Please reload ink on the printer once it runs out,li,IdeoStoryPatternDef/IdeoStoryPatternDef.xml,def
VME_CorporateDescription.rules.rulesStrings.26,subject->Fall Clothes Line Promotion,li,IdeoStoryPatternDef/IdeoStoryPatternDef.xml,def
VME_CorporateDescription.rules.rulesStrings.27,subject->Don't invite Steve to the meeting. He'll dress like a ghost,li,IdeoStoryPatternDef/IdeoStoryPatternDef.xml,def
VME_CorporateDescription.rules.rulesStrings.28,subject->Warning: Unattended items in your desks may be stolen. The Company is not responsible for your belongings,li,IdeoStoryPatternDef/IdeoStoryPatternDef.xml,def
VME_CorporateDescription.rules.rulesStrings.29,subject->Office Memo to All Employees,li,IdeoStoryPatternDef/IdeoStoryPatternDef.xml,def
VME_CorporateDescription.rules.rulesStrings.30,subject->Restroom Use Policy,li,IdeoStoryPatternDef/IdeoStoryPatternDef.xml,def
VME_CorporateDescription.rules.rulesStrings.31,"subject->Company's Position On ""Streaking""",li,IdeoStoryPatternDef/IdeoStoryPatternDef.xml,def
VME_CorporateDescription.rules.rulesStrings.32,subject->Customer Satisfaction,li,IdeoStoryPatternDef/IdeoStoryPatternDef.xml,def
VME_CorporateDescription.rules.rulesStrings.33,subject->Boss's Rules,li,IdeoStoryPatternDef/IdeoStoryPatternDef.xml,def
VME_CorporateDescription.rules.rulesStrings.34,subject->Prospective Employee Assessment,li,IdeoStoryPatternDef/IdeoStoryPatternDef.xml,def
VME_CorporateDescription.rules.rulesStrings.35,subject->Re: Request For A Raise,li,IdeoStoryPatternDef/IdeoStoryPatternDef.xml,def
VME_CorporateDescription.rules.rulesStrings.36,subject->Re: that is my last email!,li,IdeoStoryPatternDef/IdeoStoryPatternDef.xml,def
VME_CorporateDescription.rules.rulesStrings.37,subject->Your Company's Early Retirement Program,li,IdeoStoryPatternDef/IdeoStoryPatternDef.xml,def
VME_CorporateDescription.rules.rulesStrings.38,subject->PARKING VIOLATION,li,IdeoStoryPatternDef/IdeoStoryPatternDef.xml,def
VME_CorporateDescription.rules.rulesStrings.39,subject->Forwarded for Your Consideration,li,IdeoStoryPatternDef/IdeoStoryPatternDef.xml,def
VME_CorporateDescription.rules.rulesStrings.40,subject->For your Information (FYI),li,IdeoStoryPatternDef/IdeoStoryPatternDef.xml,def
VME_CorporateDescription.rules.rulesStrings.41,subject->Give Us the Benefit of Your Present Thinking,li,IdeoStoryPatternDef/IdeoStoryPatternDef.xml,def
VME_CorporateDescription.rules.rulesStrings.42,subject->Under Consideration,li,IdeoStoryPatternDef/IdeoStoryPatternDef.xml,def
VME_CorporateDescription.rules.rulesStrings.43,subject->The milestones have almost been reached,li,IdeoStoryPatternDef/IdeoStoryPatternDef.xml,def
VME_CorporateDescription.rules.rulesStrings.44,subject->Clarification,li,IdeoStoryPatternDef/IdeoStoryPatternDef.xml,def
VME_NamerSecondTriumvir.rulePack.rulesStrings.0,r_roleName->second triumvir,li,RulePackDef/RulePackDef.xml,def
VME_NamerThirdTriumvir.rulePack.rulesStrings.0,r_roleName->third triumvir,li,RulePackDef/RulePackDef.xml,def
VME_RoleFireKeeper.rulePack.rulesStrings.0,r_roleName(p=7)->[firstPart][secondPart],li,RulePackDef/RulePackDef.xml,def
VME_RoleFireKeeper.rulePack.rulesStrings.1,r_roleName->firekeeper,li,RulePackDef/RulePackDef.xml,def
VME_RoleFireKeeper.rulePack.rulesStrings.2,r_roleName->flamekeeper,li,RulePackDef/RulePackDef.xml,def
VME_RoleFireKeeper.rulePack.rulesStrings.3,firstPart->flame,li,RulePackDef/RulePackDef.xml,def
VME_RoleFireKeeper.rulePack.rulesStrings.4,firstPart->ash,li,RulePackDef/RulePackDef.xml,def
VME_RoleFireKeeper.rulePack.rulesStrings.5,firstPart->fire,li,RulePackDef/RulePackDef.xml,def
VME_RoleFireKeeper.rulePack.rulesStrings.6,firstPart->warmth,li,RulePackDef/RulePackDef.xml,def
VME_RoleFireKeeper.rulePack.rulesStrings.7,firstPart->bright,li,RulePackDef/RulePackDef.xml,def
VME_RoleFireKeeper.rulePack.rulesStrings.8,firstPart->light,li,RulePackDef/RulePackDef.xml,def
VME_RoleFireKeeper.rulePack.rulesStrings.9,firstPart->kiln,li,RulePackDef/RulePackDef.xml,def
VME_RoleFireKeeper.rulePack.rulesStrings.10,firstPart->forge,li,RulePackDef/RulePackDef.xml,def
VME_RoleFireKeeper.rulePack.rulesStrings.11,secondPart(p=4)->touched,li,RulePackDef/RulePackDef.xml,def
VME_RoleFireKeeper.rulePack.rulesStrings.12,secondPart(p=4)->warden,li,RulePackDef/RulePackDef.xml,def
VME_RoleFireKeeper.rulePack.rulesStrings.13,secondPart(p=4)->herald,li,RulePackDef/RulePackDef.xml,def
VME_RoleFireKeeper.rulePack.rulesStrings.14,secondPart(p=4)->protector,li,RulePackDef/RulePackDef.xml,def
VME_RoleFireKeeper.rulePack.rulesStrings.15,secondPart(p=4)->defender,li,RulePackDef/RulePackDef.xml,def
VME_RoleFireKeeper.rulePack.rulesStrings.16,secondPart(p=4)->seeker,li,RulePackDef/RulePackDef.xml,def
VME_RoleFireKeeper.rulePack.rulesStrings.17,secondPart(p=4)->whisperer,li,RulePackDef/RulePackDef.xml,def
VME_RoleFireKeeper.rulePack.rulesStrings.18,secondPart(p=4)->keeper,li,RulePackDef/RulePackDef.xml,def
VME_Mechacker.rulePack.rulesStrings.0,r_roleName(p=7)->[firstPart][secondPart],li,RulePackDef/RulePackDef.xml,def
VME_Mechacker.rulePack.rulesStrings.1,r_roleName->Mechacker,li,RulePackDef/RulePackDef.xml,def
VME_Mechacker.rulePack.rulesStrings.2,firstPart->Engine,li,RulePackDef/RulePackDef.xml,def
VME_Mechacker.rulePack.rulesStrings.3,firstPart->Mechanoid,li,RulePackDef/RulePackDef.xml,def
VME_Mechacker.rulePack.rulesStrings.4,firstPart->Bionic,li,RulePackDef/RulePackDef.xml,def
VME_Mechacker.rulePack.rulesStrings.5,firstPart->Technological,li,RulePackDef/RulePackDef.xml,def
VME_Mechacker.rulePack.rulesStrings.6,firstPart->Electronic,li,RulePackDef/RulePackDef.xml,def
VME_Mechacker.rulePack.rulesStrings.7,firstPart->Artificial,li,RulePackDef/RulePackDef.xml,def
VME_Mechacker.rulePack.rulesStrings.8,firstPart->Scientific,li,RulePackDef/RulePackDef.xml,def
VME_Mechacker.rulePack.rulesStrings.9,firstPart->Brilliant,li,RulePackDef/RulePackDef.xml,def
VME_Mechacker.rulePack.rulesStrings.10,secondPart(p=4)->Engineseer,li,RulePackDef/RulePackDef.xml,def
VME_Mechacker.rulePack.rulesStrings.11,secondPart(p=4)->Artificer,li,RulePackDef/RulePackDef.xml,def
VME_Mechacker.rulePack.rulesStrings.12,secondPart(p=4)->Machinist,li,RulePackDef/RulePackDef.xml,def
VME_Mechacker.rulePack.rulesStrings.13,secondPart(p=4)->Soothesayer,li,RulePackDef/RulePackDef.xml,def
VME_Mechacker.rulePack.rulesStrings.14,secondPart(p=4)->Designer,li,RulePackDef/RulePackDef.xml,def
VME_Mechacker.rulePack.rulesStrings.15,secondPart(p=4)->Hackmaster,li,RulePackDef/RulePackDef.xml,def
VME_Mechacker.rulePack.rulesStrings.16,secondPart(p=4)->Mastermind,li,RulePackDef/RulePackDef.xml,def
VME_Mechacker.rulePack.rulesStrings.17,secondPart(p=4)->Inventor,li,RulePackDef/RulePackDef.xml,def
VME_PartyHost.rulePack.rulesStrings.0,r_roleName(p=7)->[firstPart][secondPart],li,RulePackDef/RulePackDef.xml,def
VME_PartyHost.rulePack.rulesStrings.1,r_roleName->party host,li,RulePackDef/RulePackDef.xml,def
VME_PartyHost.rulePack.rulesStrings.2,r_roleName->party animal,li,RulePackDef/RulePackDef.xml,def
VME_PartyHost.rulePack.rulesStrings.3,firstPart->exciting,li,RulePackDef/RulePackDef.xml,def
VME_PartyHost.rulePack.rulesStrings.4,firstPart->comedic,li,RulePackDef/RulePackDef.xml,def
VME_PartyHost.rulePack.rulesStrings.5,firstPart->esteemed,li,RulePackDef/RulePackDef.xml,def
VME_PartyHost.rulePack.rulesStrings.6,firstPart->hilarious,li,RulePackDef/RulePackDef.xml,def
VME_PartyHost.rulePack.rulesStrings.7,firstPart->crazed,li,RulePackDef/RulePackDef.xml,def
VME_PartyHost.rulePack.rulesStrings.8,firstPart->wild,li,RulePackDef/RulePackDef.xml,def
VME_PartyHost.rulePack.rulesStrings.9,firstPart->jubilant,li,RulePackDef/RulePackDef.xml,def
VME_PartyHost.rulePack.rulesStrings.10,firstPart->joyous,li,RulePackDef/RulePackDef.xml,def
VME_PartyHost.rulePack.rulesStrings.11,secondPart(p=4)->genius,li,RulePackDef/RulePackDef.xml,def
VME_PartyHost.rulePack.rulesStrings.12,secondPart(p=4)->entertainer,li,RulePackDef/RulePackDef.xml,def
VME_PartyHost.rulePack.rulesStrings.13,secondPart(p=4)->host,li,RulePackDef/RulePackDef.xml,def
VME_PartyHost.rulePack.rulesStrings.14,secondPart(p=4)->jester,li,RulePackDef/RulePackDef.xml,def
VME_PartyHost.rulePack.rulesStrings.15,secondPart(p=4)->joker,li,RulePackDef/RulePackDef.xml,def
VME_PartyHost.rulePack.rulesStrings.16,secondPart(p=4)->animal,li,RulePackDef/RulePackDef.xml,def
VME_PartyHost.rulePack.rulesStrings.17,secondPart(p=4)->performer,li,RulePackDef/RulePackDef.xml,def
VME_PartyHost.rulePack.rulesStrings.18,secondPart(p=4)->comedian,li,RulePackDef/RulePackDef.xml,def
VME_InsectoidHerder.rulePack.rulesStrings.0,r_roleName(p=7)->[firstPart][secondPart],li,RulePackDef/RulePackDef.xml,def
VME_InsectoidHerder.rulePack.rulesStrings.1,r_roleName->Insectoid Herder,li,RulePackDef/RulePackDef.xml,def
VME_InsectoidHerder.rulePack.rulesStrings.2,firstPart->Spider,li,RulePackDef/RulePackDef.xml,def
VME_InsectoidHerder.rulePack.rulesStrings.3,firstPart->Maggot,li,RulePackDef/RulePackDef.xml,def
VME_InsectoidHerder.rulePack.rulesStrings.4,firstPart->Scarab,li,RulePackDef/RulePackDef.xml,def
VME_InsectoidHerder.rulePack.rulesStrings.5,firstPart->Cricket,li,RulePackDef/RulePackDef.xml,def
VME_InsectoidHerder.rulePack.rulesStrings.6,firstPart->Tick,li,RulePackDef/RulePackDef.xml,def
VME_InsectoidHerder.rulePack.rulesStrings.7,firstPart->Larva,li,RulePackDef/RulePackDef.xml,def
VME_InsectoidHerder.rulePack.rulesStrings.8,firstPart->Beetle,li,RulePackDef/RulePackDef.xml,def
VME_InsectoidHerder.rulePack.rulesStrings.9,firstPart->Locust,li,RulePackDef/RulePackDef.xml,def
VME_InsectoidHerder.rulePack.rulesStrings.10,secondPart(p=4)->Harvester,li,RulePackDef/RulePackDef.xml,def
VME_InsectoidHerder.rulePack.rulesStrings.11,secondPart(p=4)->Handler,li,RulePackDef/RulePackDef.xml,def
VME_InsectoidHerder.rulePack.rulesStrings.12,secondPart(p=4)->Brood-sibling,li,RulePackDef/RulePackDef.xml,def
VME_InsectoidHerder.rulePack.rulesStrings.13,secondPart(p=4)->Devotee,li,RulePackDef/RulePackDef.xml,def
VME_InsectoidHerder.rulePack.rulesStrings.14,secondPart(p=4)->Hive-Psyker,li,RulePackDef/RulePackDef.xml,def
VME_InsectoidHerder.rulePack.rulesStrings.15,secondPart(p=4)->Hive-Commander,li,RulePackDef/RulePackDef.xml,def
VME_InsectoidHerder.rulePack.rulesStrings.16,secondPart(p=4)->Hive-brood,li,RulePackDef/RulePackDef.xml,def
VME_InsectoidHerder.rulePack.rulesStrings.17,secondPart(p=4)->Hive-slave,li,RulePackDef/RulePackDef.xml,def
VME_Trader.rulePack.rulesStrings.0,r_roleName(p=7)->[firstPart][secondPart],li,RulePackDef/RulePackDef.xml,def
VME_Trader.rulePack.rulesStrings.1,r_roleName->Trader,li,RulePackDef/RulePackDef.xml,def
VME_Trader.rulePack.rulesStrings.2,firstPart->Bountiful,li,RulePackDef/RulePackDef.xml,def
VME_Trader.rulePack.rulesStrings.3,firstPart->Itinerant,li,RulePackDef/RulePackDef.xml,def
VME_Trader.rulePack.rulesStrings.4,firstPart->Unscrupulous,li,RulePackDef/RulePackDef.xml,def
VME_Trader.rulePack.rulesStrings.5,firstPart->Respectable,li,RulePackDef/RulePackDef.xml,def
VME_Trader.rulePack.rulesStrings.6,firstPart->Affluent,li,RulePackDef/RulePackDef.xml,def
VME_Trader.rulePack.rulesStrings.7,firstPart->Prosperous,li,RulePackDef/RulePackDef.xml,def
VME_Trader.rulePack.rulesStrings.8,firstPart->Opulent,li,RulePackDef/RulePackDef.xml,def
VME_Trader.rulePack.rulesStrings.9,firstPart->Rich,li,RulePackDef/RulePackDef.xml,def
VME_Trader.rulePack.rulesStrings.10,secondPart(p=4)->Merchant,li,RulePackDef/RulePackDef.xml,def
VME_Trader.rulePack.rulesStrings.11,secondPart(p=4)->Operator,li,RulePackDef/RulePackDef.xml,def
VME_Trader.rulePack.rulesStrings.12,secondPart(p=4)->Seller,li,RulePackDef/RulePackDef.xml,def
VME_Trader.rulePack.rulesStrings.13,secondPart(p=4)->Shopkeeper,li,RulePackDef/RulePackDef.xml,def
VME_Trader.rulePack.rulesStrings.14,secondPart(p=4)->Vendor,li,RulePackDef/RulePackDef.xml,def
VME_Trader.rulePack.rulesStrings.15,secondPart(p=4)->Broker,li,RulePackDef/RulePackDef.xml,def
VME_Trader.rulePack.rulesStrings.16,secondPart(p=4)->Wholesaler,li,RulePackDef/RulePackDef.xml,def
VME_Trader.rulePack.rulesStrings.17,secondPart(p=4)->Salesperson,li,RulePackDef/RulePackDef.xml,def
VME_Patissier.rulePack.rulesStrings.0,r_roleName(p=7)->[firstPart][secondPart],li,RulePackDef/RulePackDef.xml,def
VME_Patissier.rulePack.rulesStrings.1,r_roleName->Patissier,li,RulePackDef/RulePackDef.xml,def
VME_Patissier.rulePack.rulesStrings.2,firstPart->Deft-handed,li,RulePackDef/RulePackDef.xml,def
VME_Patissier.rulePack.rulesStrings.3,firstPart->Accomplished,li,RulePackDef/RulePackDef.xml,def
VME_Patissier.rulePack.rulesStrings.4,firstPart->Talented,li,RulePackDef/RulePackDef.xml,def
VME_Patissier.rulePack.rulesStrings.5,firstPart->Exquisite,li,RulePackDef/RulePackDef.xml,def
VME_Patissier.rulePack.rulesStrings.6,firstPart->Seasoned,li,RulePackDef/RulePackDef.xml,def
VME_Patissier.rulePack.rulesStrings.7,firstPart->Masterful,li,RulePackDef/RulePackDef.xml,def
VME_Patissier.rulePack.rulesStrings.8,secondPart(p=4)->Culinarian,li,RulePackDef/RulePackDef.xml,def
VME_Patissier.rulePack.rulesStrings.9,secondPart(p=4)->Epicurian,li,RulePackDef/RulePackDef.xml,def
VME_Patissier.rulePack.rulesStrings.10,secondPart(p=4)->Baker,li,RulePackDef/RulePackDef.xml,def
VME_Patissier.rulePack.rulesStrings.11,secondPart(p=4)->Patissier,li,RulePackDef/RulePackDef.xml,def
VME_Patissier.rulePack.rulesStrings.12,secondPart(p=4)->Banqueter,li,RulePackDef/RulePackDef.xml,def
VME_Patissier.rulePack.rulesStrings.13,secondPart(p=4)->Glacier,li,RulePackDef/RulePackDef.xml,def
VME_Patissier.rulePack.rulesStrings.14,secondPart(p=4)->Confectioner,li,RulePackDef/RulePackDef.xml,def
VME_Commissar.rulePack.rulesStrings.0,r_roleName->Commissar,li,RulePackDef/RulePackDef.xml,def
VME_Fleshcrafter.rulePack.rulesStrings.0,r_roleName->Fleshcrafter,li,RulePackDef/RulePackDef.xml,def
VME_Nurse.rulePack.rulesStrings.0,r_roleName->Nurse,li,RulePackDef/RulePackDef.xml,def
VME_Majordomo.rulePack.rulesStrings.0,r_roleName->Majordomo,li,RulePackDef/RulePackDef.xml,def
VME_JunkChunkDrop.label,junk chunk drop,label,IncidentDef/IncidentDef.xml,def
VME_Serketist.label,serketist,label,StyleCategoryDef/StyleCategoryDef.xml,def
VME_Corporate.label,corporate,label,StyleCategoryDef/StyleCategoryDef.xml,def
VME_Authoritarian.label,authoritarian,label,StyleCategoryDef/StyleCategoryDef.xml,def
VME_Shintaoism.label,shintaoist,label,StyleCategoryDef/StyleCategoryDef.xml,def
VME_Esotericism.label,esoteric,label,StyleCategoryDef/StyleCategoryDef.xml,def
VME_Eldritch.label,eldritch,label,StyleCategoryDef/StyleCategoryDef.xml,def
VME_Hedonist.label,hedonist,label,StyleCategoryDef/StyleCategoryDef.xml,def
VME_Eschatological.label,eschatological,label,StyleCategoryDef/StyleCategoryDef.xml,def
VME_CultOfPersonality.label,cult of personality,label,StyleCategoryDef/StyleCategoryDef.xml,def
VME_Pantheist.label,pantheist,label,StyleCategoryDef/StyleCategoryDef.xml,def
VME_Omnist.label,omnist,label,StyleCategoryDef/StyleCategoryDef.xml,def
VME_Agnostic.label,agnostic,label,StyleCategoryDef/StyleCategoryDef.xml,def
VME_SecularSpirituality.label,secular spirituality,label,StyleCategoryDef/StyleCategoryDef.xml,def
VME_Floor_CorporateFineStoneTiles.label,corporate fine stone tiles,label,DesignatorDropdownGroupDef/DesignatorDropdownGroupDef.xml,def
VME_CorporateFineTileSandstone.label,corporate fine sandstone tile,label,TerrainDef/TerrainDef.xml,def
VME_CorporateFineTileGranite.label,corporate fine granite tile,label,TerrainDef/TerrainDef.xml,def
VME_CorporateFineTileLimestone.label,corporate fine limestone tile,label,TerrainDef/TerrainDef.xml,def
VME_CorporateFineTileSlate.label,corporate fine slate tile,label,TerrainDef/TerrainDef.xml,def
VME_CorporateFineTileMarble.label,corporate fine marble tile,label,TerrainDef/TerrainDef.xml,def
VME_Floor_ShintaoFineStoneTiles.label,shintao fine stone tiles,label,DesignatorDropdownGroupDef/DesignatorDropdownGroupDef.xml,def
VME_ShintaoFineTileSandstone.label,shintao fine sandstone tile,label,TerrainDef/TerrainDef.xml,def
VME_ShintaoFineTileGranite.label,shintao fine granite tile,label,TerrainDef/TerrainDef.xml,def
VME_ShintaoFineTileLimestone.label,shintao fine limestone tile,label,TerrainDef/TerrainDef.xml,def
VME_ShintaoFineTileSlate.label,shintao fine slate tile,label,TerrainDef/TerrainDef.xml,def
VME_ShintaoFineTileMarble.label,shintao fine marble tile,label,TerrainDef/TerrainDef.xml,def
VME_Floor_ShintaoCarpet.label,shintao carpets,label,DesignatorDropdownGroupDef/DesignatorDropdownGroupDef.xml,def
VME_ShintaoCarpetRed.label,shintao red carpet,label,TerrainDef/TerrainDef.xml,def
VME_ShintaoCarpetRed.description,Plush carpet in a lovely rose hue.,description,TerrainDef/TerrainDef.xml,def
VME_ShintaoCarpetGreen.label,shintao green carpet,label,TerrainDef/TerrainDef.xml,def
VME_ShintaoCarpetGreen.description,"Naturalistic-feeling green carpet. Earth tones, dude.",description,TerrainDef/TerrainDef.xml,def
VME_ShintaoCarpetBlue.label,shintao blue carpet,label,TerrainDef/TerrainDef.xml,def
VME_ShintaoCarpetBlue.description,Toe-hugging plush carpet in a cool blue color.,description,TerrainDef/TerrainDef.xml,def
VME_ShintaoCarpetCream.label,shintao cream carpet,label,TerrainDef/TerrainDef.xml,def
VME_ShintaoCarpetCream.description,Inviting cream-colored carpet.,description,TerrainDef/TerrainDef.xml,def
VME_ShintaoCarpetDark.label,shintao dark carpet,label,TerrainDef/TerrainDef.xml,def
VME_ShintaoCarpetDark.description,Professional-looking dark gray carpet.,description,TerrainDef/TerrainDef.xml,def
VME_Floor_ShintaoCarpetFine.label,shintao fine carpets,label,DesignatorDropdownGroupDef/DesignatorDropdownGroupDef.xml,def
VME_ShintaoCarpetFineBurgundy.label,fine shintao burgundy carpet,label,TerrainDef/TerrainDef.xml,def
VME_ShintaoCarpetFineBurgundy.description,Classic burgundy carpet for that classic rich look.,description,TerrainDef/TerrainDef.xml,def
VME_ShintaoCarpetFineIndigo.label,fine shintao indigo carpet,label,TerrainDef/TerrainDef.xml,def
VME_ShintaoCarpetFineIndigo.description,"Soft and silky indigo carpet, for that extra sense of pomp.",description,TerrainDef/TerrainDef.xml,def
VME_ShintaoCarpetFineWhite.label,fine shintao white carpet,label,TerrainDef/TerrainDef.xml,def
VME_ShintaoCarpetFineWhite.description,"Sublime white carpet, glimmering with subtle patterns.",description,TerrainDef/TerrainDef.xml,def
VME_AncientSystemRack.label,ancient system rack,label,ThingDef/ThingDef.xml,def
VME_AncientSystemRack.description,"An ancient rack unit packed with unidentifiable devices. Valuable parts are missing, and everything else is degraded to uselessness.",description,ThingDef/ThingDef.xml,def
VME_AncientEquipmentBlocks.label,ancient equipment blocks,label,ThingDef/ThingDef.xml,def
VME_AncientEquipmentBlocks.description,"A collection of ancient equipment blocks of unknown function. Valuable parts are missing, and everything else is degraded to uselessness.",description,ThingDef/ThingDef.xml,def
VME_AncientMachine.label,ancient machine,label,ThingDef/ThingDef.xml,def
VME_AncientMachine.description,"A large ancient machine case filled with unknown machinery. Valuable parts are missing, and everything else is degraded to uselessness.",description,ThingDef/ThingDef.xml,def
VME_AncientStorageCylinder.label,ancient storage cylinder,label,ThingDef/ThingDef.xml,def
VME_AncientStorageCylinder.description,"An ancient device that looks like it once stored some kind of fluid. Valuable parts are missing, and everything else is degraded to uselessness.",description,ThingDef/ThingDef.xml,def
VME_AncientLamp.label,ancient lamp,label,ThingDef/ThingDef.xml,def
VME_AncientLamp.description,"An ancient self-powered lamp. Its internal power supply is badly depleted, but it still emits a weak glow.",description,ThingDef/ThingDef.xml,def
VME_AncientBed.label,ancient bed,label,ThingDef/ThingDef.xml,def
VME_AncientBed.description,"An old, rotted mattress on a rusty frame. Though uncomfortable, it can still be used, but it's too dilapidated to restore.",description,ThingDef/ThingDef.xml,def
VME_AncientDisplayBank.label,ancient display bank,label,ThingDef/ThingDef.xml,def
VME_AncientDisplayBank.description,"An ancient computer interface. Valuable parts are missing, and everything else is degraded to uselessness.",description,ThingDef/ThingDef.xml,def
VME_AncientLockerBank.label,ancient locker bank,label,ThingDef/ThingDef.xml,def
VME_AncientLockerBank.description,"An ancient, rusted bank of lockers. All of the lockers have been forced open with nothing valuable left behind.",description,ThingDef/ThingDef.xml,def
VME_AncientCrate.label,ancient crate,label,ThingDef/ThingDef.xml,def
VME_AncientCrate.description,"An ancient, broken crate. Any valuables it once contained have degraded to uselessness.",description,ThingDef/ThingDef.xml,def
VME_AncientMilitaryCrate.label,ancient military crate,label,ThingDef/ThingDef.xml,def
VME_AncientMilitaryCrate.description,"An ancient, military-looking crate. It was broken long ago and any valuables it once contained were looted.",description,ThingDef/ThingDef.xml,def
VME_AncientSpacerCrate.label,ancient spacer crate,label,ThingDef/ThingDef.xml,def
VME_AncientSpacerCrate.description,"An ancient, broken crate. Any valuables it once contained were taken long ago.",description,ThingDef/ThingDef.xml,def
VME_AncientBarrel.label,ancient barrel,label,ThingDef/ThingDef.xml,def
VME_AncientBarrel.description,"An ancient, broken barrel that looks like it once contained waste of some sort. The only thing it contains now is a smear of dried sludge.",description,ThingDef/ThingDef.xml,def
VME_AncientGenerator.label,ancient generator,label,ThingDef/ThingDef.xml,def
VME_AncientGenerator.description,"An ancient electrical generator. Its usable parts were smashed or looted long ago, and the rest has rusted into uselessness.",description,ThingDef/ThingDef.xml,def
VME_AncientOperatingTable.label,ancient operating table,label,ThingDef/ThingDef.xml,def
VME_AncientOperatingTable.description,A table once used for surgical operations. It has long since deteriorated into uselessness.,description,ThingDef/ThingDef.xml,def
VME_AncientShoppingCart.label,ancient shopping cart,label,ThingDef/ThingDef.xml,def
VME_AncientShoppingCart.description,"An ancient, rusted shopping cart. How exactly it got here is a mystery, but the story is long and probably quite sad.",description,ThingDef/ThingDef.xml,def
VME_AncientPostbox.label,ancient postbox,label,ThingDef/ThingDef.xml,def
VME_AncientPostbox.description,"An ancient postbox, smashed and deteriorated to uselessness. It seems to have been moved here long ago for some unknown reason.",description,ThingDef/ThingDef.xml,def
VME_AncientVendingMachine.label,ancient vending machine,label,ThingDef/ThingDef.xml,def
VME_AncientVendingMachine.description,An ancient vending machine. It was smashed ages ago and generations of looters have taken every conceivably useful part. How it ended up here is a mystery.,description,ThingDef/ThingDef.xml,def
VME_AncientAirConditioner.label,ancient air conditioner,label,ThingDef/ThingDef.xml,def
VME_AncientAirConditioner.description,An ancient air conditioning machine. Its internals were smashed long ago and what wasn't looted has rusted away in the time since.,description,ThingDef/ThingDef.xml,def
VME_AncientKitchenSink.label,ancient kitchen sink,label,ThingDef/ThingDef.xml,def
VME_AncientKitchenSink.description,An ancient kitchen sink made of some non-metallic fiber-sheet material. It is badly deteriorated and there's no way to salvage anything from it.\n\nHow it got here must be a long story.,description,ThingDef/ThingDef.xml,def
VME_AncientStove.label,ancient stove,label,ThingDef/ThingDef.xml,def
VME_AncientStove.description,"An ancient stove. Smashed and rusted, it is completely useless now.\n\nHow it got here is hard to say.",description,ThingDef/ThingDef.xml,def
VME_AncientOven.label,ancient oven,label,ThingDef/ThingDef.xml,def
VME_AncientOven.description,"An ancient oven. Smashed and rusted, it is completely useless now.\n\nHow it got here is hard to say.",description,ThingDef/ThingDef.xml,def
VME_AncientATM.label,ancient ATM,label,ThingDef/ThingDef.xml,def
VME_AncientATM.description,"An ancient ATM. Smashed and rusted, it is completely useless now.\n\nHow it got here is hard to say.",description,ThingDef/ThingDef.xml,def
VME_AncientWashingMachine.label,ancient washing machine,label,ThingDef/ThingDef.xml,def
VME_AncientWashingMachine.description,"An ancient device used for washing textiles. Smashed and rusted, it is completely useless now.\n\nHow it got here is hard to say.",description,ThingDef/ThingDef.xml,def
VME_AncientHydrant.label,ancient hydrant,label,ThingDef/ThingDef.xml,def
VME_AncientHydrant.description,"An ancient hydrant. Heavily rusted, it is completely useless now.\n\nHow it got here is hard to say.",description,ThingDef/ThingDef.xml,def
VME_AncientMicrowave.label,ancient microwave,label,ThingDef/ThingDef.xml,def
VME_AncientMicrowave.description,"An ancient device for heating food. Smashed and rusted, it is completely useless now.\n\nHow it got here is hard to say.",description,ThingDef/ThingDef.xml,def
VME_AncientToilet.label,ancient toilet,label,ThingDef/ThingDef.xml,def
VME_AncientToilet.description,"An ancient toilet. Smashed long ago, it is completely useless now.\n\nHow it got here is hard to say.",description,ThingDef/ThingDef.xml,def
VME_AncientRefrigerator.label,ancient refrigerator,label,ThingDef/ThingDef.xml,def
VME_AncientRefrigerator.description,An ancient refrigerator. It was stripped of interesting parts long ago.,description,ThingDef/ThingDef.xml,def
VME_AncientSmallCrate.label,ancient small crate,label,ThingDef/ThingDef.xml,def
VME_AncientSmallCrate.description,"A small, empty crate which was abandoned ages ago. It's too rusted to store anything.",description,ThingDef/ThingDef.xml,def
VME_AncientLongCrate.label,ancient long crate,label,ThingDef/ThingDef.xml,def
VME_AncientLongCrate.description,"A long, empty crate which was abandoned ages ago. It's too rusted to store anything.",description,ThingDef/ThingDef.xml,def
VME_AncientLargeCrate.label,ancient large crate,label,ThingDef/ThingDef.xml,def
VME_AncientLargeCrate.description,A large crate which was abandoned ages ago. It's too rusted to store anything.,description,ThingDef/ThingDef.xml,def
VME_AncientWheel.label,ancient wheel,label,ThingDef/ThingDef.xml,def
VME_AncientWheel.description,An ancient wheel from some kind of vehicle. The rubber has deteriorated away and the metal is twisted and rusted.,description,ThingDef/ThingDef.xml,def
VME_AncientGiantWheel.label,ancient giant wheel,label,ThingDef/ThingDef.xml,def
VME_AncientGiantWheel.description,A giant wheel which came off some large vehicle many ages ago. The rubber has disintegrated away and the metal is twisted and rusted.,description,ThingDef/ThingDef.xml,def
VME_AncientRustedCar.label,ancient car,label,ThingDef/ThingDef.xml,def
VME_AncientRustedCar.description,"An ancient, broken car. Everything that isn't rusted away was looted long ago.",description,ThingDef/ThingDef.xml,def
VME_AncientRustedTruck.label,ancient truck,label,ThingDef/ThingDef.xml,def
VME_AncientRustedTruck.description,"An ancient, broken truck. Everything useful either rusted away or was looted long ago.",description,ThingDef/ThingDef.xml,def
VME_AncientRustedJeep.label,ancient troop carrier,label,ThingDef/ThingDef.xml,def
VME_AncientRustedJeep.description,"An ancient, broken troop carrier. Everything that isn't rusted away was looted long ago.",description,ThingDef/ThingDef.xml,def
VME_AncientRustedCarFrame.label,ancient car frame,label,ThingDef/ThingDef.xml,def
VME_AncientRustedCarFrame.description,"An ancient, rusted car frame. The body shell has long since rusted away to nothing.",description,ThingDef/ThingDef.xml,def
VME_AncientWarwalkerTorso.label,ancient warwalker torso,label,ThingDef/ThingDef.xml,def
VME_AncientWarwalkerTorso.description,The torso of a mid-scale warwalker which fell here in ancient days. The valuable parts were looted long ago.,description,ThingDef/ThingDef.xml,def
VME_AncientRustedDropship.label,ancient dropship,label,ThingDef/ThingDef.xml,def
VME_AncientRustedDropship.description,The remains of an ancient dropship. The valuable parts were looted long ago and the rest has deteriorated to uselessness.,description,ThingDef/ThingDef.xml,def
VME_AncientWarwalkerClaw.label,ancient warwalker claw,label,ThingDef/ThingDef.xml,def
VME_AncientWarwalkerClaw.description,The assault claw of an ancient mid-scale warwalker. This weapon specialized in tearing through heavy plasteel armor at close range. Its valuable components were looted long ago.,description,ThingDef/ThingDef.xml,def
VME_AncientWarwalkerLeg.label,ancient warwalker leg,label,ThingDef/ThingDef.xml,def
VME_AncientWarwalkerLeg.description,"The shattered leg of a mid-scale warwalker that fell here long ago. It has been picked clean by looters, and no valuable components remain.",description,ThingDef/ThingDef.xml,def
VME_AncientMiniWarwalkerRemains.label,ancient warsprinter remains,label,ThingDef/ThingDef.xml,def
VME_AncientMiniWarwalkerRemains.description,The shattered remains of an ancient sub-scale warsprinter. Whatever parts weren't ruined when it was destroyed were looted long ago.,description,ThingDef/ThingDef.xml,def
VME_AncientWarspiderRemains.label,ancient warspider remains,label,ThingDef/ThingDef.xml,def
VME_AncientWarspiderRemains.description,"The ruined remains of an ancient mid-scale warspider. It has been picked over many times, and there is nothing valuable left to loot.",description,ThingDef/ThingDef.xml,def
VME_AncientPipelineSection.label,ancient pipeline section,label,ThingDef/ThingDef.xml,def
VME_AncientPipelineSection.description,A section from an ancient pipeline. It once carried some valuable fluid over long distances. Now it's been looted and deteriorated to uselessness.,description,ThingDef/ThingDef.xml,def
VME_AncientWarwalkerFoot.label,ancient warwalker foot,label,ThingDef/ThingDef.xml,def
VME_AncientWarwalkerFoot.description,A massive foot from an ancient warwalker. It seems to have been torn free from its owner by some kind of heavy weapon. All the useful components were looted or deteriorated long ago.,description,ThingDef/ThingDef.xml,def
VME_AncientTank.label,ancient ruined tank,label,ThingDef/ThingDef.xml,def
VME_AncientTank.description,The remains of an ancient tank which was destroyed by some kind of heavy weapon. All the useful components were looted or deteriorated long ago.,description,ThingDef/ThingDef.xml,def
VME_AncientAPC.label,ancient ruined APC,label,ThingDef/ThingDef.xml,def
VME_AncientAPC.description,The remains of an ancient armoured troop carrier which was destroyed by some kind of heavy weapon. All the useful components were looted or deteriorated long ago.,description,ThingDef/ThingDef.xml,def
VME_AncientWarwalkerShell.label,ancient warwalker shell,label,ThingDef/ThingDef.xml,def
VME_AncientWarwalkerShell.description,"Most of the armored shell of a warwalker. It appears to have been torn off by some colossal weapon system. All the valuable parts were looted, and the rest is badly deteriorated.",description,ThingDef/ThingDef.xml,def
VME_AncientJetEngine.label,ancient jet engine,label,ThingDef/ThingDef.xml,def
VME_AncientJetEngine.description,"An ancient jet engine, probably detached from a large airplane. Its delicate internals are rusted to uselessness, and the valuable parts were looted long ago.",description,ThingDef/ThingDef.xml,def
VME_AncientDropshipEngine.label,ancient dropship engine,label,ThingDef/ThingDef.xml,def
VME_AncientDropshipEngine.description,"An ancient dropship engine. It probably came off a military troop carrier. Its delicate internals are rusted to uselessness, and the valuable parts were looted long ago.",description,ThingDef/ThingDef.xml,def
VME_AncientPodCar.label,ancient pod car,label,ThingDef/ThingDef.xml,def
VME_AncientPodCar.description,"An ancient pod car once capable of automated flight. Its valuable parts were looted long ago, and the rest is badly deteriorated.",description,ThingDef/ThingDef.xml,def
VME_AncientTankTrap.label,ancient tank trap,label,ThingDef/ThingDef.xml,def
VME_AncientTankTrap.description,An defensive fortification for stopping vehicles. It's been deteriorating for many years.,description,ThingDef/ThingDef.xml,def
VME_AncientLargeRustedEngineBlock.label,ancient macro-engine block,label,ThingDef/ThingDef.xml,def
VME_AncientLargeRustedEngineBlock.description,"An large, ancient engine block from some giant vehicle or power source. It's rusted through, and all the useful components are gone. No repair could salvage this.",description,ThingDef/ThingDef.xml,def
VME_AncientFence.label,ancient fence,label,ThingDef/ThingDef.xml,def
VME_AncientFence.description,An ancient fence made of reinforced concrete posts joined by concrete panels.,description,ThingDef/ThingDef.xml,def
VME_AncientRazorWire.label,ancient razor wire,label,ThingDef/ThingDef.xml,def
VME_AncientRazorWire.description,A piece of ancient razor wire. It has been deteriorating for many years and no longer poses any danger.,description,ThingDef/ThingDef.xml,def
VME_AncientPipes.label,ancient pipes,label,ThingDef/ThingDef.xml,def
VME_AncientPipes.description,A bunch of rusted old pipes. It is hard to say how these ended up here.,description,ThingDef/ThingDef.xml,def
VME_AncientMegaCannonTripod.label,ancient mega-cannon platform,label,ThingDef/ThingDef.xml,def
VME_AncientMegaCannonTripod.description,A mounting platform that once held some sort of cannon. It has been broken for many years and every useful component was looted long ago.,description,ThingDef/ThingDef.xml,def
VME_AncientMegaCannonBarrel.label,ancient mega-cannon barrel,label,ThingDef/ThingDef.xml,def
VME_AncientMegaCannonBarrel.description,"A barrel from a long-range cannon for artillery or anti-ship use. When it was new, it must have been frighteningly powerful. Now, it's far beyond repair and every useful component has been looted.",description,ThingDef/ThingDef.xml,def
VME_AncientContainer.label,ancient container,label,ThingDef/ThingDef.xml,def
VME_AncientContainer.description,A large container from some ancient freight carrying vehicle. It has long since been looted and deteriorted into uselessness.,description,ThingDef/ThingDef.xml,def
VME_AncientMechanoidShell.label,ancient mechanoid detritus,label,ThingDef/ThingDef.xml,def
VME_AncientMechanoidShell.description,The remains of a smashed mechanoid. All the useful components and materials are ruined or missing.,description,ThingDef/ThingDef.xml,def
VME_AncientMechDropBeacon.label,ancient mech drop beacon,label,ThingDef/ThingDef.xml,def
VME_AncientMechDropBeacon.description,The broken shell of a mech drop beacon. Its useful components are missing and the shell has deteriorated after many years.,description,ThingDef/ThingDef.xml,def
VME_AncientSecurityTurret.label,ancient security turret,label,ThingDef/ThingDef.xml,def
VME_AncientSecurityTurret.description,"An ancient, broken security turret. The valuable parts have all been looted or smashed.",description,ThingDef/ThingDef.xml,def
VME_AncientRustedEngineBlock.label,ancient engine block,label,ThingDef/ThingDef.xml,def
VME_AncientRustedEngineBlock.description,An ancient engine block that is rusted through. No repair could salvage this.,description,ThingDef/ThingDef.xml,def
VME_AncientShipBeacon.label,ancient nav beacon,label,ThingDef/ThingDef.xml,def
VME_AncientShipBeacon.description,"An ancient, broken ship navigation beacon. Every useful component was looted long ago.",description,ThingDef/ThingDef.xml,def
VME_AncientSpaceJunk.label,ancient space junk,label,ThingDef/ThingDef.xml,def
VME_AncientSpaceJunk.description,Ancient chunks of space junk that fell from orbit. Perhaps a relic of an ancient space battle.,description,ThingDef/ThingDef.xml,def
VME_WickerMan.label,wicker man,label,ThingDef/ThingDef.xml,def
VME_WickerMan.description,"A large humanoid figure made out of dry brush, thatch, and wood scraps. Prisoners have to be physically restrained to the figurine then burned alive as part of a trial or ritual.",description,ThingDef/ThingDef.xml,def
VME_Bonfire.label,bonfire,label,ThingDef/ThingDef.xml,def
VME_Bonfire.description,An incredibly large and bright-burning bonfire made out of a carefully organized pile of logs on a stone base. Used heavily during flame-based rituals and can only be placed outdoors.,description,ThingDef/ThingDef.xml,def
VME_BonfireAfterRitual.label,bonfire,label,ThingDef/ThingDef.xml,def
VME_BonfireAfterRitual.description,"An incredibly large and bright-burning bonfire made out of a carefully organized pile of logs on a stone base. Used heavily during flame-based rituals and can only be placed outdoors. Will last for at least two quadrums and provide beauty nearby, as well as count for the Fire: Desired precept.",description,ThingDef/ThingDef.xml,def
VME_MechanoidEffigy.label,mechanoid effigy,label,ThingDef/ThingDef.xml,def
VME_MechanoidEffigy.description,"A structure assembled from scrapped mechanoid parts. Emits an IFF programming signal capable of confusing ancient mechanoid receptors. Should two exist per colonist enough signal noise will soft reset ancient mechanoid programming, causing an immediate retreat. This will only work on raiding mechanoids, clusters and ""boss"" mechanoids won't be affected.",description,ThingDef/ThingDef.xml,def
VME_Obelisk.label,ominous obelisk,label,ThingDef/ThingDef.xml,def
VME_Obelisk.description,An ominous-looking obelisk of pure chiseled stone. It seems to radiate an aura of hopelessness and despair.\n\nThe Corruption need of any colonist in an obelisk's radius of effect won't decrease.,description,ThingDef/ThingDef.xml,def
VME_InsectNest.label,insect nest,label,ThingDef/ThingDef.xml,def
VME_InsectNest.description,"A large, swollen hive that seems to be seeping high amounts of bubbling insectoid jelly but not incubating any insectoids themselves.\n\nThe nest will need maintenance by a colonist with the insectoid herder role. If maintenance reaches 0%, the nest will be destroyed.\n\nInsect nest maintenance is a Handling job that gets auto-queued if the hive's maintenance is lower than 50%..",description,ThingDef/ThingDef.xml,def
VME_TaoistSlab_Medium.label,shintao slab (medium),label,ThingDef/ThingDef.xml,def
VME_TaoistSlab_Medium.description,A stone bas relief of shintao imagery for decorating a floor.,description,ThingDef/ThingDef.xml,def
VME_TaoistSlab_Broad.label,shintao slab (broad),label,ThingDef/ThingDef.xml,def
VME_TaoistSlab_Broad.description,A stone bas relief of shintao imagery for decorating a floor.,description,ThingDef/ThingDef.xml,def
VME_EsotericismSlab_Medium.label,esotericism slab (medium),label,ThingDef/ThingDef.xml,def
VME_EsotericismSlab_Medium.description,A stone bas relief of esoteric imagery for decorating a floor.,description,ThingDef/ThingDef.xml,def
VME_EsotericismSlab_Broad.label,esotericism slab (broad),label,ThingDef/ThingDef.xml,def
VME_EsotericismSlab_Broad.description,A stone bas relief of esoteric imagery for decorating a floor.,description,ThingDef/ThingDef.xml,def
VME_EldritchSlab_Medium.label,eldritch slab (medium),label,ThingDef/ThingDef.xml,def
VME_EldritchSlab_Medium.description,A stone bas relief of eldritch imagery for decorating a floor.,description,ThingDef/ThingDef.xml,def
VME_EldritchSlab_Broad.label,eldritch slab (broad),label,ThingDef/ThingDef.xml,def
VME_EldritchSlab_Broad.description,A stone bas relief of eldritch imagery for decorating a floor.,description,ThingDef/ThingDef.xml,def
VME_SerketistSlab_Medium.label,serketist slab (medium),label,ThingDef/ThingDef.xml,def
VME_SerketistSlab_Medium.description,A stone bas relief of serketist imagery for decorating a floor.,description,ThingDef/ThingDef.xml,def
VME_SerketistSlab_Broad.label,serketist slab (broad),label,ThingDef/ThingDef.xml,def
VME_SerketistSlab_Broad.description,A stone bas relief of serketist imagery for decorating a floor.,description,ThingDef/ThingDef.xml,def
VME_Corporate_Club.overrideLabel,baton,overrideLabel,ThingStyleDef/ThingStyleDef.xml,def
VME_Corporate_Mace.overrideLabel,telescopic baton,overrideLabel,ThingStyleDef/ThingStyleDef.xml,def
VME_AttendedParty.stages.0.label,attended superb party,label,ThoughtDef/ThoughtDef.xml,def
VME_AttendedParty.stages.0.description,I had a good time at that party.,description,ThoughtDef/ThoughtDef.xml,def
VME_EnforcedCompliance.stages.0.label,compliant,label,ThoughtDef/ThoughtDef.xml,def
VME_EnforcedCompliance.stages.0.description,Someone was executed for the lack of compliance. I need to be positive. I NEED TO.,description,ThoughtDef/ThoughtDef.xml,def
VME_NeedAnonymity.stages.0.label,anonymity violated,label,ThoughtDef/ThoughtDef.xml,def
VME_NeedAnonymity.stages.0.description,"They know everything, I’m an open book, entirely vulnerable and without a shred of nuance.",description,ThoughtDef/ThoughtDef.xml,def
VME_NeedAnonymity.stages.1.label,anonymity compromised,label,ThoughtDef/ThoughtDef.xml,def
VME_NeedAnonymity.stages.1.description,"My identity has been deeply compromised, I’m so ashamed by the attention I’ve garnered for myself.",description,ThoughtDef/ThoughtDef.xml,def
VME_NeedAnonymity.stages.2.label,anonymity threatened,label,ThoughtDef/ThoughtDef.xml,def
VME_NeedAnonymity.stages.2.description,"This can’t be allowed to continue, if I keep this behavior up I’ll be exposed.",description,ThoughtDef/ThoughtDef.xml,def
VME_NeedAnonymity.stages.3.label,completely anonymous,label,ThoughtDef/ThoughtDef.xml,def
VME_NeedAnonymity.stages.3.description,I feel so much more comfortable like this. I don’t even think they know my name or face.,description,ThoughtDef/ThoughtDef.xml,def
VME_Elder.degreeDatas.0.label,elder,label,TraitDef/TraitDef.xml,def
VME_Elder.degreeDatas.0.description,"Either the body or mind of {PAWN_nameDef} is one of insight and experience. While some find them old fashioned, others will respect their guidance.",description,TraitDef/TraitDef.xml,def
VME_DeconstructJunk.label,uninstall ancient junk,label,WorkGiverDef/WorkGiverDef.xml,def
VME_DeconstructJunk.verb,uninstall ancient junk,verb,WorkGiverDef/WorkGiverDef.xml,def
VME_DeconstructJunk.gerund,uninstalling ancient junk,gerund,WorkGiverDef/WorkGiverDef.xml,def
VME_MaintainInsectNest.label,maintain insect nest,label,WorkGiverDef/WorkGiverDef.xml,def
VME_MaintainInsectNest.verb,maintain,verb,WorkGiverDef/WorkGiverDef.xml,def
VME_MaintainInsectNest.gerund,maintaining,gerund,WorkGiverDef/WorkGiverDef.xml,def
VFEA_Interrogate.label,interrogate prisoners,label,WorkGiverDef/WorkGiverDef.xml,def
VFEA_Interrogate.verb,interrogate,verb,WorkGiverDef/WorkGiverDef.xml,def
VFEA_Interrogate.gerund,interrogating,gerund,WorkGiverDef/WorkGiverDef.xml,def
VME_TerribleBonfire.stages.0.label,terrible bonfire,label,ThoughtDef/ThoughtDef.xml,def
VME_TerribleBonfire.stages.0.description,"Some pathetic little flames drifted around, and they went away too soon. ""Bon"" fire? More like ""Lame"" fire.",description,ThoughtDef/ThoughtDef.xml,def
VME_LacklusterBonfire.stages.0.label,lackluster bonfire,label,ThoughtDef/ThoughtDef.xml,def
VME_LacklusterBonfire.stages.0.description,"We were expecting a wondrous conflagration, and instead we got an oversized campfire. At least it was kinda entertaining.",description,ThoughtDef/ThoughtDef.xml,def
VME_GoodBonfire.stages.0.label,good bonfire,label,ThoughtDef/ThoughtDef.xml,def
VME_GoodBonfire.stages.0.description,"The flames rose and crackled majestically over the settlement, and it lifted all our spirits considerably.",description,ThoughtDef/ThoughtDef.xml,def
VME_GloriousBonfire.stages.0.label,glorious bonfire,label,ThoughtDef/ThoughtDef.xml,def
VME_GloriousBonfire.stages.0.description,It was super fun and we really connected with each other with the shared experience.,description,ThoughtDef/ThoughtDef.xml,def
VME_TerribleCeremonialSuicide.stages.0.label,terrible ceremonial suicide,label,ThoughtDef/ThoughtDef.xml,def
VME_TerribleCeremonialSuicide.stages.0.description,That ceremonial suicide was terrible. The blade was thrust laterally and there was blood and entrails everywhere. Disgusting!,description,ThoughtDef/ThoughtDef.xml,def
VME_BoringCeremonialSuicide.stages.0.label,boring ceremonial suicide,label,ThoughtDef/ThoughtDef.xml,def
VME_BoringCeremonialSuicide.stages.0.description,That ceremonial suicide was not good. The speech seemed forced. At the very least we have restored the honor of our colony.,description,ThoughtDef/ThoughtDef.xml,def
VME_HonorableCeremonialSuicide.stages.0.label,honorable ceremonial suicide,label,ThoughtDef/ThoughtDef.xml,def
VME_HonorableCeremonialSuicide.stages.0.description,A honorable ceremonial suicide. The shadow of defeat no longer clouds our minds.,description,ThoughtDef/ThoughtDef.xml,def
VME_UnforgettableCeremonialSuicide.stages.0.label,unforgettable ceremonial suicide,label,ThoughtDef/ThoughtDef.xml,def
VME_UnforgettableCeremonialSuicide.stages.0.description,"That ceremonial suicide was unforgettable! Everyone will remember the courage, self-control, and strong resolve. The honor of our colony is now spotless.",description,ThoughtDef/ThoughtDef.xml,def
VME_SquamousIncantation.stages.0.label,squamous incantation,label,ThoughtDef/ThoughtDef.xml,def
VME_SquamousIncantation.stages.0.description,"An indescribably hideous gibbering! I'd even describe it as squamous, but I don't even know what that is! An unutterable word!",description,ThoughtDef/ThoughtDef.xml,def
VME_AccursedIncantation.stages.0.label,accursed incantation,label,ThoughtDef/ThoughtDef.xml,def
VME_AccursedIncantation.stages.0.description,"A litany of dark morbidities expressed in crime, perversion, and insanity.",description,ThoughtDef/ThoughtDef.xml,def
VME_BlasphemousIncantation.stages.0.label,blasphemous incantation,label,ThoughtDef/ThoughtDef.xml,def
VME_BlasphemousIncantation.stages.0.description,A promise of hidden and fathomless worlds of strange life which pulsate in the gulfs beyond the stars and press hideously upon our own globe in unholy dimensions which only the dead and the moonstruck can glimpse.,description,ThoughtDef/ThoughtDef.xml,def
VME_LoathsomeIncantation.stages.0.label,loathsome incantation,label,ThoughtDef/ThoughtDef.xml,def
VME_LoathsomeIncantation.stages.0.description,"We live on a placid island of ignorance in the midst of black seas of infinity, and it was not meant that we should voyage far.",description,ThoughtDef/ThoughtDef.xml,def
VME_UninterestingInsectoidHymn.stages.0.label,uninteresting insectoid hymn,label,ThoughtDef/ThoughtDef.xml,def
VME_UninterestingInsectoidHymn.stages.0.description,"What an incredibly uninteresting ritual. Yeah, yeah, insects are cool. Bah.",description,ThoughtDef/ThoughtDef.xml,def
VME_AwkwardInsectoidHymn.stages.0.label,awkward insectoid hymn,label,ThoughtDef/ThoughtDef.xml,def
VME_AwkwardInsectoidHymn.stages.0.description,"The speech was repetitive, and it did nothing to convince me of the divinity of our beloved insects.",description,ThoughtDef/ThoughtDef.xml,def
VME_RousingInsectoidHymn.stages.0.label,rousing insectoid hymn,label,ThoughtDef/ThoughtDef.xml,def
VME_RousingInsectoidHymn.stages.0.description,The chanter showed impressing skill and the hymn appropriately extolled the virtues of our way of life.,description,ThoughtDef/ThoughtDef.xml,def
VME_EntrancingInsectoidHymn.stages.0.label,entrancing insectoid hymn,label,ThoughtDef/ThoughtDef.xml,def
VME_EntrancingInsectoidHymn.stages.0.description,"I can still hear the mesmerizing words of the hymn, like a myriad insectile legs crawling all over our bodies.",description,ThoughtDef/ThoughtDef.xml,def
VME_TerribleLeadershipChallenge.stages.0.label,terrible leadership challenge,label,ThoughtDef/ThoughtDef.xml,def
VME_TerribleLeadershipChallenge.stages.0.description,"That leadership challenge was terrible. Watching it just made people sad. I guess we have a strong leader, at least...",description,ThoughtDef/ThoughtDef.xml,def
VME_BoringLeadershipChallenge.stages.0.label,boring leadership challenge,label,ThoughtDef/ThoughtDef.xml,def
VME_BoringLeadershipChallenge.stages.0.description,"That leadership challenge was not good. The fighters wouldn't commit, so there were no exciting moments. At least our leader is the strongest.",description,ThoughtDef/ThoughtDef.xml,def
VME_GoodLeadershipChallenge.stages.0.label,good leadership challenge,label,ThoughtDef/ThoughtDef.xml,def
VME_GoodLeadershipChallenge.stages.0.description,A good leadership challenge. The fighters went for blood and showed real heart. We now know that our leader is the strongest.,description,ThoughtDef/ThoughtDef.xml,def
VME_UnforgettableLeadershipChallenge.stages.0.label,unforgettable leadership challenge,label,ThoughtDef/ThoughtDef.xml,def
VME_UnforgettableLeadershipChallenge.stages.0.description,"That leadership challenge was unforgettable! Both fighters gave all they had, and we know that our leader is now the strongest among us!",description,ThoughtDef/ThoughtDef.xml,def
VME_GrotesqueOrgy.stages.0.label,grotesque orgy,label,ThoughtDef/ThoughtDef.xml,def
VME_GrotesqueOrgy.stages.0.description,"When you think of an orgy, you tend to imagine attractive people. This was... the entire opposite. The mental images will take a while to go away.",description,ThoughtDef/ThoughtDef.xml,def
VME_AwkwardOrgy.stages.0.label,awkward orgy,label,ThoughtDef/ThoughtDef.xml,def
VME_AwkwardOrgy.stages.0.description,"Everyone sat around not knowing exactly what to do, naked bodies laying everywhere. Quite disappointing.",description,ThoughtDef/ThoughtDef.xml,def
VME_SexyOrgy.stages.0.label,sexy orgy,label,ThoughtDef/ThoughtDef.xml,def
VME_SexyOrgy.stages.0.description,We gave ourselves to each other in a communal expression of our deepest passions.,description,ThoughtDef/ThoughtDef.xml,def
VME_ExhilaratingOrgy.stages.0.label,exhilarating orgy,label,ThoughtDef/ThoughtDef.xml,def
VME_ExhilaratingOrgy.stages.0.description,We all donned our high-society masquerade masks and got naked. A barrage of orgasmic sexual ecstasy unlike no other made our bodies tremble with barely concealed excitement.,description,ThoughtDef/ThoughtDef.xml,def
VME_GotSomeLovin.stages.0.label,got some lovin',label,ThoughtDef/ThoughtDef.xml,def
VME_GotSomeLovin.stages.0.description,There's nothing like a tumble between the sheets to lift the mood.,description,ThoughtDef/ThoughtDef.xml,def
VME_TerriblePlagueFestival.stages.0.label,terrible plague festival,label,ThoughtDef/ThoughtDef.xml,def
VME_TerriblePlagueFestival.stages.0.description,"That plague festival was botched and the mood was way off. The corpse laid there, inert, and no holy miasma was liberated from it. What a waste of time!",description,ThoughtDef/ThoughtDef.xml,def
VME_BoringPlagueFestival.stages.0.label,boring plague festival,label,ThoughtDef/ThoughtDef.xml,def
VME_BoringPlagueFestival.stages.0.description,That plague festival was repetitive and the killing technique was noticeably flawed. However the blessed plague is now among us.,description,ThoughtDef/ThoughtDef.xml,def
VME_SatisfyingPlagueFestival.stages.0.label,satisfying plague festival,label,ThoughtDef/ThoughtDef.xml,def
VME_SatisfyingPlagueFestival.stages.0.description,"That plague festival was satisfying and a holy miasma was liberated from the corpse, bathing us all in a sacred plague wind.",description,ThoughtDef/ThoughtDef.xml,def
VME_SpectacularPlagueFestival.stages.0.label,spectacular plague festival,label,ThoughtDef/ThoughtDef.xml,def
VME_SpectacularPlagueFestival.stages.0.description,"The blood! The release! That plague festival brought everyone to the edge of a frenzy and a sacred plague wind wafted from the animal's corpse, blessing us.",description,ThoughtDef/ThoughtDef.xml,def
VME_DemagogicSlaveEmancipation.stages.0.label,demagogic slave emancipation,label,ThoughtDef/ThoughtDef.xml,def
VME_DemagogicSlaveEmancipation.stages.0.description,"We ended up looking as the evil guys here... With such a display, it's unlikely anyone will freely want to join the colony.",description,ThoughtDef/ThoughtDef.xml,def
VME_FreethinkingSlaveEmancipation.stages.0.label,freethinking slave emancipation,label,ThoughtDef/ThoughtDef.xml,def
VME_FreethinkingSlaveEmancipation.stages.0.description,"Our leader's speech was clear and succint, explaining all the evils of slavery in a concise way.",description,ThoughtDef/ThoughtDef.xml,def
VME_UnshacklingSlaveEmancipation.stages.0.label,unshackling slave emancipation,label,ThoughtDef/ThoughtDef.xml,def
VME_UnshacklingSlaveEmancipation.stages.0.description,"Our leader's speech was very inspiring, detailing all the evils caused by slavery and the immense advantages of a free society.",description,ThoughtDef/ThoughtDef.xml,def
VME_LiberatingSlaveEmancipation.stages.0.label,liberating slave emancipation,label,ThoughtDef/ThoughtDef.xml,def
VME_LiberatingSlaveEmancipation.stages.0.description,"Our leader's speech was a masterclass in extolling the virtues of a free society, liberated for the shackles of slavery.",description,ThoughtDef/ThoughtDef.xml,def
VME_AmazingSlaveEmancipation.stages.0.label,amazing slave emancipation,label,ThoughtDef/ThoughtDef.xml,def
VME_AmazingSlaveEmancipation.stages.0.description,"Legends will be told about our leader's speech, and how those words will resonate in the future, elevating the cause of emancipation.",description,ThoughtDef/ThoughtDef.xml,def
VME_PoorlyOrganizedTradingFair.stages.0.label,poorly organized trading fair,label,ThoughtDef/ThoughtDef.xml,def
VME_PoorlyOrganizedTradingFair.stages.0.description,"With such a low quality effort, no additional caravans will be attracted to our settlement...",description,ThoughtDef/ThoughtDef.xml,def
VME_UnexcitingTradingFair.stages.0.label,unexciting trading fair,label,ThoughtDef/ThoughtDef.xml,def
VME_UnexcitingTradingFair.stages.0.description,"Some exciting transactions took place, but the majority of it was boring business talk.",description,ThoughtDef/ThoughtDef.xml,def
VME_WellOrganizedTradingFair.stages.0.label,well organized trading fair,label,ThoughtDef/ThoughtDef.xml,def
VME_WellOrganizedTradingFair.stages.0.description,There was a lot of back and forth and networking.,description,ThoughtDef/ThoughtDef.xml,def
VME_WondrousTradingFair.stages.0.label,wondrous trading fair,label,ThoughtDef/ThoughtDef.xml,def
VME_WondrousTradingFair.stages.0.description,"We discussed exciting and innovative economical paradigms, and our settlement will be renowned as a center of finance learning.",description,ThoughtDef/ThoughtDef.xml,def
VME_CheapTradingFair.stages.0.label,we tried to be cheap,label,ThoughtDef/ThoughtDef.xml,def
VME_CheapTradingFair.stages.0.description,We tried to organize a trading fair without spending any money on it. It is shameful to be so cheap.,description,ThoughtDef/ThoughtDef.xml,def
VME_AwkwardViolentConversion.stages.0.label,awkward violent conversion,label,ThoughtDef/ThoughtDef.xml,def
VME_AwkwardViolentConversion.stages.0.description,That violent conversion was awkward. The words were vague and unconvincing.,description,ThoughtDef/ThoughtDef.xml,def
VME_SatisfyingViolentConversion.stages.0.label,satisfying violent conversion,label,ThoughtDef/ThoughtDef.xml,def
VME_SatisfyingViolentConversion.stages.0.description,That violent conversion was satisfying. The speech was stirring and enjoyable to listen to.,description,ThoughtDef/ThoughtDef.xml,def
VME_SpectacularViolentConversion.stages.0.label,spectacular violent conversion,label,ThoughtDef/ThoughtDef.xml,def
VME_SpectacularViolentConversion.stages.0.description,That violent conversion was electrifying! Surely our beliefs will prevail over any others!,description,ThoughtDef/ThoughtDef.xml,def
VME_TerribleWickerManBurning.stages.0.label,terrible wicker man burning,label,ThoughtDef/ThoughtDef.xml,def
VME_TerribleWickerManBurning.stages.0.description,"The whole ritual smelled like rotten bacon. And, inexplicably the prisoner kept shouting ""No! Not the bees!"". What was that all about?",description,ThoughtDef/ThoughtDef.xml,def
VME_LacklusterWickerManBurning.stages.0.label,lackluster wicker man burning,label,ThoughtDef/ThoughtDef.xml,def
VME_LacklusterWickerManBurning.stages.0.description,"The prisoner just burned to death too fast, and the fire didn't even lift our spirits much.",description,ThoughtDef/ThoughtDef.xml,def
VME_GoodWickerManBurning.stages.0.label,good wicker man burning,label,ThoughtDef/ThoughtDef.xml,def
VME_GoodWickerManBurning.stages.0.description,"The anguished cries of the prisoner will resonate with us for a long time, another soul consumed by the flames.",description,ThoughtDef/ThoughtDef.xml,def
VME_GloriousWickerManBurning.stages.0.label,glorious wicker man burning,label,ThoughtDef/ThoughtDef.xml,def
VME_GloriousWickerManBurning.stages.0.description,"We will forever remember the thrashing of the prisoner, the frightened crescendo of screams as another soul was consumed by the holy flames.",description,ThoughtDef/ThoughtDef.xml,def
VME_BonfireBehaviour.roles.0.label,fireKeeper,label,RitualBehaviorDef/RitualBehaviorDef.xml,def
VME_BonfireOutcome.description,"Depending on ritual quality, participants will receive a recreation boost that last between 4 hours and 3 days that will raise their recreation bar. They'll also get between {MINMOOD} and {MAXMOOD} mood for {MOODDAYS} days.\n\nThe ritual bonfire will stay lit for at least two quadrums, providing a beauty bonus nearby and counting towards the number of fires around for the Fire: Desired precept.",description,RitualOutcomeEffectDef/RitualOutcomeEffectDef.xml,def
VME_BonfireOutcome.comps.0.label,{PAWN_labelShort}'s social impact,label,RitualOutcomeEffectDef/RitualOutcomeEffectDef.xml,def
VME_BonfireOutcome.comps.1.label,participant count,label,RitualOutcomeEffectDef/RitualOutcomeEffectDef.xml,def
VME_BonfireOutcome.outcomeChances.0.label,Terrible,label,RitualOutcomeEffectDef/RitualOutcomeEffectDef.xml,def
VME_BonfireOutcome.outcomeChances.0.description,"The {0} was terrible! Some pathetic little flames drifted around, and they went away too soon (no recreation effect applied).",description,RitualOutcomeEffectDef/RitualOutcomeEffectDef.xml,def
VME_BonfireOutcome.outcomeChances.1.label,Lackluster,label,RitualOutcomeEffectDef/RitualOutcomeEffectDef.xml,def
VME_BonfireOutcome.outcomeChances.1.description,"The {0} was lackluster. We were expecting a wondrous conflagration, and instead we got an oversized campfire. At least it was kinda entertaining.\n\nRecreation of all participants will be raised for 4 hours.",description,RitualOutcomeEffectDef/RitualOutcomeEffectDef.xml,def
VME_BonfireOutcome.outcomeChances.2.label,Good,label,RitualOutcomeEffectDef/RitualOutcomeEffectDef.xml,def
VME_BonfireOutcome.outcomeChances.2.description,"The {0} was good. The flames rose and crackled majestically over the settlement, and it lifted all our spirits considerably.\n\nRecreation of all participants will be raised for 1 day.",description,RitualOutcomeEffectDef/RitualOutcomeEffectDef.xml,def
VME_BonfireOutcome.outcomeChances.3.label,Glorious,label,RitualOutcomeEffectDef/RitualOutcomeEffectDef.xml,def
VME_BonfireOutcome.outcomeChances.3.description,The {0} was glorious! It was super fun and we really connected with each other with the shared experience.\n\nRecreation of all participants will be raised for 3 days.,description,RitualOutcomeEffectDef/RitualOutcomeEffectDef.xml,def
VME_CeremonialSuicideRitualBehaviour.roles.0.label,suicidal colonist,label,RitualBehaviorDef/RitualBehaviorDef.xml,def
VME_CeremonialSuicideRitualOutcome.description,"Depending on ritual quality, participants will get between {MINMOOD} and {MAXMOOD} mood for {MOODDAYS} days. All participants must be healthy to attend.",description,RitualOutcomeEffectDef/RitualOutcomeEffectDef.xml,def
VME_CeremonialSuicideRitualOutcome.comps.0.label,{PAWN_labelShort}'s social impact,label,RitualOutcomeEffectDef/RitualOutcomeEffectDef.xml,def
VME_CeremonialSuicideRitualOutcome.comps.1.label,room impressiveness,label,RitualOutcomeEffectDef/RitualOutcomeEffectDef.xml,def
VME_CeremonialSuicideRitualOutcome.comps.2.label,participant count,label,RitualOutcomeEffectDef/RitualOutcomeEffectDef.xml,def
VME_CeremonialSuicideRitualOutcome.outcomeChances.0.label,Terrible,label,RitualOutcomeEffectDef/RitualOutcomeEffectDef.xml,def
VME_CeremonialSuicideRitualOutcome.outcomeChances.0.description,The {0} was terrible! The blade was thrust laterally and there was blood and entrails everywhere. Disgusting!,description,RitualOutcomeEffectDef/RitualOutcomeEffectDef.xml,def
VME_CeremonialSuicideRitualOutcome.outcomeChances.1.label,Boring,label,RitualOutcomeEffectDef/RitualOutcomeEffectDef.xml,def
VME_CeremonialSuicideRitualOutcome.outcomeChances.1.description,The {0} was boring. The speech seemed forced. At the very least we have restored the honor of our colony.,description,RitualOutcomeEffectDef/RitualOutcomeEffectDef.xml,def
VME_CeremonialSuicideRitualOutcome.outcomeChances.2.label,Honorable,label,RitualOutcomeEffectDef/RitualOutcomeEffectDef.xml,def
VME_CeremonialSuicideRitualOutcome.outcomeChances.2.description,The {0} has restored the honor of our colony. The shadow of defeat no longer clouds our minds.,description,RitualOutcomeEffectDef/RitualOutcomeEffectDef.xml,def
VME_CeremonialSuicideRitualOutcome.outcomeChances.3.label,Unforgettable,label,RitualOutcomeEffectDef/RitualOutcomeEffectDef.xml,def
VME_CeremonialSuicideRitualOutcome.outcomeChances.3.description,"The {0} was unforgettable! Everyone will remember the courage, self-control, and strong resolve. The honor of our colony is now spotless.",description,RitualOutcomeEffectDef/RitualOutcomeEffectDef.xml,def
VME_DivineStarsRitualBehaviour.roles.0.label,astrologer,label,RitualBehaviorDef/RitualBehaviorDef.xml,def
VME_DivineStarsRitualOutcome.description,"Participants will get completely random results, with no regard for ritual quality.",description,RitualOutcomeEffectDef/RitualOutcomeEffectDef.xml,def
VME_DivineStarsRitualOutcome.comps.0.label,{PAWN_labelShort}'s social impact,label,RitualOutcomeEffectDef/RitualOutcomeEffectDef.xml,def
VME_DivineStarsRitualOutcome.comps.1.label,participant count,label,RitualOutcomeEffectDef/RitualOutcomeEffectDef.xml,def
VME_DivineStarsRitualOutcome.outcomeChances.0.label,Inscrutable,label,RitualOutcomeEffectDef/RitualOutcomeEffectDef.xml,def
VME_DivineStarsRitualOutcome.outcomeChances.0.description,Our destiny has been revealed by the stars.,description,RitualOutcomeEffectDef/RitualOutcomeEffectDef.xml,def
VME_DivineStarsRitualOutcome.outcomeChances.1.label,Inscrutable,label,RitualOutcomeEffectDef/RitualOutcomeEffectDef.xml,def
VME_DivineStarsRitualOutcome.outcomeChances.1.description,Our destiny has been revealed by the stars.,description,RitualOutcomeEffectDef/RitualOutcomeEffectDef.xml,def
VME_IncantationBehavior.roles.0.label,speaker,label,RitualBehaviorDef/RitualBehaviorDef.xml,def
VME_IncantationOutcome.description,"If the incantation ritual goes well (positive outcome) it will increase the corruption need of all participants by 20%, as well as provide a mood bonus.",description,RitualOutcomeEffectDef/RitualOutcomeEffectDef.xml,def
VME_IncantationOutcome.comps.0.label,room impressiveness,label,RitualOutcomeEffectDef/RitualOutcomeEffectDef.xml,def
VME_IncantationOutcome.comps.1.label,participant count,label,RitualOutcomeEffectDef/RitualOutcomeEffectDef.xml,def
VME_IncantationOutcome.comps.2.label,{PAWN_labelShort}'s social impact,label,RitualOutcomeEffectDef/RitualOutcomeEffectDef.xml,def
VME_IncantationOutcome.outcomeChances.0.label,Squamous,label,RitualOutcomeEffectDef/RitualOutcomeEffectDef.xml,def
VME_IncantationOutcome.outcomeChances.0.description,"The {0} was abnormal! An indescribably hideous gibbering! We'd even describe it as squamous, but we don't even know what that is! An unutterable word!",description,RitualOutcomeEffectDef/RitualOutcomeEffectDef.xml,def
VME_IncantationOutcome.outcomeChances.1.label,Accursed,label,RitualOutcomeEffectDef/RitualOutcomeEffectDef.xml,def
VME_IncantationOutcome.outcomeChances.1.description,"The {0} was suitably accursed. A litany of dark morbidities expressed in crime, perversion, and insanity.",description,RitualOutcomeEffectDef/RitualOutcomeEffectDef.xml,def
VME_IncantationOutcome.outcomeChances.2.label,Blasphemous,label,RitualOutcomeEffectDef/RitualOutcomeEffectDef.xml,def
VME_IncantationOutcome.outcomeChances.2.description,The {0} was blasphemous. A promise of hidden and fathomless worlds of strange life which pulsate in the gulfs beyond the stars and press hideously upon our own globe in unholy dimensions which only the dead and the moonstruck can glimpse.,description,RitualOutcomeEffectDef/RitualOutcomeEffectDef.xml,def
VME_IncantationOutcome.outcomeChances.3.label,Loathsome,label,RitualOutcomeEffectDef/RitualOutcomeEffectDef.xml,def
VME_IncantationOutcome.outcomeChances.3.description,"The {0} was loathsome! We live on a placid island of ignorance in the midst of black seas of infinity, and it was not meant that we should voyage far.",description,RitualOutcomeEffectDef/RitualOutcomeEffectDef.xml,def
VME_InsectoidHymnRitualBehaviour.roles.0.label,chanter,label,RitualBehaviorDef/RitualBehaviorDef.xml,def
VME_InsectoidHymnRitualOutcome.description,"Depending on ritual quality, participants will get between {MINMOOD} and {MAXMOOD} mood for {MOODDAYS} days.",description,RitualOutcomeEffectDef/RitualOutcomeEffectDef.xml,def
VME_InsectoidHymnRitualOutcome.comps.0.label,chanter present,label,RitualOutcomeEffectDef/RitualOutcomeEffectDef.xml,def
VME_InsectoidHymnRitualOutcome.comps.1.label,participant count,label,RitualOutcomeEffectDef/RitualOutcomeEffectDef.xml,def
VME_InsectoidHymnRitualOutcome.comps.2.label,room impressiveness,label,RitualOutcomeEffectDef/RitualOutcomeEffectDef.xml,def
VME_InsectoidHymnRitualOutcome.outcomeChances.0.label,Uninteresting,label,RitualOutcomeEffectDef/RitualOutcomeEffectDef.xml,def
VME_InsectoidHymnRitualOutcome.outcomeChances.0.description,"The {0} was incredibly uninteresting. Yeah, yeah, insects are cool. Bah.\n\nThe ritual had no effect over the insectoid herder's nest building ability.",description,RitualOutcomeEffectDef/RitualOutcomeEffectDef.xml,def
VME_InsectoidHymnRitualOutcome.outcomeChances.1.label,Awkward,label,RitualOutcomeEffectDef/RitualOutcomeEffectDef.xml,def
VME_InsectoidHymnRitualOutcome.outcomeChances.1.description,"The {0} was awkward. The speech was repetitive, and it did nothing to convince us of the divinity of our beloved insects.\n\nThe ritual had no effect over the insectoid herder's nest building ability.",description,RitualOutcomeEffectDef/RitualOutcomeEffectDef.xml,def
VME_InsectoidHymnRitualOutcome.outcomeChances.2.label,Rousing,label,RitualOutcomeEffectDef/RitualOutcomeEffectDef.xml,def
VME_InsectoidHymnRitualOutcome.outcomeChances.2.description,The {0} was very rousing. The chanter showed impressing skill and the hymn appropriately extolled the virtues of our way of life.\n\nThe ritual refreshed the cooldown of the insectoid herder's nest building ability.,description,RitualOutcomeEffectDef/RitualOutcomeEffectDef.xml,def
VME_InsectoidHymnRitualOutcome.outcomeChances.3.label,Entrancing,label,RitualOutcomeEffectDef/RitualOutcomeEffectDef.xml,def
VME_InsectoidHymnRitualOutcome.outcomeChances.3.description,"The {0} was entrancing! We can still hear the mesmerizing words of the hymn, like a myriad insectile legs crawling all over our bodies.\n\nThe ritual refreshed the cooldown of the insectoid herder's nest building ability.\n\nThe ritual also made any insectoids that were assaulting the colony flee.",description,RitualOutcomeEffectDef/RitualOutcomeEffectDef.xml,def
VME_LeaderConversionBehavior.roles.0.label,speaker,label,RitualBehaviorDef/RitualBehaviorDef.xml,def
VME_LeaderConversionBehavior.roles.1.label,convertee,label,RitualBehaviorDef/RitualBehaviorDef.xml,def
VME_LeaderConversionOutcome.description,"If it goes well, target's ideoligion certainty will be reduced or they will convert. If it goes badly, they will gain certainty in their old beliefs.",description,RitualOutcomeEffectDef/RitualOutcomeEffectDef.xml,def
VME_LeaderConversionOutcome.comps.0.label,room impressiveness,label,RitualOutcomeEffectDef/RitualOutcomeEffectDef.xml,def
VME_LeaderConversionOutcome.comps.1.label,participant count,label,RitualOutcomeEffectDef/RitualOutcomeEffectDef.xml,def
VME_LeaderConversionOutcome.comps.2.label,{PAWN_labelShort}'s social impact,label,RitualOutcomeEffectDef/RitualOutcomeEffectDef.xml,def
VME_LeaderConversionOutcome.comps.3.label,{PAWN_labelShort}'s expectations,label,RitualOutcomeEffectDef/RitualOutcomeEffectDef.xml,def
VME_LeaderConversionOutcome.outcomeChances.0.label,Terrible,label,RitualOutcomeEffectDef/RitualOutcomeEffectDef.xml,def
VME_LeaderConversionOutcome.outcomeChances.0.description,"The {0} was terrible! From the first word, it was a fruitless back-and-forth argument. It dragged on for a cringe-inducingly long time.",description,RitualOutcomeEffectDef/RitualOutcomeEffectDef.xml,def
VME_LeaderConversionOutcome.outcomeChances.1.label,Ineffective,label,RitualOutcomeEffectDef/RitualOutcomeEffectDef.xml,def
VME_LeaderConversionOutcome.outcomeChances.1.description,"The {0} was ineffective. Most of the arguments were unclear, and the convertee countered those that made sense.",description,RitualOutcomeEffectDef/RitualOutcomeEffectDef.xml,def
VME_LeaderConversionOutcome.outcomeChances.2.label,Effective,label,RitualOutcomeEffectDef/RitualOutcomeEffectDef.xml,def
VME_LeaderConversionOutcome.outcomeChances.2.description,"The {0} was effective. The speech not only delivered solid arguments and visibly swayed the convertee's thoughts, but kept the crowd entertained as well.",description,RitualOutcomeEffectDef/RitualOutcomeEffectDef.xml,def
VME_LeaderConversionOutcome.outcomeChances.3.label,Masterful,label,RitualOutcomeEffectDef/RitualOutcomeEffectDef.xml,def
VME_LeaderConversionOutcome.outcomeChances.3.description,"The {0} was masterful! Old beliefs seemed to dissolve effortlessly and inevitably, and our true knowledge was accepted.",description,RitualOutcomeEffectDef/RitualOutcomeEffectDef.xml,def
VME_LeadershipChallengeRitualBehaviour.roles.0.label,speaker,label,RitualBehaviorDef/RitualBehaviorDef.xml,def
VME_LeadershipChallengeRitualBehaviour.roles.1.label,duelist,label,RitualBehaviorDef/RitualBehaviorDef.xml,def
VME_LeadershipChallengeRitualBehaviour.roles.1.missingDesc,the current leader,missingDesc,RitualBehaviorDef/RitualBehaviorDef.xml,def
VME_LeadershipChallengeRitualBehaviour.roles.2.label,duelist2,label,RitualBehaviorDef/RitualBehaviorDef.xml,def
VME_LeadershipChallengeRitualBehaviour.roles.2.missingDesc,a colonist with the highest melee skill,missingDesc,RitualBehaviorDef/RitualBehaviorDef.xml,def
VME_LeadershipChallengeRitualOutcome.description,"Depending on ritual quality, participants will get between {MINMOOD} and {MAXMOOD} mood for {MOODDAYS} days.",description,RitualOutcomeEffectDef/RitualOutcomeEffectDef.xml,def
VME_LeadershipChallengeRitualOutcome.comps.0.label,challenge organizer present,label,RitualOutcomeEffectDef/RitualOutcomeEffectDef.xml,def
VME_LeadershipChallengeRitualOutcome.comps.1.label,room impressiveness,label,RitualOutcomeEffectDef/RitualOutcomeEffectDef.xml,def
VME_LeadershipChallengeRitualOutcome.comps.2.label,{PAWN_labelShort}'s social impact,label,RitualOutcomeEffectDef/RitualOutcomeEffectDef.xml,def
VME_LeadershipChallengeRitualOutcome.comps.3.label,participant count,label,RitualOutcomeEffectDef/RitualOutcomeEffectDef.xml,def
VME_LeadershipChallengeRitualOutcome.outcomeChances.0.label,Terrible,label,RitualOutcomeEffectDef/RitualOutcomeEffectDef.xml,def
VME_LeadershipChallengeRitualOutcome.outcomeChances.0.description,"The leadership challenge was terrible! The fighters bumbled around, ineptly avoiding each other in a extended display of cowardice and weakness. Watching it just made people sad.",description,RitualOutcomeEffectDef/RitualOutcomeEffectDef.xml,def
VME_LeadershipChallengeRitualOutcome.outcomeChances.1.label,Boring,label,RitualOutcomeEffectDef/RitualOutcomeEffectDef.xml,def
VME_LeadershipChallengeRitualOutcome.outcomeChances.1.description,"The leadership challenge was boring. The fighters wouldn't commit, so there were no exciting moments. At least our leader is the strongest.",description,RitualOutcomeEffectDef/RitualOutcomeEffectDef.xml,def
VME_LeadershipChallengeRitualOutcome.outcomeChances.2.label,Good,label,RitualOutcomeEffectDef/RitualOutcomeEffectDef.xml,def
VME_LeadershipChallengeRitualOutcome.outcomeChances.2.description,The leadership challenge was good. The fighters went for blood and showed real heart. We now know that our leader is the strongest.,description,RitualOutcomeEffectDef/RitualOutcomeEffectDef.xml,def
VME_LeadershipChallengeRitualOutcome.outcomeChances.3.label,Unforgettable,label,RitualOutcomeEffectDef/RitualOutcomeEffectDef.xml,def
VME_LeadershipChallengeRitualOutcome.outcomeChances.3.description,"The leadership challenge was unforgettable! Both fighters gave all they had, and we know that our leader is now the strongest among us!",description,RitualOutcomeEffectDef/RitualOutcomeEffectDef.xml,def
VME_OrgyRitualBehaviour.spectatorFilter.description,Participants must be consenting adults.,description,RitualBehaviorDef/RitualBehaviorDef.xml,def
VME_OrgyRitualBehaviour.roles.0.label,orgy organizer,label,RitualBehaviorDef/RitualBehaviorDef.xml,def
VME_OrgyRitualOutcome.description,"Every participant will get a ""got some lovin'"" memory, but the negative effects of a bad quality orgy will be much more severe than usual. Depending on ritual quality, participants will get between {MINMOOD} and {MAXMOOD} mood for {MOODDAYS} days.\nNote that all participants must be consenting adults. If the moral guide is not an adult the ritual will appear as blocked.",description,RitualOutcomeEffectDef/RitualOutcomeEffectDef.xml,def
VME_OrgyRitualOutcome.comps.0.label,orgy organizer present,label,RitualOutcomeEffectDef/RitualOutcomeEffectDef.xml,def
VME_OrgyRitualOutcome.comps.1.label,room impressiveness,label,RitualOutcomeEffectDef/RitualOutcomeEffectDef.xml,def
VME_OrgyRitualOutcome.comps.2.label,{PAWN_labelShort}'s social impact,label,RitualOutcomeEffectDef/RitualOutcomeEffectDef.xml,def
VME_OrgyRitualOutcome.comps.3.label,participant count,label,RitualOutcomeEffectDef/RitualOutcomeEffectDef.xml,def
VME_OrgyRitualOutcome.outcomeChances.0.label,Grotesque,label,RitualOutcomeEffectDef/RitualOutcomeEffectDef.xml,def
VME_OrgyRitualOutcome.outcomeChances.0.description,"The {0} was grotesque! When you think of an orgy, you tend to imagine attractive people. This was... the entire opposite. The mental images will take a while to go away.",description,RitualOutcomeEffectDef/RitualOutcomeEffectDef.xml,def
VME_OrgyRitualOutcome.outcomeChances.1.label,Awkward,label,RitualOutcomeEffectDef/RitualOutcomeEffectDef.xml,def
VME_OrgyRitualOutcome.outcomeChances.1.description,"The {0} was awkward. Everyone sat around not knowing exactly what to do, naked bodies laying everywhere. Quite disappointing.",description,RitualOutcomeEffectDef/RitualOutcomeEffectDef.xml,def
VME_OrgyRitualOutcome.outcomeChances.2.label,Sexy,label,RitualOutcomeEffectDef/RitualOutcomeEffectDef.xml,def
VME_OrgyRitualOutcome.outcomeChances.2.description,The {0} was very sexy. We gave ourselves to each other in a communal expression of our deepest passions.,description,RitualOutcomeEffectDef/RitualOutcomeEffectDef.xml,def
VME_OrgyRitualOutcome.outcomeChances.3.label,Exhilarating,label,RitualOutcomeEffectDef/RitualOutcomeEffectDef.xml,def
VME_OrgyRitualOutcome.outcomeChances.3.description,The {0} was exhilarating! We all donned our high-society masquerade masks and uncovered our bodies. A barrage of ecstasy unlike no other made our bodies tremble with barely concealed excitement.,description,RitualOutcomeEffectDef/RitualOutcomeEffectDef.xml,def
VME_PlagueFestivalRitualBehaviour.roles.0.label,sacrifice,label,RitualBehaviorDef/RitualBehaviorDef.xml,def
VME_PlagueFestivalRitualBehaviour.roles.0.missingDesc,an animal with body size of at least 0.8,missingDesc,RitualBehaviorDef/RitualBehaviorDef.xml,def
VME_PlagueFestivalRitualOutcome.description,"Depending on ritual quality, participants will get between {MINMOOD} and {MAXMOOD} mood for {MOODDAYS} days. If the ritual is boring or better, it will reward all participants with the Plague.",description,RitualOutcomeEffectDef/RitualOutcomeEffectDef.xml,def
VME_PlagueFestivalRitualOutcome.comps.2.label,moral guide present,label,RitualOutcomeEffectDef/RitualOutcomeEffectDef.xml,def
VME_PlagueFestivalRitualOutcome.comps.3.label,participant count,label,RitualOutcomeEffectDef/RitualOutcomeEffectDef.xml,def
VME_PlagueFestivalRitualOutcome.comps.4.label,started at altar,label,RitualOutcomeEffectDef/RitualOutcomeEffectDef.xml,def
VME_PlagueFestivalRitualOutcome.comps.4.expectedThingLabelTip,an altar,expectedThingLabelTip,RitualOutcomeEffectDef/RitualOutcomeEffectDef.xml,def
VME_PlagueFestivalRitualOutcome.outcomeChances.0.label,Terrible,label,RitualOutcomeEffectDef/RitualOutcomeEffectDef.xml,def
VME_PlagueFestivalRitualOutcome.outcomeChances.0.description,"The {0} was terrible! The speech was stuttering and incoherent, and the killing technique was botched. The corpse laid there, inert, and no holy miasma was liberated from it. What a waste of time!",description,RitualOutcomeEffectDef/RitualOutcomeEffectDef.xml,def
VME_PlagueFestivalRitualOutcome.outcomeChances.1.label,Boring,label,RitualOutcomeEffectDef/RitualOutcomeEffectDef.xml,def
VME_PlagueFestivalRitualOutcome.outcomeChances.1.description,The {0} was boring. The speech was repetitive and the killing technique was noticeably flawed. However the blessed plague is now among us.,description,RitualOutcomeEffectDef/RitualOutcomeEffectDef.xml,def
VME_PlagueFestivalRitualOutcome.outcomeChances.2.label,Satisfying,label,RitualOutcomeEffectDef/RitualOutcomeEffectDef.xml,def
VME_PlagueFestivalRitualOutcome.outcomeChances.2.description,"The {0} was satisfying. The speech felt meaningful, and a holy miasma was liberated from the corpse, bathing us all in a sacred plague wind.",description,RitualOutcomeEffectDef/RitualOutcomeEffectDef.xml,def
VME_PlagueFestivalRitualOutcome.outcomeChances.3.label,Spectacular,label,RitualOutcomeEffectDef/RitualOutcomeEffectDef.xml,def
VME_PlagueFestivalRitualOutcome.outcomeChances.3.description,"The {0} was spectacular! The speech brought everyone to the edge of a frenzy and a sacred plague wind wafted from the animal's corpse, blessing us.",description,RitualOutcomeEffectDef/RitualOutcomeEffectDef.xml,def
VME_SlaveEmancipationBehavior.roles.0.label,speaker,label,RitualBehaviorDef/RitualBehaviorDef.xml,def
VME_SlaveEmancipationBehavior.roles.1.label,slaves,label,RitualBehaviorDef/RitualBehaviorDef.xml,def
VME_SlaveEmancipationBehavior.roles.1.missingDesc,slaves,missingDesc,RitualBehaviorDef/RitualBehaviorDef.xml,def
VME_SlaveEmancipationOutcome.description,"Depending on ritual quality, participants will get between {MINMOOD} and {MAXMOOD} mood for {MOODDAYS} days.",description,RitualOutcomeEffectDef/RitualOutcomeEffectDef.xml,def
VME_SlaveEmancipationOutcome.comps.0.label,room impressiveness,label,RitualOutcomeEffectDef/RitualOutcomeEffectDef.xml,def
VME_SlaveEmancipationOutcome.comps.1.label,participant count,label,RitualOutcomeEffectDef/RitualOutcomeEffectDef.xml,def
VME_SlaveEmancipationOutcome.comps.2.label,{PAWN_labelShort}'s social impact,label,RitualOutcomeEffectDef/RitualOutcomeEffectDef.xml,def
VME_SlaveEmancipationOutcome.outcomeChances.0.label,Demagogic,label,RitualOutcomeEffectDef/RitualOutcomeEffectDef.xml,def
VME_SlaveEmancipationOutcome.outcomeChances.0.description,"The {0} was horribly demagogic! We ended up looking as the evil guys here... With such a display, it's unlikely anyone will freely want to join the colony.",description,RitualOutcomeEffectDef/RitualOutcomeEffectDef.xml,def
VME_SlaveEmancipationOutcome.outcomeChances.1.label,Freethinking,label,RitualOutcomeEffectDef/RitualOutcomeEffectDef.xml,def
VME_SlaveEmancipationOutcome.outcomeChances.1.description,"The {0} was a nice display of freethinking. Our leader's speech was clear and succint, explaining all the evils of slavery in a concise way. Participating slaves have a 25% chance of joining the colony.",description,RitualOutcomeEffectDef/RitualOutcomeEffectDef.xml,def
VME_SlaveEmancipationOutcome.outcomeChances.2.label,Unshackling,label,RitualOutcomeEffectDef/RitualOutcomeEffectDef.xml,def
VME_SlaveEmancipationOutcome.outcomeChances.2.description,"The {0} was unshackling. Our leader's speech was very inspiring, detailing all the evils caused by slavery and the immense advantages of a free society. Participating slaves have a 50% chance of joining the colony.",description,RitualOutcomeEffectDef/RitualOutcomeEffectDef.xml,def
VME_SlaveEmancipationOutcome.outcomeChances.3.label,Liberating,label,RitualOutcomeEffectDef/RitualOutcomeEffectDef.xml,def
VME_SlaveEmancipationOutcome.outcomeChances.3.description,"The {0} was liberating! Our leader's speech was a masterclass in extolling the virtues of a free society, liberated for the shackles of slavery. Participating slaves have a 75% chance of joining the colony.",description,RitualOutcomeEffectDef/RitualOutcomeEffectDef.xml,def
VME_SlaveEmancipationOutcome.outcomeChances.4.label,Amazing,label,RitualOutcomeEffectDef/RitualOutcomeEffectDef.xml,def
VME_SlaveEmancipationOutcome.outcomeChances.4.description,"The {0} was amazing! Legends will be told about our leader's speech, and how those words will resonate in the future, elevating the cause of emancipation. Participating slaves have a 100% chance of joining the colony.",description,RitualOutcomeEffectDef/RitualOutcomeEffectDef.xml,def
VME_TradingFairRitualBehaviour.roles.0.label,trading fair organizer,label,RitualBehaviorDef/RitualBehaviorDef.xml,def
VME_TradingFairRitualOutcome.description,"Depending on ritual quality and as long as it is positive, between 1 and 6 trade caravans arrive from friendly factions. Also, depending on ritual quality, participants will get between {MINMOOD} and {MAXMOOD} mood for {MOODDAYS} days.\n\nIf Microelectronics has been researched, you will need to have at least 200 silver near a valid trading beacon for the fair to work properly, or else participants will receive a ""cheap trading fair"" mood penalty.",description,RitualOutcomeEffectDef/RitualOutcomeEffectDef.xml,def
VME_TradingFairRitualOutcome.comps.0.label,trading fair organizer present,label,RitualOutcomeEffectDef/RitualOutcomeEffectDef.xml,def
VME_TradingFairRitualOutcome.comps.1.label,participant count,label,RitualOutcomeEffectDef/RitualOutcomeEffectDef.xml,def
VME_TradingFairRitualOutcome.outcomeChances.0.label,Poorly Organized,label,RitualOutcomeEffectDef/RitualOutcomeEffectDef.xml,def
VME_TradingFairRitualOutcome.outcomeChances.0.description,"The {0} was very poorly organized! With such a low quality effort, no additional caravans will be attracted to our settlement...",description,RitualOutcomeEffectDef/RitualOutcomeEffectDef.xml,def
VME_TradingFairRitualOutcome.outcomeChances.1.label,Unexciting,label,RitualOutcomeEffectDef/RitualOutcomeEffectDef.xml,def
VME_TradingFairRitualOutcome.outcomeChances.1.description,"The {0} was unexciting. Some exciting transactions took place, but the majority of it was boring business talk. Luckily, it was interesting enough to attract a caravan to our settlement, which should arrive soon.",description,RitualOutcomeEffectDef/RitualOutcomeEffectDef.xml,def
VME_TradingFairRitualOutcome.outcomeChances.2.label,Well Organized,label,RitualOutcomeEffectDef/RitualOutcomeEffectDef.xml,def
VME_TradingFairRitualOutcome.outcomeChances.2.description,"The {0} was very well organized. There was a lot of back and forth and networking. Luckily, at least three caravans will be attracted to our settlement, which should arrive soon.",description,RitualOutcomeEffectDef/RitualOutcomeEffectDef.xml,def
VME_TradingFairRitualOutcome.outcomeChances.3.label,Wondrous,label,RitualOutcomeEffectDef/RitualOutcomeEffectDef.xml,def
VME_TradingFairRitualOutcome.outcomeChances.3.description,"The {0} was a wondrous event! We discussed exciting and innovative economical paradigms, and our settlement will be renowned as a center of finance learning. With such a display, at least six caravans will be attracted to our settlement, and they should arrive soon.",description,RitualOutcomeEffectDef/RitualOutcomeEffectDef.xml,def
VME_ViolentConversionRitualBehaviour.spectatorFilter.description,Spectators must be willing to watch the violent conversion.,description,RitualBehaviorDef/RitualBehaviorDef.xml,def
VME_ViolentConversionRitualBehaviour.roles.0.label,inquisitor,label,RitualBehaviorDef/RitualBehaviorDef.xml,def
VME_ViolentConversionRitualBehaviour.roles.1.label,prisoner,label,RitualBehaviorDef/RitualBehaviorDef.xml,def
VME_ViolentConversionRitualBehaviour.roles.1.missingDesc,a prisoner,missingDesc,RitualBehaviorDef/RitualBehaviorDef.xml,def
VME_ViolentConversionRitualOutcome.description,"Violent conversion has a 50% chance of either completely converting the participant to your ideoligion or just being executed. Depending on ritual quality, participants will get between {MINMOOD} and {MAXMOOD} mood for {MOODDAYS} days.",description,RitualOutcomeEffectDef/RitualOutcomeEffectDef.xml,def
VME_ViolentConversionRitualOutcome.comps.0.label,participant count,label,RitualOutcomeEffectDef/RitualOutcomeEffectDef.xml,def
VME_ViolentConversionRitualOutcome.comps.1.label,{PAWN_labelShort}'s social impact,label,RitualOutcomeEffectDef/RitualOutcomeEffectDef.xml,def
VME_ViolentConversionRitualOutcome.comps.2.label,started at altar or ideogram,label,RitualOutcomeEffectDef/RitualOutcomeEffectDef.xml,def
VME_ViolentConversionRitualOutcome.comps.2.expectedThingLabelTip,an altar or an ideogram,expectedThingLabelTip,RitualOutcomeEffectDef/RitualOutcomeEffectDef.xml,def
VME_ViolentConversionRitualOutcome.outcomeChances.0.label,Awkward,label,RitualOutcomeEffectDef/RitualOutcomeEffectDef.xml,def
VME_ViolentConversionRitualOutcome.outcomeChances.0.description,The {0} was awkward. The speech dragged on and it was a fruitless back-and-forth argument. The words were vague and unconvincing.,description,RitualOutcomeEffectDef/RitualOutcomeEffectDef.xml,def
VME_ViolentConversionRitualOutcome.outcomeChances.1.label,Satisfying,label,RitualOutcomeEffectDef/RitualOutcomeEffectDef.xml,def
VME_ViolentConversionRitualOutcome.outcomeChances.1.description,The {0} was satisfying. The speech was stirring and enjoyable to listen to.,description,RitualOutcomeEffectDef/RitualOutcomeEffectDef.xml,def
VME_ViolentConversionRitualOutcome.outcomeChances.2.label,Spectacular,label,RitualOutcomeEffectDef/RitualOutcomeEffectDef.xml,def
VME_ViolentConversionRitualOutcome.outcomeChances.2.description,The {0} was spectacular! Surely our beliefs will prevail over any others!,description,RitualOutcomeEffectDef/RitualOutcomeEffectDef.xml,def
VME_WickerManBurningBehaviour.spectatorFilter.description,Spectators must be willing to watch the wicker man burning.,description,RitualBehaviorDef/RitualBehaviorDef.xml,def
VME_WickerManBurningBehaviour.roles.0.label,inquisitor,label,RitualBehaviorDef/RitualBehaviorDef.xml,def
VME_WickerManBurningBehaviour.roles.1.label,prisoner,label,RitualBehaviorDef/RitualBehaviorDef.xml,def
VME_WickerManBurningBehaviour.roles.1.missingDesc,a prisoner,missingDesc,RitualBehaviorDef/RitualBehaviorDef.xml,def
VME_WickerManBurningOutcome.description,"A prisoner of the colony will be locked in a cage, and set fire, killing the prisoner in the process. Depending on ritual quality, participants will get between {MINMOOD} and {MAXMOOD} mood for {MOODDAYS} days.",description,RitualOutcomeEffectDef/RitualOutcomeEffectDef.xml,def
VME_WickerManBurningOutcome.comps.0.label,participant count,label,RitualOutcomeEffectDef/RitualOutcomeEffectDef.xml,def
VME_WickerManBurningOutcome.comps.1.label,{PAWN_labelShort}'s social impact,label,RitualOutcomeEffectDef/RitualOutcomeEffectDef.xml,def
VME_WickerManBurningOutcome.outcomeChances.0.label,Terrible,label,RitualOutcomeEffectDef/RitualOutcomeEffectDef.xml,def
VME_WickerManBurningOutcome.outcomeChances.0.description,The {0} was terrible! The prisoner rattled the cage all the time and it smelled like rotten bacon.,description,RitualOutcomeEffectDef/RitualOutcomeEffectDef.xml,def
VME_WickerManBurningOutcome.outcomeChances.1.label,Lackluster,label,RitualOutcomeEffectDef/RitualOutcomeEffectDef.xml,def
VME_WickerManBurningOutcome.outcomeChances.1.description,"The {0} was lackluster. The prisoner just burned to death too fast, and the fire didn't even lift our spirits much.",description,RitualOutcomeEffectDef/RitualOutcomeEffectDef.xml,def
VME_WickerManBurningOutcome.outcomeChances.2.label,Good,label,RitualOutcomeEffectDef/RitualOutcomeEffectDef.xml,def
VME_WickerManBurningOutcome.outcomeChances.2.description,"The {0} was good. The anguished cries of the prisoner will resonate with us for a long time, another soul consumed by the flames.",description,RitualOutcomeEffectDef/RitualOutcomeEffectDef.xml,def
VME_WickerManBurningOutcome.outcomeChances.3.label,Glorious,label,RitualOutcomeEffectDef/RitualOutcomeEffectDef.xml,def
VME_WickerManBurningOutcome.outcomeChances.3.description,"The {0} was glorious! We will forever remember the thrashing of the prisoner, the frightened crescendo of screams as another soul was consumed by the holy flames.",description,RitualOutcomeEffectDef/RitualOutcomeEffectDef.xml,def
