key,text,tag,file,type
VFEPirates.EntombingWarning,Entombing a colonist in warcasket is permanent operation that cannot be reversed without painful consequences.,VFEPirates.EntombingWarning,Misc_Gameplay.xml,keyed
VFEM.MissingMaterials,Missing materials: {0},VFEM.MissingMaterials,Misc_Gameplay.xml,keyed
VFEP.Occupied,Occupied,VFEP.Occupied,Misc_Gameplay.xml,keyed
VFEP.WarcasketCannotBeRemoved,Warcasket cannot be removed,VFEP.WarcasketCannotBeRemoved,Misc_Gameplay.xml,keyed
VFEP_NextSpawnedRumIn,Producing rum from bodily fluids in,VFEP_NextSpawnedRumIn,Misc_Gameplay.xml,keyed
VFEP.MessagePawnArrived,{PAWN_nameDef} have arrived.,VFEP.MessagePawnArrived,Misc_Gameplay.xml,keyed
VFEP.RequiresWarcasket,Requires warcasket,VFEP.RequiresWarcasket,Misc_Gameplay.xml,keyed
VFEP.ExplodeIn,Will explode in,VFEP.ExplodeIn,Misc_Gameplay.xml,keyed
VFEP.ChooseCurses,Select Your Curses,VFEP.ChooseCurses,UI.xml,keyed
VFEP.ChooseCurses.Desc,"The more curses you select, the more pawns your storyteller will allow you to have, and the rarer big threat events will be.",VFEP.ChooseCurses.Desc,UI.xml,keyed
VFEP.DesiredPopMax,Desired population max: {0},VFEP.DesiredPopMax,UI.xml,keyed
VFEP.DaysBigThreats,Days between Big Threats: {0},VFEP.DaysBigThreats,UI.xml,keyed
VFEP.WarcasketCustom,Warcasket Customization,VFEP.WarcasketCustom,UI.xml,keyed
VFEP.WarcasketText,"When you press Accept, a crafter you’ve chosen will bring the resources onto the frame and begin
assembling a warcasket. The speed of the assembly depends on the crafting skill of your crafter.
Once the process is completed, a warcasket will leave the platform. Be careful, as the pawn
on the platform can still die of hunger when on the platform - you should prioritize the warcasket
assembly over other tasks.",VFEP.WarcasketText,UI.xml,keyed
VFEP.WorkAmount,Work Amount:,VFEP.WorkAmount,UI.xml,keyed
VFEP.Crafter,Crafter:,VFEP.Crafter,UI.xml,keyed
VFEP.Helmet,Helmet:,VFEP.Helmet,UI.xml,keyed
VFEP.Shoulderpads,Shoulderpads:,VFEP.Shoulderpads,UI.xml,keyed
VFEP.ArmorFrame,Armor frame:,VFEP.ArmorFrame,UI.xml,keyed
VFEP.TotalCost,Total Cost:,VFEP.TotalCost,UI.xml,keyed
VFEP.ResourceCost,Resource Cost:,VFEP.ResourceCost,UI.xml,keyed
VFEP.ResearchText,Research more warcasket technology to unlock more armor pieces.,VFEP.ResearchText,UI.xml,keyed
VFEP.NoWarcaskets,Research warcaskets to learn how to use the foundry.,VFEP.NoWarcaskets,UI.xml,keyed
VFEP.NotEnoughFuel,Not enough chemfuel for power jump.,VFEP.NotEnoughFuel,UI.xml,keyed
VFEP.SiegeModeOff,Siege mode off,VFEP.SiegeModeOff,UI.xml,keyed
VFEP.SiegeModeOn,Siege mode on,VFEP.SiegeModeOn,UI.xml,keyed
VFEPirates.CannotEntomb,Cannot entomb in warcasket: {0},VFEPirates.CannotEntomb,UI.xml,keyed
VFEPirates.EntombInWarcasket,Entomb in warcasket,VFEPirates.EntombInWarcasket,UI.xml,keyed
VFEP.EntombInIncapableOfViolenceWarning,"(Warning: {PAWN_nameDef} is not capable of violence, it will make {PAWN_objective} useless.)",VFEP.EntombInIncapableOfViolenceWarning,UI.xml,keyed
VFEP.ActivateShield,Activate shield field,VFEP.ActivateShield,UI.xml,keyed
VFEP.ActivateShieldDesc,Click to activate the shield field. It has 10 seconds of active mode and then 90 seconds cooldown.,VFEP.ActivateShieldDesc,UI.xml,keyed
VFEP.DeployWarDrone,"Deploy small, combat-ready drones from the docking port in the back. These drones can be controlled to provide firing support, but will self-detonate after 60 seconds.",VFEP.DeployWarDrone,UI.xml,keyed
VFEP.DeploySpidermineDesc,"Fire a long range spidermine that will automatically run towards the nearest enemy, detonating as soon as it reaches them.",VFEP.DeploySpidermineDesc,UI.xml,keyed
VFEP.Cancel,Cancel,VFEP.Cancel,UI.xml,keyed
VFEP.ChildrenCannotUseThis,Children cannot use this.,VFEP.ChildrenCannotUseThis,UI.xml,keyed
VFEP_GrapplingHook.label,grappling hook,label,VEF.Abilities.AbilityDef/Abilities.xml,def
VFEP_GrapplingHook.description,"Grappling hook connects to walls and solid rock and allows the users to quickly move to the desired location. The launcher does not require ammunition, but time needs to be reserved between shots to wind it up again.",description,VEF.Abilities.AbilityDef/Abilities.xml,def
VFEP_Bullet_GrapplingHook.label,grappling hook,label,ThingDef/Abilities.xml,def
VFEP_SiegeMode.label,Siege Mode,label,VEF.Abilities.AbilityDef/Abilities.xml,def
VFEP_SiegeMode.description,"Drill yourself into the ground in order to gain more stability and turn yourself into a stationary artillery unit, increasing the attack range and reload efficiency drastically.",description,VEF.Abilities.AbilityDef/Abilities.xml,def
VFEP_SiegeMode.label,siege mode,label,HediffDef/Abilities.xml,def
VFEP_SiegeMode.labelNoun,siege mode,labelNoun,HediffDef/Abilities.xml,def
VFEP_SiegeMode.description,siege mode.,description,HediffDef/Abilities.xml,def
VFEP_PowerJump.label,Power jump,label,VEF.Abilities.AbilityDef/Abilities.xml,def
VFEP_PowerJump.description,Use shoulder-mounted jump packs to travel a short distance and create a small explosion at both start and end of the flight.,description,VEF.Abilities.AbilityDef/Abilities.xml,def
VFEP_BlastOff.label,Blast off,label,VEF.Abilities.AbilityDef/Abilities.xml,def
VFEP_BlastOff.description,"Fire a large propulsion engine strapped to the back of your armor and designate a location on the world map to drop pod into. This will create a large explosion at the destination, but will most likely leave you stranded without fuel for the trip back.",description,VEF.Abilities.AbilityDef/Abilities.xml,def
VFEP_ActiveDropPawn.label,drop pawn,label,ThingDef/Abilities.xml,def
VFEP_TravelingPawn.label,pawn,label,WorldObjectDef/Abilities.xml,def
VFEP_TravelingPawn.description,pawn in flight.,description,WorldObjectDef/Abilities.xml,def
VFEP_Wardrone.label,wardrone,label,BodyDef/Bodies_Mechanoid.xml,def
VFEP_Wardrone.corePart.parts.0.parts.0.parts.1.customLabel,left sight sensor,customLabel,BodyDef/Bodies_Mechanoid.xml,def
VFEP_Wardrone.corePart.parts.0.parts.0.parts.2.customLabel,right sight sensor,customLabel,BodyDef/Bodies_Mechanoid.xml,def
VFEP_Wardrone.corePart.parts.0.parts.0.parts.3.customLabel,left hearing sensor,customLabel,BodyDef/Bodies_Mechanoid.xml,def
VFEP_Wardrone.corePart.parts.0.parts.0.parts.4.customLabel,right hearing sensor,customLabel,BodyDef/Bodies_Mechanoid.xml,def
VFEP_Wardrone.corePart.parts.1.customLabel,left propeller,customLabel,BodyDef/Bodies_Mechanoid.xml,def
VFEP_Wardrone.corePart.parts.2.customLabel,right propeller,customLabel,BodyDef/Bodies_Mechanoid.xml,def
VFEP_Spidermine.label,spidermine,label,BodyDef/Bodies_Mechanoid.xml,def
VFEP_Spidermine.corePart.parts.0.parts.0.parts.1.customLabel,left sight sensor,customLabel,BodyDef/Bodies_Mechanoid.xml,def
VFEP_Spidermine.corePart.parts.0.parts.0.parts.2.customLabel,right sight sensor,customLabel,BodyDef/Bodies_Mechanoid.xml,def
VFEP_Spidermine.corePart.parts.0.parts.0.parts.3.customLabel,left hearing sensor,customLabel,BodyDef/Bodies_Mechanoid.xml,def
VFEP_Spidermine.corePart.parts.0.parts.0.parts.4.customLabel,right hearing sensor,customLabel,BodyDef/Bodies_Mechanoid.xml,def
VFEP_Spidermine.corePart.parts.1.customLabel,left propeller,customLabel,BodyDef/Bodies_Mechanoid.xml,def
VFEP_Spidermine.corePart.parts.2.customLabel,right propeller,customLabel,BodyDef/Bodies_Mechanoid.xml,def
VFEP_MechanicalJoint.label,joint,label,BodyPartDef/BodyParts_Mechanoid.xml,def
VFEP_Turret.label,turret,label,BodyPartDef/BodyParts_Mechanoid.xml,def
VFEP_Propeller.label,propeller,label,BodyPartDef/BodyParts_Mechanoid.xml,def
VFEP_TurretBase.label,turret base,label,BodyPartDef/BodyParts_Mechanoid.xml,def
VFEP_Base.label,base base,label,BodyPartDef/BodyParts_Mechanoid.xml,def
VFEP_Frame.label,frame,label,BodyPartDef/BodyParts_Mechanoid.xml,def
VFEP_MechanicalLeg.label,mechanical leg,label,BodyPartDef/BodyParts_Mechanoid.xml,def
VFEP_Khanate.label,khanate,label,CultureDef/Cultures.xml,def
VFEP_Khanate.description,A broad category describing the styles and practices of many pirate groups.,description,CultureDef/Cultures.xml,def
VFEP_CurseOfMind.label,Curse of Mind,label,VFEPirates.CurseDef/Curses.xml,def
VFEP_CurseOfMind.description,All mood effects are doubled.,description,VFEPirates.CurseDef/Curses.xml,def
VFEP_CurseOfDarkness.label,Curse of Darkness,label,VFEPirates.CurseDef/Curses.xml,def
VFEP_CurseOfDarkness.description,Darkness intensified. Any tile with 0% light is pitch black.,description,VFEPirates.CurseDef/Curses.xml,def
VFEP_CurseOfPestilence.label,Curse of Pestilence,label,VFEPirates.CurseDef/Curses.xml,def
VFEP_CurseOfPestilence.description,Immunity gain speed is halved.,description,VFEPirates.CurseDef/Curses.xml,def
VFEP_CurseOfSteel.label,Curse of Steel,label,VFEPirates.CurseDef/Curses.xml,def
VFEP_CurseOfSteel.description,All damage in the game is doubled.,description,VFEPirates.CurseDef/Curses.xml,def
VFEP_CurseOfGreed.label,Curse of Greed,label,VFEPirates.CurseDef/Curses.xml,def
VFEP_CurseOfGreed.description,All mineable resources yield gold instead of what they would normally yield.,description,VFEPirates.CurseDef/Curses.xml,def
VFEP_CurseOfTheStabbed.label,Curse of the Stabbed,label,VFEPirates.CurseDef/Curses.xml,def
VFEP_CurseOfTheStabbed.description,All Melee attack cooldowns are halved.,description,VFEPirates.CurseDef/Curses.xml,def
VFEP_CurseOfFire.label,Curse of Fire,label,VFEPirates.CurseDef/Curses.xml,def
VFEP_CurseOfFire.description,Rain no longer triggers when the map burns.,description,VFEPirates.CurseDef/Curses.xml,def
VFEP_CurseOfConfetti.label,Curse of Confetti,label,VFEPirates.CurseDef/Curses.xml,def
VFEP_CurseOfConfetti.description,Killing a pawn spawns a confetti mote and a birthday Yay! Sound.,description,VFEPirates.CurseDef/Curses.xml,def
VFEP_CurseOfTheBoomalopes.label,Curse of the Boomalopes,label,VFEPirates.CurseDef/Curses.xml,def
VFEP_CurseOfTheBoomalopes.description,Every animal explodes upon death.,description,VFEPirates.CurseDef/Curses.xml,def
VFEP_CurseOfTheBeaten.label,Curse of the Beaten,label,VFEPirates.CurseDef/Curses.xml,def
VFEP_CurseOfTheBeaten.description,Can’t tend wounds without medicine.,description,VFEPirates.CurseDef/Curses.xml,def
VFEP_CurseOfTheArmored.label,Curse of the Armored,label,VFEPirates.CurseDef/Curses.xml,def
VFEP_CurseOfTheArmored.description,Weapon penetration halved.,description,VFEPirates.CurseDef/Curses.xml,def
VFEP_CurseOfAging.label,Curse of Aging,label,VFEPirates.CurseDef/Curses.xml,def
VFEP_CurseOfAging.description,Pawns age at 10x the speed.,description,VFEPirates.CurseDef/Curses.xml,def
VFEP_CurseOfBandana.label,Curse of Bandana,label,VFEPirates.CurseDef/Curses.xml,def
VFEP_CurseOfBandana.description,All weapon cooldown reduced by 90%.,description,VFEPirates.CurseDef/Curses.xml,def
VFEP_CurseOfTheEyePatch.label,Curse of the Eye Patch,label,VFEPirates.CurseDef/Curses.xml,def
VFEP_CurseOfTheEyePatch.description,Ranged accuracy halved.,description,VFEPirates.CurseDef/Curses.xml,def
VFEP_CurseOfGluttony.label,Curse of Gluttony,label,VFEPirates.CurseDef/Curses.xml,def
VFEP_CurseOfGluttony.description,Hunger drops at twice the speed.,description,VFEPirates.CurseDef/Curses.xml,def
VFEP_CurseOfInfestation.label,Curse of Infestation,label,VFEPirates.CurseDef/Curses.xml,def
VFEP_CurseOfInfestation.description,Infestations are twice as big.,description,VFEPirates.CurseDef/Curses.xml,def
VFEP_CurseOfInstakill.label,Curse of Instakill,label,VFEPirates.CurseDef/Curses.xml,def
VFEP_CurseOfInstakill.description,"Whenever a pawn would be downed, they die.",description,VFEPirates.CurseDef/Curses.xml,def
VFEP_CurseOfBlind.label,Curse of Blind,label,VFEPirates.CurseDef/Curses.xml,def
VFEP_CurseOfBlind.description,You don’t see any letters when events happen. They still show up in the History tab.,description,VFEPirates.CurseDef/Curses.xml,def
VFEP_GravityHammerAttack.deathMessage,{0} has been smashed to death.,deathMessage,DamageDef/Damages.xml,def
VFEP_GravityHammerAttack.label,gravity hammer attack,label,DamageDef/Damages.xml,def
VFEP_GravityHammerAttack.label,gravity hammer attack,label,ToolCapacityDef/Damages.xml,def
VFEP_Junkers.label,junkers,label,FactionDef/Factions_Misc.xml,def
VFEP_Junkers.description,"A loose confederation of pirate gangs who've agreed to mostly fight outsiders instead of fighting each other.
Pirates don't sow, they don't build, and they rarely trade. Driven by a blood-and-honor culture that values personal strength and ruthlessness, they enrich themselves by raiding and robbing their more productive neighbors.
Junkers utilise warcasket technology and seal themselves in metal tombs in which they raid, steal, plunder and inevitably die. They rarely use melee weapons and prefer to keep at distance to the enemy to fully utilise the powerful warcasket weaponry.",description,FactionDef/Factions_Misc.xml,def
VFEP_Junkers.pawnSingular,junker,pawnSingular,FactionDef/Factions_Misc.xml,def
VFEP_Junkers.pawnsPlural,junkers,pawnsPlural,FactionDef/Factions_Misc.xml,def
VFEP_Junkers.leaderTitle,khan,leaderTitle,FactionDef/Factions_Misc.xml,def
VFEP_Mercenaries.label,mercenaries,label,FactionDef/Factions_Misc.xml,def
VFEP_Mercenaries.description,"A paramilitary organisation sanctioned and governed by political figures and megacorporations.
Mercenaries don't sow, they don't build, and they rarely trade. Driven by a blood-and-honor culture that values personal strength and ruthlessness, they enrich themselves by raiding and robbing their more productive neighbors.
Mercenaries utilise spacer-tech weapons and armors to eliminate the targets of their corporate overlords. Unlike other pirate factions, mercenaries can be communicated with and befriended, but they rarely have much to offer in regards to trade and research.",description,FactionDef/Factions_Misc.xml,def
VFEP_Mercenaries.pawnSingular,mercenary,pawnSingular,FactionDef/Factions_Misc.xml,def
VFEP_Mercenaries.pawnsPlural,mercenaries,pawnsPlural,FactionDef/Factions_Misc.xml,def
VFEP_Mercenaries.leaderTitle,general,leaderTitle,FactionDef/Factions_Misc.xml,def
VFEP_PlayerPirate.label,New Cove,label,FactionDef/Factions_Player.xml,def
VFEP_PlayerPirate.description,A small pirate cove.,description,FactionDef/Factions_Player.xml,def
VFEP_PlayerPirate.pawnSingular,pirate,pawnSingular,FactionDef/Factions_Player.xml,def
VFEP_PlayerPirate.pawnsPlural,pirates,pawnsPlural,FactionDef/Factions_Player.xml,def
VFEP_RumAsIngredient.label,drank rum based cocktail,label,HediffDef/Hediffs_Global_Misc.xml,def
VFEP_RumAsIngredient.description,This colonist drank a cocktail that had rum as one of its ingredients. Reduces hunger rate by 15%.,description,HediffDef/Hediffs_Global_Misc.xml,def
VFEP_HypothermicSlowdown.label,hypothermic slowdown,label,HediffDef/Hediffs_Global_Misc.xml,def
VFEP_HypothermicSlowdown.description,"Dangerously low core body temperature. Unless re-warmed, hypothermic slowdown gets worse and ends in death. Recovery is quick once the victim is re-warmed.",description,HediffDef/Hediffs_Global_Misc.xml,def
VFEP_HypothermicSlowdown.stages.0.label,minor,label,HediffDef/Hediffs_Global_Misc.xml,def
VFEP_HypothermicSlowdown.stages.1.label,minor,label,HediffDef/Hediffs_Global_Misc.xml,def
VFEP_HypothermicSlowdown.stages.2.label,moderate,label,HediffDef/Hediffs_Global_Misc.xml,def
VFEP_HypothermicSlowdown.stages.3.label,serious,label,HediffDef/Hediffs_Global_Misc.xml,def
VFEP_HypothermicSlowdown.stages.4.label,extreme,label,HediffDef/Hediffs_Global_Misc.xml,def
VFEP_KillItself.label,kill itself,label,HediffDef/Hediffs_Global_Misc.xml,def
VFEP_KillItself.stages.0.label,minor,label,HediffDef/Hediffs_Global_Misc.xml,def
Pirate.label,pirates,label,VEF.Planet.HireableFactionDef/Hireables.xml,def
Pirate.description,"A loose confederation of pirate gangs who've agreed to mostly fight outsiders instead of fighting each other.\n\nPirates don't sow, they don't build, and they rarely trade. Driven by a blood-and-honor culture that values personal strength and ruthlessness, they enrich themselves by raiding and robbing their more productive neighbors.\n\nTheir technology level depends mostly on who they've managed to steal from recently. Mostly they carry gunpowder weapons, though some prefer to stab victims at close range.",description,VEF.Planet.HireableFactionDef/Hireables.xml,def
VFEP_Junkers.label,junkers,label,VEF.Planet.HireableFactionDef/Hireables.xml,def
VFEP_Junkers.description,"A loose confederation of pirate gangs who've agreed to mostly fight outsiders instead of fighting each other.
Pirates don't sow, they don't build, and they rarely trade. Driven by a blood-and-honor culture that values personal strength and ruthlessness, they enrich themselves by raiding and robbing their more productive neighbors.
Junkers utilise warcasket technology and seal themselves in metal tombs in which they raid, steal, plunder and inevitably die. They rarely use melee weapons and prefer to keep at distance to the enemy to fully utilise the powerful warcasket weaponry.",description,VEF.Planet.HireableFactionDef/Hireables.xml,def
VFEP_Mercenaries.label,mercenaries,label,VEF.Planet.HireableFactionDef/Hireables.xml,def
VFEP_Mercenaries.description,"A paramilitary organisation sanctioned and governed by political figures and megacorporations.
Mercenaries don't sow, they don't build, and they rarely trade. Driven by a blood-and-honor culture that values personal strength and ruthlessness, they enrich themselves by raiding and robbing their more productive neighbors.
Mercenaries utilise spacer-tech weapons and armors to eliminate the targets of their corporate overlords. Unlike other pirate factions, mercenaries can be communicated with and befriended, but they rarely have much to offer in regards to trade and research.",description,VEF.Planet.HireableFactionDef/Hireables.xml,def
VFEP_GoToFoundry.reportString,going to TargetA.,reportString,JobDef/Jobs_Misc.xml,def
VFEP_EntombIn.reportString,entombed in TargetA.,reportString,JobDef/Jobs_Misc.xml,def
VFEP_DoWelding.reportString,Welding TargetB in TargetA.,reportString,JobDef/Jobs_Misc.xml,def
VFEP_EquipFromWeaponBox.reportString,equipping TargetA.,reportString,JobDef/Jobs_Misc.xml,def
VFEP_GotoAndExplode.reportString,moving.,reportString,JobDef/Jobs_Misc.xml,def
VFEP_Scrapper.label,scrapper,label,PawnKindDef/PawnKinds_Junkers.xml,def
VFEP_Footsoldier.label,footsoldier,label,PawnKindDef/PawnKinds_Junkers.xml,def
VFEP_Veteran.label,veteran,label,PawnKindDef/PawnKinds_Junkers.xml,def
VFEP_Veteran_Melee.label,veteran,label,PawnKindDef/PawnKinds_Junkers.xml,def
VFEP_HeavyWeaponsPlatform.label,heavy weapons platform,label,PawnKindDef/PawnKinds_Junkers.xml,def
VFEP_Hussar.label,hussar,label,PawnKindDef/PawnKinds_Junkers.xml,def
VFEP_Pyro.label,pyro,label,PawnKindDef/PawnKinds_Junkers.xml,def
VFEP_Artillery.label,artillery,label,PawnKindDef/PawnKinds_Junkers.xml,def
VFEP_Private.label,private,label,PawnKindDef/PawnKinds_Mercenaries.xml,def
VFEP_Corporal.label,corporal,label,PawnKindDef/PawnKinds_Mercenaries.xml,def
VFEP_Sergeant.label,sergeant,label,PawnKindDef/PawnKinds_Mercenaries.xml,def
VFEP_SergeantMajor.label,sergeant major,label,PawnKindDef/PawnKinds_Mercenaries.xml,def
VFEP_Lieutenant.label,lieutenant,label,PawnKindDef/PawnKinds_Mercenaries.xml,def
VFEP_Captain.label,captain,label,PawnKindDef/PawnKinds_Mercenaries.xml,def
VFEP_Major.label,major,label,PawnKindDef/PawnKinds_Mercenaries.xml,def
VFEP_General.label,general,label,PawnKindDef/PawnKinds_Mercenaries.xml,def
VFEP_General_Melee.label,general,label,PawnKindDef/PawnKinds_Mercenaries.xml,def
VFEP_PirateColonist.label,pirate,label,PawnKindDef/PawnKinds_PlayerPirate.xml,def
VFEP_RemoveWarcasket.label,remove warcasket,label,RecipeDef/Recipes_Surgery_Misc.xml,def
VFEP_RemoveWarcasket.description,Remove a warcasket from the body.,description,RecipeDef/Recipes_Surgery_Misc.xml,def
VFEP_RemoveWarcasket.jobString,Removing warcasket.,jobString,RecipeDef/Recipes_Surgery_Misc.xml,def
VFEP_Warcaskets.label,warcaskets,label,ResearchProjectDef/ResearchProjects_Various.xml,def
VFEP_Warcaskets.description,Build warcasket foundries to manufacture basic warcasket parts and outfit pawns to utilise said warcaskets.,description,ResearchProjectDef/ResearchProjects_Various.xml,def
VFEP_Warcaskets.generalRules.rulesStrings.0,subject->mechanized infantry development,li,ResearchProjectDef/ResearchProjects_Various.xml,def
VFEP_Warcaskets.generalRules.rulesStrings.1,"subject_story->initiated the age of warcaskets, transforming foot soldiers into titans on the battlefield",li,ResearchProjectDef/ResearchProjects_Various.xml,def
VFEP_Warcaskets.generalRules.rulesStrings.2,"subject_story->mastered the art of warcasket manufacturing, melding metal and might into a singular force",li,ResearchProjectDef/ResearchProjects_Various.xml,def
VFEP_Warcaskets.generalRules.rulesStrings.3,"subject_story->ushered in a new era of warfare, where the line between man and machine blurred",li,ResearchProjectDef/ResearchProjects_Various.xml,def
VFEP_Warcaskets.generalRules.rulesStrings.4,subject_gerund->pioneering the future of combat,li,ResearchProjectDef/ResearchProjects_Various.xml,def
VFEP_AdvancedWarcaskets.label,advanced warcaskets,label,ResearchProjectDef/ResearchProjects_Various.xml,def
VFEP_AdvancedWarcaskets.description,"Construct improved variations of warcaskets which lean towards speed, protection or a balanced approach.",description,ResearchProjectDef/ResearchProjects_Various.xml,def
VFEP_AdvancedWarcaskets.generalRules.rulesStrings.0,subject->warcasket evolution,li,ResearchProjectDef/ResearchProjects_Various.xml,def
VFEP_AdvancedWarcaskets.generalRules.rulesStrings.1,"subject_story->refined warcasket designs for speed, durability, and versatility, setting new standards in mechanized warfare",li,ResearchProjectDef/ResearchProjects_Various.xml,def
VFEP_AdvancedWarcaskets.generalRules.rulesStrings.2,subject_story->crafted war machines that danced in battlefields with lethal grace,li,ResearchProjectDef/ResearchProjects_Various.xml,def
VFEP_AdvancedWarcaskets.generalRules.rulesStrings.3,"subject_story->balanced the trinity of speed, protection, and firepower in a symphony of destruction",li,ResearchProjectDef/ResearchProjects_Various.xml,def
VFEP_AdvancedWarcaskets.generalRules.rulesStrings.4,subject_gerund->enhancing the anatomy of war,li,ResearchProjectDef/ResearchProjects_Various.xml,def
VFEP_SpecialisedWarcaskets.label,specialised warcaskets,label,ResearchProjectDef/ResearchProjects_Various.xml,def
VFEP_SpecialisedWarcaskets.description,Manufacture warcaskets designed to fit specialized roles.,description,ResearchProjectDef/ResearchProjects_Various.xml,def
VFEP_SpecialisedWarcaskets.generalRules.rulesStrings.0,subject->custom combat solutions,li,ResearchProjectDef/ResearchProjects_Various.xml,def
VFEP_SpecialisedWarcaskets.generalRules.rulesStrings.1,"subject_story->designed warcaskets with specialized roles, from silent assassins to unstoppable juggernauts",li,ResearchProjectDef/ResearchProjects_Various.xml,def
VFEP_SpecialisedWarcaskets.generalRules.rulesStrings.2,"subject_story->broke the mold of traditional warfare, introducing units tailored for specific tactical needs",li,ResearchProjectDef/ResearchProjects_Various.xml,def
VFEP_SpecialisedWarcaskets.generalRules.rulesStrings.3,subject_story->elevated the warcasket program to new heights with bespoke war machines,li,ResearchProjectDef/ResearchProjects_Various.xml,def
VFEP_SpecialisedWarcaskets.generalRules.rulesStrings.4,subject_gerund->specializing the gears of war,li,ResearchProjectDef/ResearchProjects_Various.xml,def
VFEP_SpacerWarcaskets.label,spacer warcaskets,label,ResearchProjectDef/ResearchProjects_Various.xml,def
VFEP_SpacerWarcaskets.description,Manufacture Spacer-era warcaskets - a pinacle of war technology.,description,ResearchProjectDef/ResearchProjects_Various.xml,def
VFEP_SpacerWarcaskets.generalRules.rulesStrings.0,subject->pinnacle of mechanized warfare,li,ResearchProjectDef/ResearchProjects_Various.xml,def
VFEP_SpacerWarcaskets.generalRules.rulesStrings.1,"subject_story->crafted warcaskets that harnessed spacer-era technology, embodying the zenith of military engineering",li,ResearchProjectDef/ResearchProjects_Various.xml,def
VFEP_SpacerWarcaskets.generalRules.rulesStrings.2,"subject_story->merged the cutting edge of space-age tech with the ancient art of war, creating unparalleled battle machines",li,ResearchProjectDef/ResearchProjects_Various.xml,def
VFEP_SpacerWarcaskets.generalRules.rulesStrings.3,subject_story->redefined the battlefield with warcaskets that were legends incarnate,li,ResearchProjectDef/ResearchProjects_Various.xml,def
VFEP_SpacerWarcaskets.generalRules.rulesStrings.4,subject_gerund->achieving the apex of combat evolution,li,ResearchProjectDef/ResearchProjects_Various.xml,def
VFEP_WarcasketRemoval.label,warcasket removal,label,ResearchProjectDef/ResearchProjects_Various.xml,def
VFEP_WarcasketRemoval.description,"Unlocks the operation “remove warcasket” to remove a pawn from a warcasket, losing both their arms and legs, and reducing the warcasket to slag.",description,ResearchProjectDef/ResearchProjects_Various.xml,def
VFEP_WarcasketRemoval.generalRules.rulesStrings.0,subject->the cost of war,li,ResearchProjectDef/ResearchProjects_Various.xml,def
VFEP_WarcasketRemoval.generalRules.rulesStrings.1,"subject_story->developed techniques to reclaim warriors from their metal confines, a bittersweet victory over the machine",li,ResearchProjectDef/ResearchProjects_Various.xml,def
VFEP_WarcasketRemoval.generalRules.rulesStrings.2,"subject_story->faced the grim reality of extracting the human core from the war machine, sacrificing limb for life",li,ResearchProjectDef/ResearchProjects_Various.xml,def
VFEP_WarcasketRemoval.generalRules.rulesStrings.3,"subject_story->turned the promise of mechanized might into the pain of loss, with every warcasket removal a reminder of war's toll",li,ResearchProjectDef/ResearchProjects_Various.xml,def
VFEP_WarcasketRemoval.generalRules.rulesStrings.4,subject_gerund->unraveling the bond between flesh and steel,li,ResearchProjectDef/ResearchProjects_Various.xml,def
VFEP_WarcasketWeaponry.label,warcasket weaponry,label,ResearchProjectDef/ResearchProjects_Various.xml,def
VFEP_WarcasketWeaponry.description,Build upscaled weapons designed to be mounted on warcaskets.,description,ResearchProjectDef/ResearchProjects_Various.xml,def
VFEP_WarcasketWeaponry.generalRules.rulesStrings.0,subject->armament innovation,li,ResearchProjectDef/ResearchProjects_Various.xml,def
VFEP_WarcasketWeaponry.generalRules.rulesStrings.1,"subject_story->engineered devastating weaponry for warcaskets, turning them into walking arsenals",li,ResearchProjectDef/ResearchProjects_Various.xml,def
VFEP_WarcasketWeaponry.generalRules.rulesStrings.2,subject_story->bridged the gap between artillery power and infantry flexibility,li,ResearchProjectDef/ResearchProjects_Various.xml,def
VFEP_WarcasketWeaponry.generalRules.rulesStrings.3,"subject_story->granted warcaskets the firepower to decimate, defend, and dominate",li,ResearchProjectDef/ResearchProjects_Various.xml,def
VFEP_WarcasketWeaponry.generalRules.rulesStrings.4,subject_gerund->arming the giants of war,li,ResearchProjectDef/ResearchProjects_Various.xml,def
VFEP_SpacerWarcasketWeaponry.label,spacer warcasket weaponry,label,ResearchProjectDef/ResearchProjects_Various.xml,def
VFEP_SpacerWarcasketWeaponry.description,Utilise new spacer technologies to create upscaled weapons designed to be mounted on warcaskets.,description,ResearchProjectDef/ResearchProjects_Various.xml,def
VFEP_SpacerWarcasketWeaponry.generalRules.rulesStrings.0,subject->spacer-grade armaments,li,ResearchProjectDef/ResearchProjects_Various.xml,def
VFEP_SpacerWarcasketWeaponry.generalRules.rulesStrings.1,subject_story->harnessed the mysteries of spacer tech to craft weapons of unrivaled potency for warcaskets,li,ResearchProjectDef/ResearchProjects_Various.xml,def
VFEP_SpacerWarcasketWeaponry.generalRules.rulesStrings.2,subject_story->ushered in an era where warcaskets wielded the power to alter the course of wars with a single shot,li,ResearchProjectDef/ResearchProjects_Various.xml,def
VFEP_SpacerWarcasketWeaponry.generalRules.rulesStrings.3,"subject_story->married the art of war to the science of the stars, creating armaments born of the cosmos",li,ResearchProjectDef/ResearchProjects_Various.xml,def
VFEP_SpacerWarcasketWeaponry.generalRules.rulesStrings.4,subject_gerund->wielding the stars' wrath,li,ResearchProjectDef/ResearchProjects_Various.xml,def
VFEP_SweatFermentation.label,sweat fermentation,label,ResearchProjectDef/ResearchProjects_Various.xml,def
VFEP_SweatFermentation.description,Craft suits which combine alcohol distillation and nutrient paste synthesis to produce rum from recycled human waste.,description,ResearchProjectDef/ResearchProjects_Various.xml,def
VFEP_SweatFermentation.generalRules.rulesStrings.0,subject->biochemical ingenuity,li,ResearchProjectDef/ResearchProjects_Various.xml,def
VFEP_SweatFermentation.generalRules.rulesStrings.1,"subject_story->turned the cycle of waste into a source of sustenance and spirit, crafting rum from the sweat of toil",li,ResearchProjectDef/ResearchProjects_Various.xml,def
VFEP_SweatFermentation.generalRules.rulesStrings.2,"subject_story->blurred the lines between distillation and desperation, finding innovation in the unconventional",li,ResearchProjectDef/ResearchProjects_Various.xml,def
VFEP_SweatFermentation.generalRules.rulesStrings.3,"subject_story->created a self-sustaining cycle of work, waste, and whiskey, fueling both body and morale",li,ResearchProjectDef/ResearchProjects_Various.xml,def
VFEP_SweatFermentation.generalRules.rulesStrings.4,subject_gerund->brewing resilience from refuse,li,ResearchProjectDef/ResearchProjects_Various.xml,def
VanillaExpanded.label,Vanilla Expanded,label,ResearchTabDef/ResearchTabs.xml,def
VFEM_NamerPersonJunker.rulePack.rulesStrings.0,r_name(p=2)->[Junker_First_Male] The [Junker_Last],li,RulePackDef/RulePacks_Namers_Factions.xml,def
VFEM_NamerPersonJunkerFemale.rulePack.rulesStrings.0,r_name(p=2)->[Junker_First_Female] The [Junker_Last],li,RulePackDef/RulePacks_Namers_Factions.xml,def
VFEP_PowerJumpRange.label,power jump range,label,StatDef/Stats_Abilities.xml,def
VFEP_PowerJumpRange.description,The maximum distance of a power jump.,description,StatDef/Stats_Abilities.xml,def
VFEP_PowerJumpDetonationRadius.label,power jump detonation radius,label,StatDef/Stats_Abilities.xml,def
VFEP_PowerJumpDetonationRadius.description,The radius of the area of detonation.,description,StatDef/Stats_Abilities.xml,def
VFEP_FlightSpeed.label,power jump flight speed,label,StatDef/Stats_Abilities.xml,def
VFEP_FlightSpeed.description,The speed of a power jump.,description,StatDef/Stats_Abilities.xml,def
VFEP_SiegeModeCooldown.label,siege mode cooldown,label,StatDef/Stats_Abilities.xml,def
VFEP_SiegeModeCooldown.description,How long it takes to activate siege mode again.,description,StatDef/Stats_Abilities.xml,def
VFEP_PlayerPawnsArriveCrash.label,arrival method,label,ScenPartDef/Scenario.xml,def
VFEP_LowOrbitCrash.label,Low orbit crash,label,ScenarioDef/Scenario.xml,def
VFEP_LowOrbitCrash.description,"As the ship entered the lower orbit, something struck the hull with tremendous force. Not sure if it was the AI-core miscalculation, a terrible accident or a targeted strike, you quickly realized it doesn’t matter. You ordered your crew to get in the escape pods, but not everyone managed to get out of cryptosleep in time. The ship split into numerous chunks as it quickly descended onto the surface, and the only thing you could have done is hit the Eject button on the emergency drop pod. Perhaps some things can still be recovered from the wreckage.

Note: Since you start crash landing and with no supplies other than what you can scavenge, this is a difficult scenario.",description,ScenarioDef/Scenario.xml,def
VFEP_LowOrbitCrash.scenario.summary,"A group of pirates, crash landing in the middle of nowhere. A classic VFE - Pirates experience.",summary,ScenarioDef/Scenario.xml,def
VFEP_Casper.label,Casper Cursed,label,StorytellerDef/Storytellers.xml,def
VFEP_Casper.description,"Casper has been travelling the known space for years. He is cursed, and the best way to lift off a curse is to share it with others. He will reward you the more curses you take upon yourself.",description,StorytellerDef/Storytellers.xml,def
VFEP_Bullet_GauntletChargeCanon.label,gauntlet charge cannon bullet,label,ThingDef/Buildings_Gauntlet.xml,def
VFEP_GauntletChargeCanon.label,gauntlet charge cannon,label,ThingDef/Buildings_Gauntlet.xml,def
VFEP_GauntletChargeCanon.description,"Ship mounted anti-armor charge cannon, often utilised in ship-to-ship combat in low atmosphere.",description,ThingDef/Buildings_Gauntlet.xml,def
VFEP_WarcasketFoundry.label,warcasket foundry,label,ThingDef/Buildings_Production.xml,def
VFEP_WarcasketFoundry.description,"A complex foundry with four operating arms designed to assist an operator in mounting a person into the frame of a warcasket. Once they are locked in, the pilot cannot leave until the procedure is finished.\n\nTo begin, an operator starts linking them to the suit - their nerves and limbs permanently linked to the frame. Since the warcasket is not designed to register wear or damage they will feel no pain. The pilot can exit the foundry only when the final rivet is placed, the last plate is welded, and the power system is brought online. Until then they will need external help such as feeding as they are effectively buried alive.\n\nBecause the various parts of the warcasket are welded onto the frame as a single, homogenous entity,  one can mix and match various designs to suit the situation but certain later generations of warcaskets function better if they are part of the same series.",description,ThingDef/Buildings_Production.xml,def
VFEP_Turret_FieldGun.label,field gun,label,ThingDef/Buildings_Security_Turrets.xml,def
VFEP_Turret_FieldGun.description,"A manned gun that launches all kinds of shells. A variation of the mortar with all the benefits and drawbacks, however it has a 90 degree cone of direct-fire in exchange for having an effective firing rate that is twice as fast.",description,ThingDef/Buildings_Security_Turrets.xml,def
VFEP_Artillery_FieldGun.label,field gun,label,ThingDef/Buildings_Security_Turrets.xml,def
VFEP_Artillery_FieldGun.description,"A manned gun that launches all kinds of shells. A variation of the mortar with all the benefits and drawbacks, however it has a 90 degree cone of direct-fire in exchange for having an effective firing rate that is twice as fast.",description,ThingDef/Buildings_Security_Turrets.xml,def
VFEP_Turret_Cannon.label,cannon,label,ThingDef/Buildings_Security_Turrets.xml,def
VFEP_Turret_Cannon.description,"A portable medieval cannon mounted on a 180 degree swivel that launches roughly-rounded balls of steel at a considerable range. The accuracy is rather lacking, but it is a vast improvement compared to catapults while also having a considerably faster fire rate.",description,ThingDef/Buildings_Security_Turrets.xml,def
VFEP_Artillery_Cannon.label,cannon,label,ThingDef/Buildings_Security_Turrets.xml,def
VFEP_Artillery_Cannon.description,"A manned gun that launches all kinds of shells. A variation of the mortar with all the benefits and drawbacks, however it has a 90 degree cone of direct-fire in exchange for having an effective firing rate that is twice as fast.",description,ThingDef/Buildings_Security_Turrets.xml,def
VFEP_Bullet_Cannonball.label,cannonball,label,ThingDef/Buildings_Security_Turrets.xml,def
VFEP_ShipChunkDebris.label,ship chunk debris,label,ThingDef/Buildings_ShipChunks.xml,def
VFEP_ShipChunkDebris.description,"A chunk of a combat-grade spacecraft. It seems to have been torn off either by uncontrolled re-entry forces or some kind of weapon. It is densely packed with double-layer armor plating and control systems, which can be acquired by deconstructing it.",description,ThingDef/Buildings_ShipChunks.xml,def
VFEP_ShipChunkBattery.label,ship chunk battery,label,ThingDef/Buildings_ShipChunks.xml,def
VFEP_ShipChunkBattery.description,"The mangled remains of ship-borne battery, used to power systems with high power draw for short periods. It was leaps and bounds about Rimworld battery technology but it can no longer be recharged and yields decent salvage once it’s stored charge has run out.",description,ThingDef/Buildings_ShipChunks.xml,def
VFEP_ShipChunkCryptosleepCasket.label,ship chunk cryptosleep casket,label,ThingDef/Buildings_ShipChunks.xml,def
VFEP_ShipChunkCryptosleepCasket.description,"A self-powered cryptosleep casket caught in the remains of their ship’s hull. The occupant can still be recovered from the module, but most of the material is worth less than scrap metal and offers little salvage.",description,ThingDef/Buildings_ShipChunks.xml,def
VFEP_ShipChunkVolatileEngine.label,ship chunk volatile engine,label,ThingDef/Buildings_ShipChunks.xml,def
VFEP_ShipChunkVolatileEngine.description,"Self-powered turbo engines for a combat-grade spacecraft, designed for atmospheric use. The control and safety system are damaged and the turbines are unable to take in enough air to cool itself. If not properly dismantled, the accumulating energy will tear itself apart.",description,ThingDef/Buildings_ShipChunks.xml,def
VFEP_Filth_Fuel.label,chemfuel puddle,label,ThingDef/Buildings_ShipChunks.xml,def
VFEP_Filth_Fuel.description,A puddle of flammable chemfuel.,description,ThingDef/Buildings_ShipChunks.xml,def
VFEP_ShipChunkFuelTank.label,ship chunk fuel tank,label,ThingDef/Buildings_ShipChunks.xml,def
VFEP_ShipChunkFuelTank.description,"A tank of Chemfuel, punctured by the hull of its ship’s hull. Some of the fluid can be recovered while the majority is filled with grime, leaking out and creating a fire hazard. A prime target for any pyromaniac wanting to watch the world burn.",description,ThingDef/Buildings_ShipChunks.xml,def
VFEP_ShipChunkGauntletTurret.label,ship chunk gauntlet turret,label,ThingDef/Buildings_ShipChunks.xml,def
VFEP_ShipChunkGauntletTurret.description,"The remains of the housing for the Gauntlet charge cannon. Powered externally, the ammunition storage is wrecked and cannot be replaced. Once the turret empties its magazine, it is still valuable salvage worth recovery.",description,ThingDef/Buildings_ShipChunks.xml,def
VFEP_ShipChunkReactor.label,ship chunk reactor,label,ThingDef/Buildings_ShipChunks.xml,def
VFEP_ShipChunkReactor.description,"The remains of a combat-grade spacecraft’s nuclear reactor, low-yield and designed to operate alongside energy storage. Surprisingly, the reactor is fully functional with no structural damage, so it can be safely used for ground operations.",description,ThingDef/Buildings_ShipChunks.xml,def
VFEP_ShipMedicalCrate.label,ship medical crate,label,ThingDef/Buildings_ShipChunks.xml,def
VFEP_ShipMedicalCrate.description,A now-unsealed crate containing first-aid supplies. The pallet can be dismantled for steel along with recovering the supplies.,description,ThingDef/Buildings_ShipChunks.xml,def
VFEP_ShipNutrientPasteCrate.label,ship nutrient paste crate,label,ThingDef/Buildings_ShipChunks.xml,def
VFEP_ShipNutrientPasteCrate.description,A now-unsealed crate containing emergency food rations. The pallet can be dismantled for steel along with recovering the supplies.,description,ThingDef/Buildings_ShipChunks.xml,def
VFEP_Box_Autorifle.label,warcasket autorifle,label,ThingDef/Buildings_Special.xml,def
VFEP_Box_Autorifle.description,"A portable version of the Autocannon designed for use by a warcasket. Due to a shortened barrel it has a lower range, less penetration and damage compared to the turreted version. However, it is very capable in close quarters combat which makes up for the slight accuracy loss at greater ranges.",description,ThingDef/Buildings_Special.xml,def
VFEP_Box_UraniumSlugRifle.label,warcasket uranium slug rifle,label,ThingDef/Buildings_Special.xml,def
VFEP_Box_UraniumSlugRifle.description,"A portable version of the uranium slug cannon designed for use by a warcasket. Due to a shortened barrel it has less penetration, worse recoil and damage compared to the turreted version. However, it lacks the minimum range requirement thanks to a human operator and has better mid-range performance.",description,ThingDef/Buildings_Special.xml,def
VFEP_Box_Slugthrower.label,warcasket slugthrower,label,ThingDef/Buildings_Special.xml,def
VFEP_Box_Slugthrower.description,"An upscaled version of the pump shotgun designed for use by a warcasket. Each cartridge fired contains 4 pellets larger than slugs from a regular-sized shotgun, giving it better range, armor penetration and much better damage. The recoil is insane though, even for a warcasket’s recoil damping system.",description,ThingDef/Buildings_Special.xml,def
VFEP_Box_Minigun.label,warcasket minigun,label,ThingDef/Buildings_Special.xml,def
VFEP_Box_Minigun.description,"An upscaled version of the minigun designed for use by a warcasket. It uses larger caliber rounds which are poorly made en masse due to how many rounds need to be manufactured. Thus, it has a slower rate of fire and armor penetration, but who cares because no one wants to be on the receiving end of this amount of dakka.",description,ThingDef/Buildings_Special.xml,def
VFEP_Box_GrenadeLauncher.label,warcasket grenade launcher,label,ThingDef/Buildings_Special.xml,def
VFEP_Box_GrenadeLauncher.description,"An upscaled version of the grenade launcher designed for use by a warcasket. A straight upgrade, it fires in bursts of 3 and benefits from recoil damping for faster recovery and better range. Like all launchers though, it has a worse miss radius compared to a hand-thrown grenade.",description,ThingDef/Buildings_Special.xml,def
VFEP_Box_HeavyFlamer.label,warcasket heavy flamer,label,ThingDef/Buildings_Special.xml,def
VFEP_Box_HeavyFlamer.description,"An upscaled version of the heavy flamer designed for use by a warcasket. Thanks to the twin barrels and larger heat sink, it can spit out two jets of flames while also needing less time to prevent overheating.",description,ThingDef/Buildings_Special.xml,def
VFEP_Box_CombatKnife.label,warcasket combat knife,label,ThingDef/Buildings_Special.xml,def
VFEP_Box_CombatKnife.description,"An upscaled version of the combat knife designed for use by a warcasket. It is only still called a knife due to size comparison to a warcasket, but it is capable of cleaving a man in half and is just as large. The preferred weapon for the faster moving warcaskets that prioritize lightly armored, isolated targets.",description,ThingDef/Buildings_Special.xml,def
VFEP_Box_Broadsword.label,warcasket broadsword,label,ThingDef/Buildings_Special.xml,def
VFEP_Box_Broadsword.description,"A very unique melee weapon exclusively made for warcaskets. It combines massive weight and a cutting force that gives it no equal in melee combat. While it was intended for use against other warcaskets, it works just as well against smaller targets that would normally be considered armored.",description,ThingDef/Buildings_Special.xml,def
VFEP_Box_ChargeLance.label,warcasket charge lance,label,ThingDef/Buildings_Special.xml,def
VFEP_Box_ChargeLance.description,"A terror on the battlefield, the charge lance received a massive upgrade for warcasket use. A considerably more powerful energy source gives it superior stopping power, able to fire multiple larger projectiles at a greater range with improved accuracy and penetration.",description,ThingDef/Buildings_Special.xml,def
VFEP_Box_HandheldCannon.label,warcasket handheld cannon,label,ThingDef/Buildings_Special.xml,def
VFEP_Box_HandheldCannon.description,"Essentially a handheld smoothbore mortar that fires explosives in an arc, able to bypass enemy fortifications. Made by those who wanted to combine ancient naval warfare with modern technology. The accuracy is abysmal but the onboard fabricator ensures that artillery fire can be provided without ever needing a resupply.",description,ThingDef/Buildings_Special.xml,def
VFEP_Box_ChargeBlaster.label,warcasket charge blaster,label,ThingDef/Buildings_Special.xml,def
VFEP_Box_ChargeBlaster.description,"Essentially an upscaled charge minigun designed to be used by a warcasket. While firing fewer projectiles in each burst, the ammunition has been improved with explosive payloads. Designed as a support weapon that completely invalidates cover for the unlucky bastards on the receiving end.",description,ThingDef/Buildings_Special.xml,def
VFEP_Box_GravityHammer.label,warcasket gravity hammer,label,ThingDef/Buildings_Special.xml,def
VFEP_Box_GravityHammer.description,"A monumental piece of anti-personnel technology that can only be properly utilized by the oversized warcaskets. Practically an engine block fitted to the end of a mech’s limb actuator, equipped with multiple pneumatic plates covering miniature repulsor generators designed for riot control. In layman’s terms, a strike from the head will launch the target backwards by several meters.",description,ThingDef/Buildings_Special.xml,def
VFEP_Rum.label,rum,label,ThingDef/Alcohol_Rum.xml,def
VFEP_Rum.description,A highly alcoholic beverage made from the recycled bodily fluids of those wearing rumsuits.\n\nAn ingenious way of not only improving morale but also allowing crew to operate longer without needing to resupply for food or dispose of human waste. Rum is very thick to drink - much like a protein shake - and the alcohol helps mask the otherwise unpleasant taste from repurposed nutrient paste dispenser technology.,description,ThingDef/Alcohol_Rum.xml,def
VFEP_Rum.ingestible.ingestCommandString,Drink {0},ingestCommandString,ThingDef/Alcohol_Rum.xml,def
VFEP_Rum.ingestible.ingestReportString,Drinking {0}.,ingestReportString,ThingDef/Alcohol_Rum.xml,def
VFEP_WarcasketHelmet_Warcasket.label,warcasket helmet,label,VFEPirates.WarcasketDef/Apparel_Headgear.xml,def
VFEP_WarcasketHelmet_Warcasket.description,"Basic warcasket helmet with baseline protection and weight.\n\nA 3rd generation warcasket which was the first to enter mass production, its design was based off of a combination of an upscaled astrominer’s powered rig and early iterations of bionic limb interfaces. As pirates have ample supply of “willing” human test subjects, they were deployed before power armor finished the prototype phase. The lead scientist on the project was quoted “you can’t make an omelette without breaking health and safety.”",description,VFEPirates.WarcasketDef/Apparel_Headgear.xml,def
VFEP_WarcasketHelmet_Marine.label,marine warcasket helmet,label,VFEPirates.WarcasketDef/Apparel_Headgear.xml,def
VFEP_WarcasketHelmet_Marine.description,"Advanced warcasket helmet with improved protection for similar weight.\n\nThe 4th generation warcaskets entered development as power armor started to be deployed in military anti-piracy operations. While the more advanced and adjustable marine armour was successful against those who couldn’t field warcaskets, their construction was already being imitated by reverse engineering the superior power supply units and armor design improvements, along with considerably thicker plating supported by stronger hydraulics.",description,VFEPirates.WarcasketDef/Apparel_Headgear.xml,def
VFEP_WarcasketHelmet_Recon.label,recon warcasket helmet,label,VFEPirates.WarcasketDef/Apparel_Headgear.xml,def
VFEP_WarcasketHelmet_Recon.description,"Advanced warcasket helmet with improved environment protection and reduced weight.\n\n5th generation warcaskets were created with a much shorter period between generations, largely being slight specializations of the previous one. The Recon design was made with the goal of having it rapidly going behind enemy lines and taking out important personnel, such as doctors, armorers, engineers and botanists. They were typically armed with a warcasket knife to eliminate armed guards, their motto being “get busy moving or get busy dying”.",description,VFEPirates.WarcasketDef/Apparel_Headgear.xml,def
VFEP_WarcasketHelmet_Cataphract.label,cataphract warcasket helmet,label,VFEPirates.WarcasketDef/Apparel_Headgear.xml,def
VFEP_WarcasketHelmet_Cataphract.description,"Advanced warcasket helmet with superior protection and worse weight.\n\n5th generation warcaskets were created with a much shorter period between generations, largely being slight specializations of the previous one. The Cataphract design was made with the goal of having it tie up as many enemy assets as possible, drawing enemy fire and laying down suppressive fire. The pilots of these suits were particularly fearless and preferred deploying with warcasket minguns, often spouting “I ain’t got time to bleed”.",description,VFEPirates.WarcasketDef/Apparel_Headgear.xml,def
VFEP_WarcasketHelmet_Aerial.label,aerial warcasket helmet,label,VFEPirates.WarcasketDef/Apparel_Headgear.xml,def
VFEP_WarcasketHelmet_Aerial.description,"Specialized warcasket helmet with superior protection for similar weight, aerodynamically designed with onboard telemetry for jump calculation.\n\nThe 7th generation warcaskets came after underwhelming results in improving the baseline performance even further, instead focusing on creating designs that - while interchangeable - work better as a set. They were also the first to include plasteel in the design as it appeared more frequently in scavenging and looting. Each piece has a unique function that synergises with those of the same series, making them a truly separate class of mobile armor units.\n\nThe Aerial series is based on the Marine design with a few improvements in key areas, namely that the plating was made more aerodynamic and the addition of shoulder thrusters. The primary goal was to get the pilot behind enemy lines or even right in the middle of them to tie up high priority targets, giving them the catchphrase “death from above”.",description,VFEPirates.WarcasketDef/Apparel_Headgear.xml,def
VFEP_WarcasketHelmet_Barrage.label,barrage warcasket helmet,label,VFEPirates.WarcasketDef/Apparel_Headgear.xml,def
VFEP_WarcasketHelmet_Barrage.description,"Specialized warcasket helmet with peerless protection and worse weight, with onboard rangefinders and pneumatic canisters.\n\nThe 7th generation warcaskets came after underwhelming results in improving the baseline performance even further, instead focusing on creating designs that - while interchangeable - work better as a set. They were also the first to include plasteel in the design as it appeared more frequently in scavenging and looting. Each piece has a unique function that synergises with those of the same series, making them a truly separate class of mobile armor units.\n\nThe Barrage series makes numerous additions to the Cataphract series, with even heavier armour plating and the addition of weapons platform stabilizers “borrowed wholesale” from navy vessels. The objective was to put as much firepower downrange as possible while ignoring incoming enemy fire, their catchphrase being “dodge this”.",description,VFEPirates.WarcasketDef/Apparel_Headgear.xml,def
VFEP_WarcasketHelmet_Hazard.label,hazard warcasket helmet,label,VFEPirates.WarcasketDef/Apparel_Headgear.xml,def
VFEP_WarcasketHelmet_Hazard.description,"Specialized warcasket helmet with peerless environment protection for similar weight, fitted with top-of-the-line filtration system and psychic dampeners.\n\nThe 7th generation warcaskets came after underwhelming results in improving the baseline performance even further, instead focusing on creating designs that - while interchangeable - work better as a set. They were also the first to include plasteel in the design as it appeared more frequently in scavenging and looting. Each piece has a unique function that synergises with those of the same series, making them a truly separate class of mobile armor units.\n\nThe Hazard series was arguably one of the first of the 7th gen warcaskets, and was designed with utility in mind. The pilot can comfortably walk through a blazing inferno and excessive radiation, either when scavenging the remains of a battle or making its way to overload a ship’s nuclear reactor. Ironically, these pilots’ favourite saying is “I love the smell of napalm, it smells like money”.",description,VFEPirates.WarcasketDef/Apparel_Headgear.xml,def
VFEP_WarcasketHelmet_Shock.label,shock warcasket helmet,label,VFEPirates.WarcasketDef/Apparel_Headgear.xml,def
VFEP_WarcasketHelmet_Shock.description,"Specialized warcasket helmet with superior protection for similar weight, equipped with warning and prediction systems that reduce reaction time latency.\n\nThe 7th generation warcaskets came after underwhelming results in improving the baseline performance even further, instead focusing on creating designs that - while interchangeable - work better as a set. They were also the first to include plasteel in the design as it appeared more frequently in scavenging and looting. Each piece has a unique function that synergises with those of the same series, making them a truly separate class of mobile armor units.\n\nThe Shock series differs from the Aerial series in that the goal was not jump into action but practically be deployed from orbit right in the middle of an enemy base. Typically armed with a warcasket broadsword, they excel in melee combat while also benefiting from enemy friendly fire. Their warcry usually is “you’re all trapped here with me”.",description,VFEPirates.WarcasketDef/Apparel_Headgear.xml,def
VFEP_WarcasketHelmet_Siegebreaker.label,siegebreaker warcasket helmet,label,VFEPirates.WarcasketDef/Apparel_Headgear.xml,def
VFEP_WarcasketHelmet_Siegebreaker.description,"Specialized spacer-tech warcasket helmet with standard protection.\n\n10th generation warcaskets were actually adapted from captured pirate rigs, with government military research divisions improving them with advanced power armour designs. Access to a greater amount of high quality resources and the objective of equipping them onto combat veterans that would otherwise be unable to serve meant the program created single-user operated dreadnoughts. The versatility of the armours have been improved, generally reducing restrictions on mixing pieces of different armour series even across generations.\n\nThe Siegebreaker series provides a general focus on stronger ranged shields to improve survivability in the field, whether that be improving the capacitors or the charging conduits. Because it is a relatively simple improvement, this series is suited more for laying down masses of firepower downrange while offering excellent protection so one can freely reposition to flank the enemy.",description,VFEPirates.WarcasketDef/Apparel_Headgear.xml,def
VFEP_WarcasketHelmet_Guardian.label,guardian warcasket helmet,label,VFEPirates.WarcasketDef/Apparel_Headgear.xml,def
VFEP_WarcasketHelmet_Guardian.description,"Specialized spacer-tech warcasket helmet with improved impact dispersion.\n\n10th generation warcaskets were actually adapted from captured pirate rigs, with government military research divisions improving them with advanced power armour designs. Access to a greater amount of high quality resources and the objective of equipping them onto combat veterans that would otherwise be unable to serve meant the program created single-user operated dreadnoughts. The versatility of the armours have been improved, generally reducing restrictions on mixing pieces of different armour series even across generations.\n\nThe Guardian series offers greater protection against armour penetration as well as being a mobile reusable low-shield for nearby allies. Because of this, this series is somewhat lacklustre when operating solo or against single targets, but instead excels alongside a large group fighting against targets that use single-use weapons systems.",description,VFEPirates.WarcasketDef/Apparel_Headgear.xml,def
VFEP_WarcasketHelmet_Controller.label,controller warcasket helmet,label,VFEPirates.WarcasketDef/Apparel_Headgear.xml,def
VFEP_WarcasketHelmet_Controller.description,"Specialized spacer-tech warcasket helmet with standard protection, equipped with a miniature combat drone deployment module but no controller.\n\n10th generation warcaskets were actually adapted from captured pirate rigs, with government military research divisions improving them with advanced power armour designs. Access to a greater amount of high quality resources and the objective of equipping them onto combat veterans that would otherwise be unable to serve meant the program created single-user operated dreadnoughts. The versatility of the armours have been improved, generally reducing restrictions on mixing pieces of different armour series even across generations.\n\nThe Controller series is packed to the brim with computing technology to support semi-autonomous AI-operated drones. While the power core couldn’t also support a fabrication module, this still permits this series to deploy a brief surge of firepower to overwhelm an enemy, even the odds or offer sufficient distraction to relocate to a more advantageous position. Controllers work very well in defensive locations that can afford to resupply them with the advanced components.",description,VFEPirates.WarcasketDef/Apparel_Headgear.xml,def
VFEP_WarcasketHelmet_Sarcophagus.label,sarcophagus warcasket helmet,label,VFEPirates.WarcasketDef/Apparel_Headgear.xml,def
VFEP_WarcasketHelmet_Sarcophagus.description,"Specialized spacer-tech warcasket helmet with standard protection, equipped with onboard bionics that replace the pilot’s breathing, eating, hearing, sight, and talking functionality. Also comes standard with a consciousness stimulator.\n\n10th generation warcaskets were actually adapted from captured pirate rigs, with government military research divisions improving them with advanced power armour designs. Access to a greater amount of high quality resources and the objective of equipping them onto combat veterans that would otherwise be unable to serve meant the program created single-user operated dreadnoughts. The versatility of the armours have been improved, generally reducing restrictions on mixing pieces of different armour series even across generations.\n\nThe Sarcophagus series is an extremely sensitive matter as it sparked numerous debates and riots regarding its use. This is because it can keep the pilot functional even well after they should have otherwise died, thus has been used not only on veterans but also on prisoners, cripples and indentured servants who have effectively been refuted their right to die. Generally, once someone has been integrated into this armour series, they remain inside until they are completely destroyed.",description,VFEPirates.WarcasketDef/Apparel_Headgear.xml,def
VFEP_WarcasketHelmet_Brute.label,brute warcasket helmet,label,VFEPirates.WarcasketDef/Apparel_Headgear.xml,def
VFEP_WarcasketHelmet_Brute.description,"Specialized spacer-tech warcasket helmet with standard protection, equipped with a discharge module which feeds from the shields’ capacitors.\n\n10th generation warcaskets were actually adapted from captured pirate rigs, with government military research divisions improving them with advanced power armour designs. Access to a greater amount of high quality resources and the objective of equipping them onto combat veterans that would otherwise be unable to serve meant the program created single-user operated dreadnoughts. The versatility of the armours have been improved, generally reducing restrictions on mixing pieces of different armour series even across generations.\n\nThe Brute series is equipped with one of the most advanced shield modules available along with numerous oversized capacitors. Unique to this series, the shields lack the ability to allow the user to fire ranged weapons, but makes up for it by additionally blocking melee as well as ranged attacks. Due to the excessive number of capacitors, the recharge rate for the shields is particularly slow. As such, a Brute should go into melee and kill everything in one go, even detonating their shields if they don’t put themselves in immediate danger.",description,VFEPirates.WarcasketDef/Apparel_Headgear.xml,def
VFEP_WarcasketHelmet_Brute.verbs.0.label,shield detonation,label,VFEPirates.WarcasketDef/Apparel_Headgear.xml,def
VFEP_WarcasketHelmet_Brute.comps.0.verbProps.0.label,shield detonation,label,VFEPirates.WarcasketDef/Apparel_Headgear.xml,def
VFEP_WarcasketHelmet_Brute.comps.0.verbProps.0.description,"Overload the personal shield to create a blast of kinetic energy around the warcasket, damaging everything in radius that gets bigger the more energy it detonates.",description,VFEPirates.WarcasketDef/Apparel_Headgear.xml,def
VFEP_Warcasket_Bodysuit.label,warcasket bodysuit,label,VFEPirates.WarcasketDef/Apparel_Various.xml,def
VFEP_Warcasket_Bodysuit.description,Basic bodysuit that serves as a base for warcasket shells.,description,VFEPirates.WarcasketDef/Apparel_Various.xml,def
VFEP_Warcasket_Warcasket.label,warcasket,label,VFEPirates.WarcasketDef/Apparel_Various.xml,def
VFEP_Warcasket_Warcasket.description,"Basic warcasket shell with baseline protection and weight.\n\nA 3rd generation warcasket which was the first to enter mass production, its design was based off of a combination of an upscaled astrominer’s powered rig and early iterations of bionic limb interfaces. As pirates have ample supply of “willing” human test subjects, they were deployed before power armor finished the prototype phase. The lead scientist on the project was quoted “you can’t make an omelette without breaking health and safety.”",description,VFEPirates.WarcasketDef/Apparel_Various.xml,def
VFEP_WarcasketShoulders_Warcasket.label,warcasket shoulders,label,VFEPirates.WarcasketDef/Apparel_Various.xml,def
VFEP_WarcasketShoulders_Warcasket.description,"Basic warcasket pauldrons with baseline protection and weight.\n\nA 3rd generation warcasket which was the first to enter mass production, its design was based off of a combination of an upscaled astrominer’s powered rig and early iterations of bionic limb interfaces. As pirates have ample supply of “willing” human test subjects, they were deployed before power armor finished the prototype phase. The lead scientist on the project was quoted “you can’t make an omelette without breaking health and safety.”",description,VFEPirates.WarcasketDef/Apparel_Various.xml,def
VFEP_Warcasket_Marine.label,marine warcasket,label,VFEPirates.WarcasketDef/Apparel_Various.xml,def
VFEP_Warcasket_Marine.description,"Advanced warcasket shell with improved protection for similar weight.\n\nThe 4th generation warcaskets entered development as power armor started to be deployed in military anti-piracy operations. While the more advanced and adjustable marine armour was successful against those who couldn’t field warcaskets, their construction was already being imitated by reverse engineering the superior power supply units and armor design improvements, along with considerably thicker plating supported by stronger hydraulics.",description,VFEPirates.WarcasketDef/Apparel_Various.xml,def
VFEP_WarcasketShoulders_Marine.label,marine warcasket shoulders,label,VFEPirates.WarcasketDef/Apparel_Various.xml,def
VFEP_WarcasketShoulders_Marine.description,"Advanced warcasket pauldrons with improved protection for similar weight.\n\nThe 4th generation warcaskets entered development as power armor started to be deployed in military anti-piracy operations. While the more advanced and adjustable marine armour was successful against those who couldn’t field warcaskets, their construction was already being imitated by reverse engineering the superior power supply units and armor design improvements, along with considerably thicker plating supported by stronger hydraulics.",description,VFEPirates.WarcasketDef/Apparel_Various.xml,def
VFEP_Warcasket_Recon.label,recon warcasket,label,VFEPirates.WarcasketDef/Apparel_Various.xml,def
VFEP_Warcasket_Recon.description,"Advanced warcasket shell with improved environment protection and reduced weight.\n\n5th generation warcaskets were created with a much shorter period between generations, largely being slight specializations of the previous one. The Recon design was made with the goal of having it rapidly going behind enemy lines and taking out important personnel, such as doctors, armorers, engineers and botanists. They were typically armed with a warcasket knife to eliminate armed guards, their motto being “get busy moving or get busy dying”.",description,VFEPirates.WarcasketDef/Apparel_Various.xml,def
VFEP_WarcasketShoulders_Recon.label,recon warcasket shoulders,label,VFEPirates.WarcasketDef/Apparel_Various.xml,def
VFEP_WarcasketShoulders_Recon.description,"Advanced warcasket pauldrons with improved protection for similar weight.\n\n5th generation warcaskets were created with a much shorter period between generations, largely being slight specializations of the previous one. The Recon design was made with the goal of having it rapidly going behind enemy lines and taking out important personnel, such as doctors, armorers, engineers and botanists. They were typically armed with a warcasket knife to eliminate armed guards, their motto being “get busy moving or get busy dying”.",description,VFEPirates.WarcasketDef/Apparel_Various.xml,def
VFEP_Warcasket_Cataphract.label,cataphract warcasket,label,VFEPirates.WarcasketDef/Apparel_Various.xml,def
VFEP_Warcasket_Cataphract.description,"Advanced warcasket shell with superior protection and worse weight.\n\n5th generation warcaskets were created with a much shorter period between generations, largely being slight specializations of the previous one. The Cataphract design was made with the goal of having it tie up as many enemy assets as possible, drawing enemy fire and laying down suppressive fire. The pilots of these suits were particularly fearless and preferred deploying with warcasket minguns, often spouting “I ain’t got time to bleed”.",description,VFEPirates.WarcasketDef/Apparel_Various.xml,def
VFEP_WarcasketShoulders_Cataphract.label,cataphract warcasket shoulders,label,VFEPirates.WarcasketDef/Apparel_Various.xml,def
VFEP_WarcasketShoulders_Cataphract.description,"Advanced warcasket pauldrons with superior protection and worse weight.\n\n5th generation warcaskets were created with a much shorter period between generations, largely being slight specializations of the previous one. The Cataphract design was made with the goal of having it tie up as many enemy assets as possible, drawing enemy fire and laying down suppressive fire. The pilots of these suits were particularly fearless and preferred deploying with warcasket minguns, often spouting “I ain’t got time to bleed”.",description,VFEPirates.WarcasketDef/Apparel_Various.xml,def
VFEP_Warcasket_Aerial.label,aerial warcasket,label,VFEPirates.WarcasketDef/Apparel_Various.xml,def
VFEP_Warcasket_Aerial.description,"Specialized warcasket shell with superior protection for similar weight, aerodynamically designed and fitted with rocket booster injectors.\n\nThe 7th generation warcaskets came after underwhelming results in improving the baseline performance even further, instead focusing on creating designs that - while interchangeable - work better as a set. They were also the first to include plasteel in the design as it appeared more frequently in scavenging and looting. Each piece has a unique function that synergises with those of the same series, making them a truly separate class of mobile armor units.\n\nThe Aerial series is based on the Marine design with a few improvements in key areas, namely that the plating was made more aerodynamic and the addition of shoulder thrusters. The primary goal was to get the pilot behind enemy lines or even right in the middle of them to tie up high priority targets, giving them the catchphrase “death from above”.",description,VFEPirates.WarcasketDef/Apparel_Various.xml,def
VFEP_WarcasketShoulders_Aerial.label,aerial warcasket shoulders,label,VFEPirates.WarcasketDef/Apparel_Various.xml,def
VFEP_WarcasketShoulders_Aerial.description,"Specialized warcasket pauldrons with superior protection and reduced weight, aerodynamically designed and fitted with rocket boosters with large exhausts.\n\nThe 7th generation warcaskets came after underwhelming results in improving the baseline performance even further, instead focusing on creating designs that - while interchangeable - work better as a set. They were also the first to include plasteel in the design as it appeared more frequently in scavenging and looting. Each piece has a unique function that synergises with those of the same series, making them a truly separate class of mobile armor units.\n\nThe Aerial series is based on the Marine design with a few improvements in key areas, namely that the plating was made more aerodynamic and the addition of shoulder thrusters. The primary goal was to get the pilot behind enemy lines or even right in the middle of them to tie up high priority targets, giving them the catchphrase “death from above”.",description,VFEPirates.WarcasketDef/Apparel_Various.xml,def
VFEP_Warcasket_Barrage.label,barrage warcasket,label,VFEPirates.WarcasketDef/Apparel_Various.xml,def
VFEP_Warcasket_Barrage.description,"Specialized warcasket shell with peerless protection and excessive weight, fitted with stabilisers and penetrator pistons on the legs.\n\nThe 7th generation warcaskets came after underwhelming results in improving the baseline performance even further, instead focusing on creating designs that - while interchangeable - work better as a set. They were also the first to include plasteel in the design as it appeared more frequently in scavenging and looting. Each piece has a unique function that synergises with those of the same series, making them a truly separate class of mobile armor units.\n\nThe Barrage series makes numerous additions to the Cataphract series, with even heavier armour plating and the addition of weapons platform stabilizers “borrowed wholesale” from navy vessels. The objective was to put as much firepower downrange as possible while ignoring incoming enemy fire, their catchphrase being “dodge this”.",description,VFEPirates.WarcasketDef/Apparel_Various.xml,def
VFEP_WarcasketShoulders_Barrage.label,barrage warcasket shoulders,label,VFEPirates.WarcasketDef/Apparel_Various.xml,def
VFEP_WarcasketShoulders_Barrage.description,"Specialized warcasket pauldrons with peerless protection and excessive weight, fitted with arm stabilisers and shoulder-mounted grenade launchers.\n\nThe 7th generation warcaskets came after underwhelming results in improving the baseline performance even further, instead focusing on creating designs that - while interchangeable - work better as a set. They were also the first to include plasteel in the design as it appeared more frequently in scavenging and looting. Each piece has a unique function that synergises with those of the same series, making them a truly separate class of mobile armor units.\n\nThe Barrage series makes numerous additions to the Cataphract series, with even heavier armour plating and the addition of weapons platform stabilizers “borrowed wholesale” from navy vessels. The objective was to put as much firepower downrange as possible while ignoring incoming enemy fire, their catchphrase being “dodge this”.",description,VFEPirates.WarcasketDef/Apparel_Various.xml,def
VFEP_WarcasketShoulders_Barrage.verbs.0.label,grenade barrage,label,VFEPirates.WarcasketDef/Apparel_Various.xml,def
VFEP_Proj_GrenadierGrenade.label,frag grenade,label,ThingDef/Apparel_Various.xml,def
VFEP_Warcasket_Hazard.label,hazard warcasket,label,VFEPirates.WarcasketDef/Apparel_Various.xml,def
VFEP_Warcasket_Hazard.description,"Specialized warcasket shell with peerless environment protection for similar weight, fitted with flame retardant material.\n\nThe 7th generation warcaskets came after underwhelming results in improving the baseline performance even further, instead focusing on creating designs that - while interchangeable - work better as a set. They were also the first to include plasteel in the design as it appeared more frequently in scavenging and looting. Each piece has a unique function that synergises with those of the same series, making them a truly separate class of mobile armor units.\n\nThe Hazard series was arguably one of the first of the 7th gen warcaskets, and was designed with utility in mind. The pilot can comfortably walk through a blazing inferno and excessive radiation, either when scavenging the remains of a battle or making its way to overload a ship’s nuclear reactor. Ironically, these pilots’ favourite saying is “I love the smell of napalm, it smells like money”.",description,VFEPirates.WarcasketDef/Apparel_Various.xml,def
VFEP_WarcasketShoulders_Hazard.label,hazard warcasket shoulders,label,VFEPirates.WarcasketDef/Apparel_Various.xml,def
VFEP_WarcasketShoulders_Hazard.description,"Specialized warcasket pauldrons with peerless environment protection and similar weight, fitted with flame retardant material.\n\nThe 7th generation warcaskets came after underwhelming results in improving the baseline performance even further, instead focusing on creating designs that - while interchangeable - work better as a set. They were also the first to include plasteel in the design as it appeared more frequently in scavenging and looting. Each piece has a unique function that synergises with those of the same series, making them a truly separate class of mobile armor units.\n\nThe Hazard series was arguably one of the first of the 7th gen warcaskets, and was designed with utility in mind. The pilot can comfortably walk through a blazing inferno and excessive radiation, either when scavenging the remains of a battle or making its way to overload a ship’s nuclear reactor. Ironically, these pilots’ favourite saying is “I love the smell of napalm, it smells like money”.",description,VFEPirates.WarcasketDef/Apparel_Various.xml,def
VFEP_Warcasket_Shock.label,shock warcasket,label,VFEPirates.WarcasketDef/Apparel_Various.xml,def
VFEP_Warcasket_Shock.description,"Specialized warcasket shell with superior protection with higher weight, fitted with impact mitigators and a large propulsion engine on the back.\n\nThe 7th generation warcaskets came after underwhelming results in improving the baseline performance even further, instead focusing on creating designs that - while interchangeable - work better as a set. They were also the first to include plasteel in the design as it appeared more frequently in scavenging and looting. Each piece has a unique function that synergises with those of the same series, making them a truly separate class of mobile armor units.\n\nThe shock series differs from the aerial series in that the goal was not jump into action but practically be deployed from orbit right in the middle of an enemy base. Typically armed with a warcasket broadsword, they excel in melee combat while also benefiting from enemy friendly fire. Their warcry usually is “you’re all trapped here with me”.",description,VFEPirates.WarcasketDef/Apparel_Various.xml,def
VFEP_WarcasketShoulders_Shock.label,shock warcasket shoulders,label,VFEPirates.WarcasketDef/Apparel_Various.xml,def
VFEP_WarcasketShoulders_Shock.description,"Specialized warcasket pauldrons with superior protection and similar weight, onboard targeting computers assist the wearer in melee in both accuracy and evasion.\n\nThe 7th generation warcaskets came after underwhelming results in improving the baseline performance even further, instead focusing on creating designs that - while interchangeable - work better as a set. They were also the first to include plasteel in the design as it appeared more frequently in scavenging and looting. Each piece has a unique function that synergises with those of the same series, making them a truly separate class of mobile armor units.\n\nThe Shock series differs from the Aerial series in that the goal was not jump into action but practically be deployed from orbit right in the middle of an enemy base. Typically armed with a warcasket broadsword, they excel in melee combat while also benefiting from enemy friendly fire. Their warcry usually is “you’re all trapped here with me”.",description,VFEPirates.WarcasketDef/Apparel_Various.xml,def
VFEP_Apparel_Privateer.label,privateer armor,label,ThingDef/Apparel_Various.xml,def
VFEP_Apparel_Privateer.description,"A variant of marine armor with an integrated grappling hook on the shoulder. The armor is slightly less protective than standard marine armor. The launcher does not require ammunition, but time needs to be reserved between shots to wind it up again.
Privateers usually specialize in getting in and out of dangerous situations easily. Grappling hook connects to walls and solid rock and allows the users to quickly move to the desired location.",description,ThingDef/Apparel_Various.xml,def
VFEP_Apparel_Rumsuit.label,rumsuit,label,ThingDef/Apparel_Various.xml,def
VFEP_Apparel_Rumsuit.description,"A large, bulky suit that allows the wearer to passively produce Rum once every 10 days. However, it is not very pleasant to wear as it feels like wearing damp, humid clothes from excessive sweating.\n\nThe suit includes a high-efficiency filter, heat-exchange filaments and salt precipitators. Urine and feces are processed in thigh pads and throughout the design are tubes that link to different catchpockets. Reprocessed bodily fluids are distilled into an alcoholic derivative of nutrient paste which can be drained when all the pockets are filled.\n\nRemoving the suit causes the accumulated liquid to evaporate, and it takes a long time to put on and properly adjust to the wearer. Due to the design, it can only be worn with an undersuit and the lack of head covering, while reducing efficiency, is purposefully done so it can be worn with head protection.",description,ThingDef/Apparel_Various.xml,def
VFEP_Warcasket_Siegebreaker.label,siegebreaker warcasket,label,VFEPirates.WarcasketDef/Apparel_Various.xml,def
VFEP_Warcasket_Siegebreaker.description,"Specialized spacer-tech warcasket shell with standard protection, augmented with improved shield capacitors for greater durability.\n\n10th generation warcaskets were actually adapted from captured pirate rigs, with government military research divisions improving them with advanced power armour designs. Access to a greater amount of high quality resources and the objective of equipping them onto combat veterans that would otherwise be unable to serve meant the program created single-user operated dreadnoughts. The versatility of the armours have been improved, generally reducing restrictions on mixing pieces of different armour series even across generations.\n\nThe Siegebreaker series provides a general focus on stronger ranged shields to improve survivability in the field, whether that be improving the capacitors or the charging conduits. Because it is a relatively simple improvement, this series is suited more for laying down masses of firepower downrange while offering excellent protection so one can freely reposition to flank the enemy.",description,VFEPirates.WarcasketDef/Apparel_Various.xml,def
VFEP_WarcasketShoulders_Siegebreaker.label,siegebreaker warcasket shoulders,label,VFEPirates.WarcasketDef/Apparel_Various.xml,def
VFEP_WarcasketShoulders_Siegebreaker.description,"Specialized spacer-tech warcasket pauldrons with standard protection, augmented with improved power conduits that increase shield recharge rate.\n\n10th generation warcaskets were actually adapted from captured pirate rigs, with government military research divisions improving them with advanced power armour designs. Access to a greater amount of high quality resources and the objective of equipping them onto combat veterans that would otherwise be unable to serve meant the program created single-user operated dreadnoughts. The versatility of the armours have been improved, generally reducing restrictions on mixing pieces of different armour series even across generations.\n\nThe Siegebreaker series provides a general focus on stronger ranged shields to improve survivability in the field, whether that be improving the capacitors or the charging conduits. Because it is a relatively simple improvement, this series is suited more for laying down masses of firepower downrange while offering excellent protection so one can freely reposition to flank the enemy.",description,VFEPirates.WarcasketDef/Apparel_Various.xml,def
VFEP_Warcasket_Guardian.label,guardian warcasket,label,VFEPirates.WarcasketDef/Apparel_Various.xml,def
VFEP_Warcasket_Guardian.description,"Specialized spacer-tech warcasket shell with improved impact dispersion, equipped with a powerful low-shield to support allies.\n\n10th generation warcaskets were actually adapted from captured pirate rigs, with government military research divisions improving them with advanced power armour designs. Access to a greater amount of high quality resources and the objective of equipping them onto combat veterans that would otherwise be unable to serve meant the program created single-user operated dreadnoughts. The versatility of the armours have been improved, generally reducing restrictions on mixing pieces of different armour series even across generations.\n\nThe Guardian series offers greater protection against armour penetration as well as being a mobile reusable low-shield for nearby allies. Because of this, this series is somewhat lacklustre when operating solo or against single targets, but instead excels alongside a large group fighting against targets that use single-use weapons systems.",description,VFEPirates.WarcasketDef/Apparel_Various.xml,def
VFEP_WarcasketShoulders_Guardian.label,guardian warcasket shoulders,label,VFEPirates.WarcasketDef/Apparel_Various.xml,def
VFEP_WarcasketShoulders_Guardian.description,"Specialized spacer-tech warcasket pauldrons with improved impact dispersion, equipped with heavy magnetic modules that occasionally offer full impact mitigation.\n\n10th generation warcaskets were actually adapted from captured pirate rigs, with government military research divisions improving them with advanced power armour designs. Access to a greater amount of high quality resources and the objective of equipping them onto combat veterans that would otherwise be unable to serve meant the program created single-user operated dreadnoughts. The versatility of the armours have been improved, generally reducing restrictions on mixing pieces of different armour series even across generations.\n\nThe Guardian series offers greater protection against armour penetration as well as being a mobile reusable low-shield for nearby allies. Because of this, this series is somewhat lacklustre when operating solo or against single targets, but instead excels alongside a large group fighting against targets that use single-use weapons systems.",description,VFEPirates.WarcasketDef/Apparel_Various.xml,def
VFEP_Warcasket_Controller.label,controller warcasket,label,VFEPirates.WarcasketDef/Apparel_Various.xml,def
VFEP_Warcasket_Controller.description,"Specialized spacer-tech warcasket shell with standard protection, equipped with a controller and combat drone deployment module.\n\n10th generation warcaskets were actually adapted from captured pirate rigs, with government military research divisions improving them with advanced power armour designs. Access to a greater amount of high quality resources and the objective of equipping them onto combat veterans that would otherwise be unable to serve meant the program created single-user operated dreadnoughts. The versatility of the armours have been improved, generally reducing restrictions on mixing pieces of different armour series even across generations.\n\nThe Controller series is packed to the brim with computing technology to support semi-autonomous AI-operated drones. While the power core couldn’t also support a fabrication module, this still permits this series to deploy a brief surge of firepower to overwhelm an enemy, even the odds or offer sufficient distraction to relocate to a more advantageous position. Controllers work very well in defensive locations that can afford to resupply them with the advanced components.",description,VFEPirates.WarcasketDef/Apparel_Various.xml,def
VFEP_Warcasket_Controller.verbs.0.label,drone deployment,label,VFEPirates.WarcasketDef/Apparel_Various.xml,def
VFEP.label,VFE Pirates,label,MVCF.ModDef/Apparel_Various.xml,def
VFEP.description,VFE Pirates,description,MVCF.ModDef/Apparel_Various.xml,def
VFEP_WarcasketShoulders_Controller.label,controller warcasket shoulders,label,VFEPirates.WarcasketDef/Apparel_Various.xml,def
VFEP_WarcasketShoulders_Controller.description,"Specialized spacer-tech warcasket pauldrons with standard protection, equipped with an independent spider mine deployment module.\n\n10th generation warcaskets were actually adapted from captured pirate rigs, with government military research divisions improving them with advanced power armour designs. Access to a greater amount of high quality resources and the objective of equipping them onto combat veterans that would otherwise be unable to serve meant the program created single-user operated dreadnoughts. The versatility of the armours have been improved, generally reducing restrictions on mixing pieces of different armour series even across generations.\n\nThe Controller series is packed to the brim with computing technology to support semi-autonomous AI-operated drones. While the power core couldn’t also support a fabrication module, this still permits this series to deploy a brief surge of firepower to overwhelm an enemy, even the odds or offer sufficient distraction to relocate to a more advantageous position. Controllers work very well in defensive locations that can afford to resupply them with the advanced components.",description,VFEPirates.WarcasketDef/Apparel_Various.xml,def
VFEP_WarcasketShoulders_Controller.verbs.0.label,Deploy spidermine,label,VFEPirates.WarcasketDef/Apparel_Various.xml,def
VFEP_Warcasket_Sarcophagus.label,sarcophagus warcasket,label,VFEPirates.WarcasketDef/Apparel_Various.xml,def
VFEP_Warcasket_Sarcophagus.description,"Specialized spacer-tech warcasket shell with standard protection, equipped with onboard bionics that replace the pilot’s blood filtration, blood pumping, metabolism and movement functionality.\n\n10th generation warcaskets were actually adapted from captured pirate rigs, with government military research divisions improving them with advanced power armour designs. Access to a greater amount of high quality resources and the objective of equipping them onto combat veterans that would otherwise be unable to serve meant the program created single-user operated dreadnoughts. The versatility of the armours have been improved, generally reducing restrictions on mixing pieces of different armour series even across generations.\n\nThe Sarcophagus series is an extremely sensitive matter as it sparked numerous debates and riots regarding its use. This is because it can keep the pilot functional even well after they should have otherwise died, thus has been used not only on veterans but also on prisoners, cripples and indentured servants who have effectively been refuted their right to die. Generally, once someone has been integrated into this armour series, they remain inside until they are completely destroyed.",description,VFEPirates.WarcasketDef/Apparel_Various.xml,def
VFEP_WarcasketShoulders_Sarcophagus.label,sarcophagus warcasket shoulders,label,VFEPirates.WarcasketDef/Apparel_Various.xml,def
VFEP_WarcasketShoulders_Sarcophagus.description,"Specialized spacer-tech warcasket pauldrons with standard protection, equipped with onboard bionics that replace the pilot’s manipulation functionality.\n\n10th generation warcaskets were actually adapted from captured pirate rigs, with government military research divisions improving them with advanced power armour designs. Access to a greater amount of high quality resources and the objective of equipping them onto combat veterans that would otherwise be unable to serve meant the program created single-user operated dreadnoughts. The versatility of the armours have been improved, generally reducing restrictions on mixing pieces of different armour series even across generations.\n\nThe Sarcophagus series is an extremely sensitive matter as it sparked numerous debates and riots regarding its use. This is because it can keep the pilot functional even well after they should have otherwise died, thus has been used not only on veterans but also on prisoners, cripples and indentured servants who have effectively been refuted their right to die. Generally, once someone has been integrated into this armour series, they remain inside until they are completely destroyed.",description,VFEPirates.WarcasketDef/Apparel_Various.xml,def
VFEP_Warcasket_Brute.label,brute warcasket,label,VFEPirates.WarcasketDef/Apparel_Various.xml,def
VFEP_Warcasket_Brute.description,"Specialized spacer-tech warcasket shell with improved impact dispersion, equipped with powerful, oversized capacitors feeding a personal overshield.\n\n10th generation warcaskets were actually adapted from captured pirate rigs, with government military research divisions improving them with advanced power armour designs. Access to a greater amount of high quality resources and the objective of equipping them onto combat veterans that would otherwise be unable to serve meant the program created single-user operated dreadnoughts. The versatility of the armours have been improved, generally reducing restrictions on mixing pieces of different armour series even across generations.\n\nThe Brute series is equipped with one of the most advanced shield modules available along with numerous oversized capacitors. Unique to this series, the shields lack the ability to allow the user to fire ranged weapons, but makes up for it by additionally blocking melee as well as ranged attacks. Due to the excessive number of capacitors, the recharge rate for the shields is particularly slow. As such, a Brute should go into melee and kill everything in one go, even detonating their shields if they don’t put themselves in immediate danger.",description,VFEPirates.WarcasketDef/Apparel_Various.xml,def
VFEP_WarcasketShoulders_Brute.label,brute warcasket shoulders,label,VFEPirates.WarcasketDef/Apparel_Various.xml,def
VFEP_WarcasketShoulders_Brute.description,"Specialized spacer-tech warcasket pauldrons with improved impact dispersion, equipped with additional capacitor banks and melee assistor modules.\n\n10th generation warcaskets were actually adapted from captured pirate rigs, with government military research divisions improving them with advanced power armour designs. Access to a greater amount of high quality resources and the objective of equipping them onto combat veterans that would otherwise be unable to serve meant the program created single-user operated dreadnoughts. The versatility of the armours have been improved, generally reducing restrictions on mixing pieces of different armour series even across generations.\n\nThe Brute series is equipped with one of the most advanced shield modules available along with numerous oversized capacitors. Unique to this series, the shields lack the ability to allow the user to fire ranged weapons, but makes up for it by additionally blocking melee as well as ranged attacks. Due to the excessive number of capacitors, the recharge rate for the shields is particularly slow. As such, a Brute should go into melee and kill everything in one go, even detonating their shields if they don’t put themselves in immediate danger.",description,VFEPirates.WarcasketDef/Apparel_Various.xml,def
VFEP_SideDropPod.label,drop pod (incoming),label,ThingDef/Etheral_Skyfallers.xml,def
VFEP_IShipChunkDebris.label,ship chunk debris (incoming),label,ThingDef/Etheral_Skyfallers.xml,def
VFEP_IShipChunkBattery.label,ship chunk battery (incoming),label,ThingDef/Etheral_Skyfallers.xml,def
VFEP_IShipChunkCryptosleepCasket.label,ship chunk cryptosleep casket (incoming),label,ThingDef/Etheral_Skyfallers.xml,def
VFEP_IShipChunkVolatileEngine.label,ship chunk volatile engine (incoming),label,ThingDef/Etheral_Skyfallers.xml,def
VFEP_IShipChunkFuelTank.label,ship chunk fuel tank (incoming),label,ThingDef/Etheral_Skyfallers.xml,def
VFEP_IShipChunkGauntletTurret.label,ship chunk gauntlet turret (incoming),label,ThingDef/Etheral_Skyfallers.xml,def
VFEP_IShipChunkReactor.label,ship chunk Reactor (incoming),label,ThingDef/Etheral_Skyfallers.xml,def
VFEP_IShipMedicalCrate.label,ship chunk medical crate (incoming),label,ThingDef/Etheral_Skyfallers.xml,def
VFEP_IShipNutrientPasteCrate.label,ship chunk nutrient paste crate (incoming),label,ThingDef/Etheral_Skyfallers.xml,def
VFEP_Mech_Wardrone.label,wardrone,label,ThingDef/Races_Mechanoid.xml,def
VFEP_Mech_Wardrone.description,Semi-autonomous flying combat drone with limited combat functionality. Equipped with a lightweight semi-automatic miniturret due to limited recoil absorption and an onboard self-destruction module to both prevent enemy capture and defense against melee attackers.,description,ThingDef/Races_Mechanoid.xml,def
VFEP_Mech_Wardrone.tools.0.label,turret,label,ThingDef/Races_Mechanoid.xml,def
VFEP_Mech_Wardrone.label,wardrone,label,PawnKindDef/Races_Mechanoid.xml,def
VFEP_Mech_Spidermine.label,spidermine,label,ThingDef/Races_Mechanoid.xml,def
VFEP_Mech_Spidermine.description,"Semi-autonomous combat drone with onboard pathfinding capability. Equipped with a self-destruction module and tracking system, designed to be launched as a payload and then seek out enemy targets. If no nearby targets can be acquired, it will immediately detonate in order to prevent future accidents.",description,ThingDef/Races_Mechanoid.xml,def
VFEP_Mech_Spidermine.tools.0.label,frame,label,ThingDef/Races_Mechanoid.xml,def
VFEP_Mech_Spidermine.label,spidermine,label,PawnKindDef/Races_Mechanoid.xml,def
VFEP_RumAsIngredient.stages.0.label,Drank rum-based cocktail,label,ThoughtDef/Thoughts_Memory_Drinking.xml,def
VFEP_RumAsIngredient.stages.0.description,Yummy.,description,ThoughtDef/Thoughts_Memory_Drinking.xml,def
VFEP_RumSuitThought.stages.0.label,sweaty,label,ThoughtDef/Thoughts_Situation_General.xml,def
VFEP_RumSuitThought.stages.0.description,This suit is way too hot. I'm sweating.,description,ThoughtDef/Thoughts_Situation_General.xml,def
VFEP_WarcasketTrait.degreeDatas.0.label,warcasket,label,TraitDef/Traits_Singular.xml,def
VFEP_WarcasketTrait.degreeDatas.0.description,"{PAWN_nameDef} is entombed in a warcasket. No amount of pain will have an effect on them, and they can never go into a pain shock or drop unconscious due to pain. Because of how bulky the armor is and how much energy it takes to use it, {PAWN_nameDef} is not capable of doing any work.",description,TraitDef/Traits_Singular.xml,def
VFEP_Shellcasket.degreeDatas.0.label,shellcasket,label,TraitDef/Traits_Singular.xml,def
VFEP_Shellcasket.degreeDatas.0.description,"{PAWN_nameDef} was entombed in a warcasket, and then brutally pulled out of one. The neural and nerve damage from being unplugged is so severe that {PAWN_nameDef} is in constant, agonizing pain and can barely assemble his thoughts. Only installing {PAWN_nameDef} back in a warcasket can cure the symptoms.",description,TraitDef/Traits_Singular.xml,def
VFEP_DoWelding.label,welding at warcasket foundry,label,WorkGiverDef/WorkGivers.xml,def
VFEP_DoWelding.verb,weld at,verb,WorkGiverDef/WorkGivers.xml,def
VFEP_DoWelding.gerund,welding at,gerund,WorkGiverDef/WorkGivers.xml,def
VFEP_WarcasketMeleeWeapon_CombatKnife.label,warcasket combat knife,label,ThingDef/MeleeWarcasket.xml,def
VFEP_WarcasketMeleeWeapon_CombatKnife.description,"An upscaled version of the combat knife designed for use by a warcasket. It is only still called a knife due to size comparison to a warcasket, but it is capable of cleaving a man in half and is just as large. The preferred weapon for the faster moving warcaskets that prioritize lightly armored, isolated targets.",description,ThingDef/MeleeWarcasket.xml,def
VFEP_WarcasketMeleeWeapon_CombatKnife.tools.0.label,point,label,ThingDef/MeleeWarcasket.xml,def
VFEP_WarcasketMeleeWeapon_CombatKnife.tools.1.label,blade,label,ThingDef/MeleeWarcasket.xml,def
VFEP_WarcasketMeleeWeapon_Broadsword.label,warcasket broadsword,label,ThingDef/MeleeWarcasket.xml,def
VFEP_WarcasketMeleeWeapon_Broadsword.description,"A very unique melee weapon exclusively made for warcaskets. It combines massive weight and a cutting force that gives it no equal in melee combat. While it was intended for use against other warcaskets, it works just as well against smaller targets that would normally be considered armored.",description,ThingDef/MeleeWarcasket.xml,def
VFEP_WarcasketMeleeWeapon_Broadsword.tools.0.label,point,label,ThingDef/MeleeWarcasket.xml,def
VFEP_WarcasketMeleeWeapon_Broadsword.tools.1.label,blade,label,ThingDef/MeleeWarcasket.xml,def
VFEP_WarcasketMeleeWeapon_GravityHammer.label,warcasket gravity hammer,label,ThingDef/MeleeWarcasket.xml,def
VFEP_WarcasketMeleeWeapon_GravityHammer.description,"A monumental piece of anti-personnel technology that can only be properly utilized by the oversized warcaskets. Practically an engine block fitted to the end of a mech’s limb actuator, equipped with multiple pneumatic plates covering miniature repulsor generators designed for riot control. In layman’s terms, a strike from the head will launch the target backwards by several meters.",description,ThingDef/MeleeWarcasket.xml,def
VFEP_WarcasketMeleeWeapon_GravityHammer.tools.0.label,head,label,ThingDef/MeleeWarcasket.xml,def
VFEP_WarcasketMeleeWeapon_GravityHammer.tools.1.label,handle,label,ThingDef/MeleeWarcasket.xml,def
VFEP_WarcasketMeleeWeapon_PlasmaSword.label,warcasket plasma sword,label,ThingDef/MeleeWarcasket.xml,def
VFEP_WarcasketMeleeWeapon_PlasmaSword.description,"A military modification of the Plasmasaw, adapted for use by warcaskets for anti-materiel purposes. The original intention for this bastard sword was for it to be able to extend like a whip while also having a simple straight form, however issues with containing the plasma shelved the idea. Instead, the links are used to change the length of the sword as well as allow easier replacement of damaged sections.",description,ThingDef/MeleeWarcasket.xml,def
VFEP_WarcasketMeleeWeapon_PlasmaSword.tools.0.label,point,label,ThingDef/MeleeWarcasket.xml,def
VFEP_WarcasketMeleeWeapon_PlasmaSword.tools.1.label,blade,label,ThingDef/MeleeWarcasket.xml,def
VFEPGun_MiniBlaster.label,mini-blaster,label,ThingDef/RangedMechanoid.xml,def
VFEPGun_MiniBlaster.description,A simple automatic gun made to be mounted on a wardrone.,description,ThingDef/RangedMechanoid.xml,def
VFEPGun_MiniBlaster.tools.0.label,barrel,label,ThingDef/RangedMechanoid.xml,def
VFEP_WarcasketGun_Autorifle.label,warcasket autorifle,label,ThingDef/RangedWarcasket.xml,def
VFEP_WarcasketGun_Autorifle.description,"A portable version of the autocannon designed for use by a warcasket. Due to a shortened barrel it has a lower range, less penetration and damage compared to the turreted version. However, it is very capable in close quarters combat which makes up for the slight accuracy loss at greater ranges.",description,ThingDef/RangedWarcasket.xml,def
VFEP_WarcasketGun_Autorifle.tools.0.label,stock,label,ThingDef/RangedWarcasket.xml,def
VFEP_WarcasketGun_Autorifle.tools.1.label,barrel,label,ThingDef/RangedWarcasket.xml,def
VFEP_Bullet_WarcasketAutorifle.label,warcasket autorifle bullet,label,ThingDef/RangedWarcasket.xml,def
VFEP_WarcasketGun_UraniumSlugRifle.label,warcasket uranium slug rifle,label,ThingDef/RangedWarcasket.xml,def
VFEP_WarcasketGun_UraniumSlugRifle.description,"A portable version of the uranium slug cannon designed for use by a warcasket. Due to a shortened barrel it has less penetration, worse recoil and damage compared to the turreted version. However, it lacks the minimum range requirement thanks to a human operator and has better mid-range performance.",description,ThingDef/RangedWarcasket.xml,def
VFEP_WarcasketGun_UraniumSlugRifle.tools.0.label,stock,label,ThingDef/RangedWarcasket.xml,def
VFEP_WarcasketGun_UraniumSlugRifle.tools.1.label,barrel,label,ThingDef/RangedWarcasket.xml,def
VFEP_Bullet_WarcasketUraniumSlugRifle.label,uranium slug,label,ThingDef/RangedWarcasket.xml,def
VFEP_WarcasketGun_Slugthrower.label,warcasket slugthrower,label,ThingDef/RangedWarcasket.xml,def
VFEP_WarcasketGun_Slugthrower.description,"An upscaled version of the pump shotgun designed for use by a warcasket. Each cartridge fired contains 4 pellets larger than slugs from a regular-sized shotgun, giving it better range, armor penetration and much better damage. The recoil is insane though, even for a warcasket’s recoil damping system.",description,ThingDef/RangedWarcasket.xml,def
VFEP_WarcasketGun_Slugthrower.tools.0.label,stock,label,ThingDef/RangedWarcasket.xml,def
VFEP_WarcasketGun_Slugthrower.tools.1.label,barrel,label,ThingDef/RangedWarcasket.xml,def
VFEP_Bullet_WarcasketSlugthrower.label,warcasket slugthrower blast,label,ThingDef/RangedWarcasket.xml,def
VFEP_WarcasketGun_Minigun.label,warcasket minigun,label,ThingDef/RangedWarcasket.xml,def
VFEP_WarcasketGun_Minigun.description,"An upscaled version of the minigun designed for use by a warcasket. It uses larger caliber rounds which are poorly made en masse due to how many rounds need to be manufactured. Thus, it has a slower rate of fire and armor penetration, but who cares because no one wants to be on the receiving end of this amount of dakka.",description,ThingDef/RangedWarcasket.xml,def
VFEP_WarcasketGun_Minigun.tools.0.label,stock,label,ThingDef/RangedWarcasket.xml,def
VFEP_WarcasketGun_Minigun.tools.1.label,barrel,label,ThingDef/RangedWarcasket.xml,def
VFEP_Bullet_WarcasketMinigun.label,warcasket minigun bullet,label,ThingDef/RangedWarcasket.xml,def
VFEP_WarcasketGun_GrenadeLauncher.label,warcasket grenade launcher,label,ThingDef/RangedWarcasket.xml,def
VFEP_WarcasketGun_GrenadeLauncher.description,"An upscaled version of the grenade launcher designed for use by a warcasket. A straight upgrade, it fires in bursts of 3 and benefits from recoil damping for faster recovery and better range. Like all launchers though, it has a worse miss radius compared to a hand-thrown grenade.",description,ThingDef/RangedWarcasket.xml,def
VFEP_WarcasketGun_GrenadeLauncher.tools.0.label,stock,label,ThingDef/RangedWarcasket.xml,def
VFEP_WarcasketGun_GrenadeLauncher.tools.1.label,barrel,label,ThingDef/RangedWarcasket.xml,def
VFEP_WarcasketGun_HeavyFlamer.label,warcasket heavy flamer,label,ThingDef/RangedWarcasket.xml,def
VFEP_WarcasketGun_HeavyFlamer.description,"An upscaled version of the heavy flamer designed for use by a warcasket. Thanks to the twin barrels and larger heat sink, it can spit out two jets of flames while also needing less time to prevent overheating.",description,ThingDef/RangedWarcasket.xml,def
VFEP_WarcasketGun_HeavyFlamer.tools.0.label,stock,label,ThingDef/RangedWarcasket.xml,def
VFEP_WarcasketGun_HeavyFlamer.tools.1.label,barrel,label,ThingDef/RangedWarcasket.xml,def
VWE_Bullet_WarcasketHeavyFlamer.label,warcasket heavy flamer shot,label,VEF.Weapons.ExpandableProjectileDef/RangedWarcasket.xml,def
VFEP_WarcasketGun_ChargeLance.label,warcasket charge lance,label,ThingDef/RangedWarcasket.xml,def
VFEP_WarcasketGun_ChargeLance.description,"A terror on the battlefield, the charge lance received a massive upgrade for warcasket use. A considerably more powerful energy source gives it superior stopping power, able to fire multiple larger projectiles at a greater range with improved accuracy and penetration.",description,ThingDef/RangedWarcasket.xml,def
VFEP_WarcasketGun_ChargeLance.tools.0.label,stock,label,ThingDef/RangedWarcasket.xml,def
VFEP_WarcasketGun_ChargeLance.tools.1.label,barrel,label,ThingDef/RangedWarcasket.xml,def
VFEP_Bullet_WarcasketChargeLance.label,warcasket charge lance shot,label,ThingDef/RangedWarcasket.xml,def
VFEP_WarcasketGun_HandheldCannon.label,warcasket handheld cannon,label,ThingDef/RangedWarcasket.xml,def
VFEP_WarcasketGun_HandheldCannon.description,"Essentially a handheld smoothbore mortar that fires explosives in an arc, able to bypass enemy fortifications. Made by those who wanted to combine ancient naval warfare with modern technology. The accuracy is abysmal but the onboard fabricator ensures that artillery fire can be provided without ever needing a resupply.",description,ThingDef/RangedWarcasket.xml,def
VFEP_WarcasketGun_HandheldCannon.tools.0.label,stock,label,ThingDef/RangedWarcasket.xml,def
VFEP_WarcasketGun_HandheldCannon.tools.1.label,barrel,label,ThingDef/RangedWarcasket.xml,def
VFEP_Bullet_HandheldCannonCannonball.label,cannonball,label,ThingDef/RangedWarcasket.xml,def
VFEP_WarcasketGun_ChargeBlaster.label,warcasket charge blaster,label,ThingDef/RangedWarcasket.xml,def
VFEP_WarcasketGun_ChargeBlaster.description,"Essentially an upscaled charge minigun designed to be used by a warcasket. While firing fewer projectiles in each burst, the ammunition has been improved with explosive payloads. Designed as a support weapon that completely invalidates cover for the unlucky bastards on the receiving end.",description,ThingDef/RangedWarcasket.xml,def
VFEP_WarcasketGun_ChargeBlaster.tools.0.label,stock,label,ThingDef/RangedWarcasket.xml,def
VFEP_WarcasketGun_ChargeBlaster.tools.1.label,barrel,label,ThingDef/RangedWarcasket.xml,def
VFEP_Bullet_WarcasketChargeBlaster.label,warcasket charge blaster shot,label,ThingDef/RangedWarcasket.xml,def
VFEP_WarcasketWeapon.label,warcasket weapons,label,DesignatorDropdownGroupDef/DesignatorDropdownGroupDef.xml,def
