key,text,tag,file,type
VFEM2_NeedTend,The apiary needs to be tended to,VFEM2_NeedTend,Misc.xml,keyed
VFEM2_Resting,The apiary is resting because the ambient temperature is below 10°C,VFEM2_Resting,Misc.xml,keyed
VFEM2_Ready,Honey ready,VFEM2_Ready,Misc.xml,keyed
VFEM2_NeedFlower,The apiary needs {0} more flowers around it for bees to forage around.,VFEM2_NeedFlower,Misc.xml,keyed
VFEM2_NeedTIn,The apiary needs tending in {0},VFEM2_NeedTIn,Misc.xml,keyed
VFEM2_PlaceWorker,The apiary needs to be three cells away from any other apiaries,VFEM2_PlaceWorker,Misc.xml,keyed
VFEM2_PlaceWorkerNoRoof,The apiary can't be built under a roof,VFEM2_PlaceWorkerNoRoof,Misc.xml,keyed
VFEM2_BelowAnimalSkill,"Animal skill too low, needs 5",VFEM2_BelowAnimalSkill,Misc.xml,keyed
VFEM2_TendingFailed,Tending failed,VFEM2_TendingFailed,Misc.xml,keyed
VFEM2_MeadFermentingBarrelNotWorking,This mead fermenting barrel is not working at the moment,VFEM2_MeadFermentingBarrelNotWorking,Misc.xml,keyed
VFEM2_WineBarrelNotWorking,This wine fermenting barrel is not working at the moment,VFEM2_WineBarrelNotWorking,Misc.xml,keyed
VFEM2_BoilPotNotWorking,This boil pot is not working at the moment,VFEM2_BoilPotNotWorking,Misc.xml,keyed
VFEM2_StyleHeraldics,Edit Heraldry,VFEM2_StyleHeraldics,Misc.xml,keyed
VFEM2_SetPattern,Pattern,VFEM2_SetPattern,Misc.xml,keyed
VFEM2_SetSymbol,Symbol,VFEM2_SetSymbol,Misc.xml,keyed
VFEM2_EditFactionHeraldry,Edit Faction,VFEM2_EditFactionHeraldry,Misc.xml,keyed
VFEM2_EditThingHeraldry,Edit Target,VFEM2_EditThingHeraldry,Misc.xml,keyed
VFEM2_ResetToFaction,Reset,VFEM2_ResetToFaction,Misc.xml,keyed
VFEM2_StatsReport_Flammability,Timbered wall: +50%,VFEM2_StatsReport_Flammability,Misc.xml,keyed
VFEM2_ItemImproved_Anvil,{0} has been improved to {1} quality level due to the smithing anvil.,VFEM2_ItemImproved_Anvil,Misc.xml,keyed
VFEM2_ItemImproved_Polisher,{0} has been improved to {1} quality level due to the stone polisher.,VFEM2_ItemImproved_Polisher,Misc.xml,keyed
VFEM2_MerchantCaravanSpawnCount,Merchant caravan spawn count (scalable with world polulation size),VFEM2_MerchantCaravanSpawnCount,Misc.xml,keyed
VFEM2_MerchantCaravanStayPeriod,Merchant's Guild will pack and move in: {0},VFEM2_MerchantCaravanStayPeriod,Misc.xml,keyed
VFEM2_BarterWith,Barter with {0},VFEM2_BarterWith,Misc.xml,keyed
VFEM2_BarterFairness,Barter fairness,VFEM2_BarterFairness,Misc.xml,keyed
VFEM2_BarterExplanation,"In order to strike a deal with the Merchant's Guild, you need to provide them with enough goods for the deal to become fair. Value of every item is skewed in random direction slightly. Higher negotiation ability will increase the value of your items.",VFEM2_BarterExplanation,Misc.xml,keyed
VFEM2_CommandBarter,Barter,VFEM2_CommandBarter,Misc.xml,keyed
VFEM2_CommandBarterDesc,Barter with this merchant guild.,VFEM2_CommandBarterDesc,Misc.xml,keyed
VFEM2_LetterLabelFactionBaseDefeated,Merchant's guild camp destroyed,VFEM2_LetterLabelFactionBaseDefeated,Misc.xml,keyed
VFEM2_LetterFactionBaseDefeated,The merchant's guild camp has been destroyed.,VFEM2_LetterFactionBaseDefeated,Misc.xml,keyed
VFEM2_LetterFactionBaseDefeated_FactionDestroyed,"Since this was their last camp, {0} has been defeated.",VFEM2_LetterFactionBaseDefeated_FactionDestroyed,Misc.xml,keyed
VFEM_MaynardMedievalResearchModifier,"Due to the amount of completed research projects, the research  cost is increased to: {0}",VFEM_MaynardMedievalResearchModifier,Misc.xml,keyed
VFEM_PillageRaidDesc,"A group of vikings from {0} have arrived nearby.\nThey will attempt to burn your colony down, stealing whatever they can before they leave.\nPrepare a defense or attack them preemptively.",VFEM_PillageRaidDesc,Misc.xml,keyed
VFEM2_CobblestoneWall_.label,cobblestone wall ({0}),label,VFEMedieval.CobblestoneWallTemplateDef/VFEMedieval.CobblestoneWallTemplateDef.xml,def
VFEM2_CobblestoneWall_.description,An impassable wall made out of big rock chunks.,description,VFEMedieval.CobblestoneWallTemplateDef/VFEMedieval.CobblestoneWallTemplateDef.xml,def
VFEM2_Feudal.label,feudal,label,CultureDef/CultureDef.xml,def
VFEM2_Feudal.description,A harsh feudal culture of medieval people.,description,CultureDef/CultureDef.xml,def
VFEM2_FeudalGuild.label,feudal,label,CultureDef/CultureDef.xml,def
VFEM2_FeudalGuild.description,A harsh feudal culture of medieval people.,description,CultureDef/CultureDef.xml,def
VFEM2_Vikings.label,vikings,label,CultureDef/CultureDef.xml,def
VFEM2_Vikings.description,A harsh norse culture common among the vikings.,description,CultureDef/CultureDef.xml,def
VFEM2_NamerDeityVikings.rulePack.rulesStrings.0,name->[syl][end],li,RulePackDef/RulePackDef.xml,def
VFEM2_NamerDeityVikings.rulePack.rulesStrings.1,name->[syl]'[end],li,RulePackDef/RulePackDef.xml,def
VFEM2_NamerDeityVikings.rulePack.rulesStrings.2,syl->[NorseNames],li,RulePackDef/RulePackDef.xml,def
VFEM2_NamerDeityVikings.rulePack.rulesStrings.3,end->abrei,li,RulePackDef/RulePackDef.xml,def
VFEM2_NamerDeityVikings.rulePack.rulesStrings.4,end->tro,li,RulePackDef/RulePackDef.xml,def
VFEM2_NamerDeityVikings.rulePack.rulesStrings.5,end->ox,li,RulePackDef/RulePackDef.xml,def
VFEM2_NamerDeityVikings.rulePack.rulesStrings.6,end->brin,li,RulePackDef/RulePackDef.xml,def
VFEM2_NamerDeityVikings.rulePack.rulesStrings.7,end->bai,li,RulePackDef/RulePackDef.xml,def
VFEM2_NamerDeityVikings.rulePack.rulesStrings.8,end->bust,li,RulePackDef/RulePackDef.xml,def
VFEM2_NamerDeityVikings.rulePack.rulesStrings.9,end->vast,li,RulePackDef/RulePackDef.xml,def
VFEM2_NamerDeityVikings.rulePack.rulesStrings.10,end->varg,li,RulePackDef/RulePackDef.xml,def
VFEM2_NamerDeityVikings.rulePack.rulesStrings.11,end->vix,li,RulePackDef/RulePackDef.xml,def
VFEM2_NamerDeityVikings.rulePack.rulesStrings.12,end->tor,li,RulePackDef/RulePackDef.xml,def
VFEM2_NamerDeityVikings.rulePack.rulesStrings.13,end->tear,li,RulePackDef/RulePackDef.xml,def
VFEM2_NamerDeityVikings.rulePack.rulesStrings.14,end->cut,li,RulePackDef/RulePackDef.xml,def
VFEM2_NamerDeityVikings.rulePack.rulesStrings.15,end->lop,li,RulePackDef/RulePackDef.xml,def
VFEM2_NamerDeityVikings.rulePack.rulesStrings.16,end->oze,li,RulePackDef/RulePackDef.xml,def
VFEM2_NamerDeityVikings.rulePack.rulesStrings.17,end->ozzle,li,RulePackDef/RulePackDef.xml,def
VFEM2_NamerDeityVikings.rulePack.rulesStrings.18,end->latch,li,RulePackDef/RulePackDef.xml,def
VFEM2_NamerDeityVikings.rulePack.rulesStrings.19,end->lock,li,RulePackDef/RulePackDef.xml,def
VFEM2_NamerDeityVikings.rulePack.rulesStrings.20,end->burn,li,RulePackDef/RulePackDef.xml,def
VFEM2_NamerDeityVikings.rulePack.rulesStrings.21,end->sear,li,RulePackDef/RulePackDef.xml,def
VFEM2_NamerDeityVikings.rulePack.rulesStrings.22,end->shank,li,RulePackDef/RulePackDef.xml,def
VFEM2_NamerDeityVikings.rulePack.rulesStrings.23,end->hurt,li,RulePackDef/RulePackDef.xml,def
VFEM2_NamerDeityVikings.rulePack.rulesStrings.24,end->vash,li,RulePackDef/RulePackDef.xml,def
VFEM2_NamerDeityVikings.rulePack.rulesStrings.25,end->warg,li,RulePackDef/RulePackDef.xml,def
VFEM2_NamerDeityVikings.rulePack.rulesStrings.26,end->wug,li,RulePackDef/RulePackDef.xml,def
VFEM2_NamerDeityVikings.rulePack.rulesStrings.27,end->thot,li,RulePackDef/RulePackDef.xml,def
VFEM2_NamerDeityVikings.rulePack.rulesStrings.28,end->thard,li,RulePackDef/RulePackDef.xml,def
VFEM2_NamerDeityVikings.rulePack.rulesStrings.29,end->thad,li,RulePackDef/RulePackDef.xml,def
VFEM2_Vikings.label,vikings,label,WeaponClassDef/WeaponClassDef.xml,def
VFEM2_DamageSting.label,sting,label,DamageDef/DamageDef.xml,def
VFEM2_DamageSting.deathMessage,{0} has been stung to death.,deathMessage,DamageDef/DamageDef.xml,def
VFEM2_Floor_Matting.label,matting,label,DesignatorDropdownGroupDef/DesignatorDropdownGroupDef.xml,def
VFEM2_CobblestoneWalls.label,cobblestone wall,label,DesignatorDropdownGroupDef/DesignatorDropdownGroupDef.xml,def
VFEM2_Mead.label,mead,label,ThingDef/ThingDef.xml,def
VFEM2_Mead.description,"A drink akin to wine, made of fermented honey and water, aged in a simple barrel. This sweet, crisp drink is known be nursed over time and has a reputation of being particularly comforting. Consuming mead lowers psychic sensitivity.",description,ThingDef/ThingDef.xml,def
VFEM2_Mead.ingestible.ingestCommandString,Drink {0},ingestCommandString,ThingDef/ThingDef.xml,def
VFEM2_Mead.ingestible.ingestReportString,Drinking {0}.,ingestReportString,ThingDef/ThingDef.xml,def
VFEM2_MeadAlcoholHigh.label,mead high,label,HediffDef/HediffDef.xml,def
VFEM2_MeadAlcoholHigh.labelNoun,a mead high,labelNoun,HediffDef/HediffDef.xml,def
VFEM2_MeadAlcoholHigh.description,"Mead in the bloodstream. It makes people happy, but reduces capacities. Slightly reduces psychic sensitivity.",description,HediffDef/HediffDef.xml,def
VFEM2_MeadAlcoholHigh.stages.0.label,warm,label,HediffDef/HediffDef.xml,def
VFEM2_MeadAlcoholHigh.stages.1.label,tipsy,label,HediffDef/HediffDef.xml,def
VFEM2_MeadAlcoholHigh.stages.2.label,drunk,label,HediffDef/HediffDef.xml,def
VFEM2_MeadAlcoholHigh.stages.3.label,hammered,label,HediffDef/HediffDef.xml,def
VFEM2_MeadAlcoholHigh.stages.4.label,blackout,label,HediffDef/HediffDef.xml,def
VFEM2_Inebriated.stages.0.label,alcohol warmth,label,ThoughtDef/ThoughtDef.xml,def
VFEM2_Inebriated.stages.0.description,I just feel a bit more relaxed after that drink. That's good.,description,ThoughtDef/ThoughtDef.xml,def
VFEM2_Inebriated.stages.1.label,quite inebriated,label,ThoughtDef/ThoughtDef.xml,def
VFEM2_Inebriated.stages.1.description,I'm a bit wobbly! And this is quite enjoyable.,description,ThoughtDef/ThoughtDef.xml,def
VFEM2_Inebriated.stages.2.label,drunk,label,ThoughtDef/ThoughtDef.xml,def
VFEM2_Inebriated.stages.2.description,I feel so uninhibited and unafraid! This is a great time!,description,ThoughtDef/ThoughtDef.xml,def
VFEM2_Inebriated.stages.3.label,hammered,label,ThoughtDef/ThoughtDef.xml,def
VFEM2_Inebriated.stages.3.description,Wooo! What's going on?,description,ThoughtDef/ThoughtDef.xml,def
VFEM2_Wine.label,wine,label,ThingDef/ThingDef.xml,def
VFEM2_Wine.description,"A large bottle of a strong alcoholic beverage that is made from fermented grapes. Excessive consumption can lead to alcohol blackouts and, over time, addiction. Consuming wine increases psychic sensitivity.",description,ThingDef/ThingDef.xml,def
VFEM2_Wine.ingestible.ingestCommandString,Drink {0},ingestCommandString,ThingDef/ThingDef.xml,def
VFEM2_Wine.ingestible.ingestReportString,Drinking {0}.,ingestReportString,ThingDef/ThingDef.xml,def
VFEM2_WineAlcoholHigh.label,wine,label,HediffDef/HediffDef.xml,def
VFEM2_WineAlcoholHigh.labelNoun,wine drunkenness,labelNoun,HediffDef/HediffDef.xml,def
VFEM2_WineAlcoholHigh.description,"Wine in the bloodstream. It makes people happy and more psychically sensitive, but reduces capacities.",description,HediffDef/HediffDef.xml,def
VFEM2_WineAlcoholHigh.stages.0.label,warm,label,HediffDef/HediffDef.xml,def
VFEM2_WineAlcoholHigh.stages.1.label,tipsy,label,HediffDef/HediffDef.xml,def
VFEM2_WineAlcoholHigh.stages.2.label,drunk,label,HediffDef/HediffDef.xml,def
VFEM2_WineAlcoholHigh.stages.3.label,hammered,label,HediffDef/HediffDef.xml,def
VFEM2_WineAlcoholHigh.stages.4.label,blackout,label,HediffDef/HediffDef.xml,def
VFEM2_ClanRough.label,rough clan,label,FactionDef/FactionDef.xml,def
VFEM2_ClanRough.description,"These clanmen have been here for a long time. Perhaps their ancestors crashed here a thousand years ago, as their legends suggest. In any case, the nordmen are fierce people who live off of the work of others, and they are not afraid to use force to take what's not theirs.\n\nAlbeit not as technologically advanced as other factions, the nordmen can be a valuable ally and a terrible enemy due to their hardiness and savage, heathen ways.\n\nThis particular clan values warlike dominance; it may be difficult to turn them into an ally.",description,FactionDef/FactionDef.xml,def
VFEM2_ClanSavage.label,savage clan,label,FactionDef/FactionDef.xml,def
VFEM2_ClanSavage.description,"These clanmen have been here for a long time. Perhaps their ancestors crashed here a thousand years ago, as their legends suggest. In any case, the nordmen are fierce people who live off of the work of others, and they are not afraid to use force to take what's not theirs.\n\nAlbeit not as technologically advanced as other factions, the nordmen can be a valuable ally and a terrible enemy due to their hardiness and savage, heathen ways.\n\nThis particular clan wreaks havoc in surrounding settlements and takes any survivors into slavery - it will be impossible to become their ally!",description,FactionDef/FactionDef.xml,def
VFEM2_CivilClan.label,civil clan,label,FactionDef/FactionDef.xml,def
VFEM2_CivilClan.description,"These clanmen have been here for a long time. Perhaps their ancestors crashed here a thousand years ago, as their legends suggest. In any case, the nordmen are fierce people who live off of the work of others, and they are not afraid to use force to take what's not theirs.\n\nAlbeit not as technologically advanced as other factions, the nordmen can be a valuable ally and a terrible enemy due to their hardiness and savage, heathen ways.\n\nThis particular clan is more progressive than others, and is more likely to engage in trade and diplomacy with other factions.",description,FactionDef/FactionDef.xml,def
VFEM2_KingdomCivil.label,civil kingdom,label,FactionDef/FactionDef.xml,def
VFEM2_KingdomCivil.description,"These people have been here for a shorter period of time than their neolithic bretheren. It is believed that some tribespeople and outlanders had come to embrace the medieval ways of life and decided to unite.\n\nThough still technologically inferior to many other factions, the subjects of this kingdom are well-known for using towering fortifications to protect their assets, as well as adopting the use of shields in combat and fighting in a particularly orderly manner.\n\nThis particular kingdom is open to keeping trade relations good with other settlements to bolster their economic position.",description,FactionDef/FactionDef.xml,def
VFEM2_KingdomRough.label,rough kingdom,label,FactionDef/FactionDef.xml,def
VFEM2_KingdomRough.description,"These people have been here for a shorter period of time than their neolithic bretheren. It is believed that some tribespeople and outlanders had come to embrace the medieval ways of life and decided to unite.\n\nThough still technologically inferior to many other factions, the subjects of this kingdom are well-known for using towering fortifications to protect their assets, as well as adopting the use of shields in combat and fighting in a particularly orderly manner.\n\nThis particular kingdom is ruled under a heavy hand and wishes to expand by laying the less fortunate to waste - though it is still possible to befriend them.",description,FactionDef/FactionDef.xml,def
VFEM2_KingdomSavage.label,savage kingdom,label,FactionDef/FactionDef.xml,def
VFEM2_KingdomSavage.description,"These people have been here for a shorter period of time than their neolithic bretheren. It is believed that some tribespeople and outlanders had come to embrace the medieval ways of life and decided to unite.\n\nThough still technologically inferior to many other factions, the subjects of this kingdom are well-known for using towering fortifications to protect their assets, as well as adopting the use of shields in combat and fighting in a particularly orderly manner.\n\nThis particular kingdom is driven by a warband styled culture; you will not be able to ally with them!",description,FactionDef/FactionDef.xml,def
VFEM2_MerchantGuild.label,merchant's guild,label,FactionDef/FactionDef.xml,def
VFEM2_MerchantGuild.description,"These people have been here for a shorter period of time than their neolithic brethren. These wandering traders and skilled negotiators form a vast network of traveling caravans and temporary markets. Originating from a loose coalition of outlanders and former city-dwellers, they abandoned static settlements in favor of constant movement, seeking prosperity through commerce rather than conquest.\n\nUnlike most factions, the Guild operates on a pure barter economy—silver holds no value to them, only goods and services do. Their traders travel far and wide, setting up bustling market hubs wherever they stop, offering rare wares and exotic goods in exchange for what they deem useful.\n\nThough they avoid direct conflict and prefer diplomacy, their well-armed guards ensure that their caravans remain safe from opportunistic raiders.",description,FactionDef/FactionDef.xml,def
VFEM2_MerchantGuild.pawnSingular,subject,pawnSingular,FactionDef/FactionDef.xml,def
VFEM2_MerchantGuild.pawnsPlural,subjects,pawnsPlural,FactionDef/FactionDef.xml,def
VFEM2_MerchantGuild.leaderTitle,guildmaster,leaderTitle,FactionDef/FactionDef.xml,def
VFEM2_MerchantGuildCaravan.label,merchant's guild,label,VEF.Planet.MovingBaseDef/VEF.Planet.MovingBaseDef.xml,def
VFEM2_MerchantGuildCaravan.description,A group of traveling people.,description,VEF.Planet.MovingBaseDef/VEF.Planet.MovingBaseDef.xml,def
VFEM2_DestroyedMerchantGuildCamp.label,destroyed merchant's guild camp,label,WorldObjectDef/WorldObjectDef.xml,def
VFEM2_DestroyedMerchantGuildCamp.description,A destroyed camp.,description,WorldObjectDef/WorldObjectDef.xml,def
VFEM2_MerchantGuildTrader.label,merchant's guild,label,TraderKindDef/TraderKindDef.xml,def
VFEM2_PlayerKingdom.label,New Kingdom,label,FactionDef/FactionDef.xml,def
VFEM2_PlayerKingdom.description,A small kingdom.,description,FactionDef/FactionDef.xml,def
VFEM2_PlayerKingdom.pawnSingular,subject,pawnSingular,FactionDef/FactionDef.xml,def
VFEM2_PlayerKingdom.pawnsPlural,subjects,pawnsPlural,FactionDef/FactionDef.xml,def
VFEM2_ImmunizationDraught.label,immunization draught,label,HediffDef/HediffDef.xml,def
VFEM2_ImmunizationDraught.description,"A draught is improving this person’s immune system, making them more capable of fighting off diseases and infections at the cost of making them more sleepy.",description,HediffDef/HediffDef.xml,def
VFEM2_ImmunizationDraught.stages.0.label,fading,label,HediffDef/HediffDef.xml,def
VFEM2_ImmunizationDraught.stages.1.label,potent,label,HediffDef/HediffDef.xml,def
VFEM2_HealingDraught.label,healing draught,label,HediffDef/HediffDef.xml,def
VFEM2_HealingDraught.description,"A draught is improving this person’s natural wound regeneration, making them able to heal from wounds significantly faster than normal.",description,HediffDef/HediffDef.xml,def
VFEM2_HealingDraught.stages.0.label,fading,label,HediffDef/HediffDef.xml,def
VFEM2_HealingDraught.stages.1.label,potent,label,HediffDef/HediffDef.xml,def
VFEM2_StrengthDraught.label,strength draught,label,HediffDef/HediffDef.xml,def
VFEM2_StrengthDraught.description,"A draught is improving strength and reflexes of the user, improving their combat capabilities at the cost of increased social fight chance and higher mental break threshold.",description,HediffDef/HediffDef.xml,def
VFEM2_StrengthDraught.stages.0.label,fading,label,HediffDef/HediffDef.xml,def
VFEM2_StrengthDraught.stages.1.label,potent,label,HediffDef/HediffDef.xml,def
VFEM2_EfficiencyDraught.label,efficiency draught,label,HediffDef/HediffDef.xml,def
VFEM2_EfficiencyDraught.description,"A draught is improving global workspeed of the user while also simultaneously slowing down their energy loss at the cost of increased chance of a heart attack. At the end of the potent duration, the user receives a major sleep fall rate increase.",description,HediffDef/HediffDef.xml,def
VFEM2_EfficiencyDraught.stages.0.label,fading,label,HediffDef/HediffDef.xml,def
VFEM2_EfficiencyDraught.stages.1.label,potent,label,HediffDef/HediffDef.xml,def
VFEM2_PainkillerDraught.label,painkiller draught,label,HediffDef/HediffDef.xml,def
VFEM2_PainkillerDraught.description,A draught is stopping the user from feeling pain at the cost of lowering their focus and productivity greatly.,description,HediffDef/HediffDef.xml,def
VFEM2_PainkillerDraught.stages.0.label,fading,label,HediffDef/HediffDef.xml,def
VFEM2_PainkillerDraught.stages.1.label,potent,label,HediffDef/HediffDef.xml,def
VFEM2_TorturerDraught.label,torturer draught,label,HediffDef/HediffDef.xml,def
VFEM2_TorturerDraught.description,"A draught is causing severe pain to the user, making them unable to even move. If they are a prisoner, they will rapidly lose their resistance, and if they are a slave, they will be fully suppressed.",description,HediffDef/HediffDef.xml,def
VFEM2_TorturerDraught.stages.0.label,fading,label,HediffDef/HediffDef.xml,def
VFEM2_TorturerDraught.stages.1.label,potent,label,HediffDef/HediffDef.xml,def
VFEM2_FocusDraught.label,focus draught,label,HediffDef/HediffDef.xml,def
VFEM2_FocusDraught.description,"A draught is increasing the capability of the user to learn, allowing them to gain more knowledge, eat faster, rest quicker and gain more psyfocus while potent. The effects are reversed when the draught is fading.",description,HediffDef/HediffDef.xml,def
VFEM2_FocusDraught.stages.0.label,fading,label,HediffDef/HediffDef.xml,def
VFEM2_FocusDraught.stages.1.label,potent,label,HediffDef/HediffDef.xml,def
VFEM2_FertilityDraught.label,fertility draught,label,HediffDef/HediffDef.xml,def
VFEM2_FertilityDraught.description,A draught is artificially increasing the fertility of the user. The slight boost to fertility will allow even infertile people to have a chance to become parents.,description,HediffDef/HediffDef.xml,def
VFEM2_FertilityDraught.stages.0.label,fading,label,HediffDef/HediffDef.xml,def
VFEM2_FertilityDraught.stages.1.label,potent,label,HediffDef/HediffDef.xml,def
VFEM2_InspirationDraught.label,inspiration draught,label,HediffDef/HediffDef.xml,def
VFEM2_InspirationDraught.description,"A draught is providing the user with mental clarity, allowing them to focus on gaining new knowledge in skills they are passionate about at the cost of diminished combat capabilities.",description,HediffDef/HediffDef.xml,def
VFEM2_InspirationDraught.stages.0.label,fading,label,HediffDef/HediffDef.xml,def
VFEM2_InspirationDraught.stages.1.label,potent,label,HediffDef/HediffDef.xml,def
VFEM2_StoneskinDraught.label,stoneskin draught,label,HediffDef/HediffDef.xml,def
VFEM2_StoneskinDraught.description,"A draught is transforming the user's skin into a built-in suit of armor. The whole epidermis thickens and hardens to resist burns, while jointed exterior keratin plates form everywhere they can - including the head and face. While it's very difficult to physically hurt someone under the effects of this draught, the plates and hard skin significantly reduces the user's physical attractiveness.",description,HediffDef/HediffDef.xml,def
VFEM2_StoneskinDraught.stages.0.label,fading,label,HediffDef/HediffDef.xml,def
VFEM2_StoneskinDraught.stages.1.label,potent,label,HediffDef/HediffDef.xml,def
VFEM2_AmnesiaDraught.label,amnesia draught,label,HediffDef/HediffDef.xml,def
VFEM2_AmnesiaDraught.description,"A draught is causing the user to quickly lose memory, resulting in both negative and positive memories lasting significantly shorter.",description,HediffDef/HediffDef.xml,def
VFEM2_AmnesiaDraught.stages.0.label,fading,label,HediffDef/HediffDef.xml,def
VFEM2_AmnesiaDraught.stages.1.label,potent,label,HediffDef/HediffDef.xml,def
VFEM2_ComaDraught.label,coma draught,label,HediffDef/HediffDef.xml,def
VFEM2_ComaDraught.description,A draught is putting the user in a chemically induced coma that slows down their metabolism greatly.,description,HediffDef/HediffDef.xml,def
VFEM2_ComaDraught.stages.0.label,fading,label,HediffDef/HediffDef.xml,def
VFEM2_ComaDraught.stages.1.label,potent,label,HediffDef/HediffDef.xml,def
VFEM2_PoisonDraught.label,poison draught,label,HediffDef/HediffDef.xml,def
VFEM2_PoisonDraught.description,"A draught is shutting down the user, reducing their consciousness into a state of chemically inducing coma that causes organ decay and will inevitably lead to death.",description,HediffDef/HediffDef.xml,def
VFEM2_PoisonDraught.stages.0.label,potent,label,HediffDef/HediffDef.xml,def
VFEM2_PoisonDraught.stages.1.label,final,label,HediffDef/HediffDef.xml,def
VFEM2_PoisonDraughtDumbHediff.label,poison draught,label,HediffDef/HediffDef.xml,def
VFEM2_PoisonDraughtDumbHediff.description,"A draught is shutting down the user, reducing their consciousness into a state of chemically inducing coma that causes organ decay and will inevitably lead to death.",description,HediffDef/HediffDef.xml,def
VFEM2_AntitoxDraught.label,antitox draught,label,HediffDef/HediffDef.xml,def
VFEM2_AntitoxDraught.description,A draught is improving the toxic resistance of the user.,description,HediffDef/HediffDef.xml,def
VFEM2_AntitoxDraught.stages.0.label,fading,label,HediffDef/HediffDef.xml,def
VFEM2_AntitoxDraught.stages.1.label,potent,label,HediffDef/HediffDef.xml,def
VFEM_RallyWearerHediff.label,rally,label,HediffDef/HediffDef.xml,def
VFEM_RallyWearerHediff.description,"Aura that rallies everyone nearby, stopping their mental breaks and preventing them from breaking again.",description,HediffDef/HediffDef.xml,def
VFEM_RallyAuraBuffHediff.label,rally aura,label,HediffDef/HediffDef.xml,def
VFEM_RallyAuraBuffHediff.description,Rallying aura that prevents mental breaks.,description,HediffDef/HediffDef.xml,def
VFEM2_Sting.label,sting,label,HediffDef/HediffDef.xml,def
VFEM2_Sting.labelNoun,a bee sting,labelNoun,HediffDef/HediffDef.xml,def
VFEM2_Sting.description,A hurtful bee sting.,description,HediffDef/HediffDef.xml,def
VFEM2_Sting.comps.0.labelTendedWell,bandaged,labelTendedWell,HediffDef/HediffDef.xml,def
VFEM2_Sting.comps.0.labelTendedWellInner,bandaged,labelTendedWellInner,HediffDef/HediffDef.xml,def
VFEM2_Sting.comps.0.labelSolidTendedWell,bandaged,labelSolidTendedWell,HediffDef/HediffDef.xml,def
VFEM2_Sting.comps.2.permanentLabel,sting scar,permanentLabel,HediffDef/HediffDef.xml,def
VFEM2_PlagueMask.label,plague mask,label,HediffDef/HediffDef.xml,def
VFEM2_PlagueMask.description,Plague mask prevents the wearer from catching plague.,description,HediffDef/HediffDef.xml,def
VFEM2_Barry.label,barry,label,VFEMedieval.HeraldicPattern/VFEMedieval.HeraldicPattern.xml,def
VFEM2_BarryDancetty.label,barry dancetty,label,VFEMedieval.HeraldicPattern/VFEMedieval.HeraldicPattern.xml,def
VFEM2_Bordure.label,bordure,label,VFEMedieval.HeraldicPattern/VFEMedieval.HeraldicPattern.xml,def
VFEM2_Cross.label,cross,label,VFEMedieval.HeraldicPattern/VFEMedieval.HeraldicPattern.xml,def
VFEM2_PerBend.label,per bend,label,VFEMedieval.HeraldicPattern/VFEMedieval.HeraldicPattern.xml,def
VFEM2_PerChevron.label,per chevron,label,VFEMedieval.HeraldicPattern/VFEMedieval.HeraldicPattern.xml,def
VFEM2_PerCross.label,per cross,label,VFEMedieval.HeraldicPattern/VFEMedieval.HeraldicPattern.xml,def
VFEM2_PerFess.label,per fess,label,VFEMedieval.HeraldicPattern/VFEMedieval.HeraldicPattern.xml,def
VFEM2_PerPale.label,per pale,label,VFEMedieval.HeraldicPattern/VFEMedieval.HeraldicPattern.xml,def
VFEM2_PerSaltier.label,per saltier,label,VFEMedieval.HeraldicPattern/VFEMedieval.HeraldicPattern.xml,def
VFEM2_Plain.label,plain,label,VFEMedieval.HeraldicPattern/VFEMedieval.HeraldicPattern.xml,def
VFEM2_Anchor.label,anchor,label,VFEMedieval.HeraldicSymbol/VFEMedieval.HeraldicSymbol.xml,def
VFEM2_Bat.label,bat,label,VFEMedieval.HeraldicSymbol/VFEMedieval.HeraldicSymbol.xml,def
VFEM2_Bow.label,bow,label,VFEMedieval.HeraldicSymbol/VFEMedieval.HeraldicSymbol.xml,def
VFEM2_Bull.label,bull,label,VFEMedieval.HeraldicSymbol/VFEMedieval.HeraldicSymbol.xml,def
VFEM2_BurningSword.label,burning sword,label,VFEMedieval.HeraldicSymbol/VFEMedieval.HeraldicSymbol.xml,def
VFEM2_Castle.label,castle,label,VFEMedieval.HeraldicSymbol/VFEMedieval.HeraldicSymbol.xml,def
VFEM2_Cat.label,cat,label,VFEMedieval.HeraldicSymbol/VFEMedieval.HeraldicSymbol.xml,def
VFEM2_Cave.label,cave,label,VFEMedieval.HeraldicSymbol/VFEMedieval.HeraldicSymbol.xml,def
VFEM2_Centipede.label,centipede,label,VFEMedieval.HeraldicSymbol/VFEMedieval.HeraldicSymbol.xml,def
VFEM2_Chicken.label,chicken,label,VFEMedieval.HeraldicSymbol/VFEMedieval.HeraldicSymbol.xml,def
VFEM2_Column.label,column,label,VFEMedieval.HeraldicSymbol/VFEMedieval.HeraldicSymbol.xml,def
VFEM2_CrossCharge.label,cross,label,VFEMedieval.HeraldicSymbol/VFEMedieval.HeraldicSymbol.xml,def
VFEM2_CrossedAxes.label,crossed axes,label,VFEMedieval.HeraldicSymbol/VFEMedieval.HeraldicSymbol.xml,def
VFEM2_CrossedSwords.label,crossed swords,label,VFEMedieval.HeraldicSymbol/VFEMedieval.HeraldicSymbol.xml,def
VFEM2_Crown.label,crown,label,VFEMedieval.HeraldicSymbol/VFEMedieval.HeraldicSymbol.xml,def
VFEM2_Dove.label,dove,label,VFEMedieval.HeraldicSymbol/VFEMedieval.HeraldicSymbol.xml,def
VFEM2_Dragon.label,dragon,label,VFEMedieval.HeraldicSymbol/VFEMedieval.HeraldicSymbol.xml,def
VFEM2_Eagle.label,eagle,label,VFEMedieval.HeraldicSymbol/VFEMedieval.HeraldicSymbol.xml,def
VFEM2_Empire.label,empire,label,VFEMedieval.HeraldicSymbol/VFEMedieval.HeraldicSymbol.xml,def
VFEM2_Eye.label,eye,label,VFEMedieval.HeraldicSymbol/VFEMedieval.HeraldicSymbol.xml,def
VFEM2_Fangs.label,fangs,label,VFEMedieval.HeraldicSymbol/VFEMedieval.HeraldicSymbol.xml,def
VFEM2_Fire.label,fire,label,VFEMedieval.HeraldicSymbol/VFEMedieval.HeraldicSymbol.xml,def
VFEM2_Fishes.label,fishes,label,VFEMedieval.HeraldicSymbol/VFEMedieval.HeraldicSymbol.xml,def
VFEM2_FleurDeLis.label,fleur de lis,label,VFEMedieval.HeraldicSymbol/VFEMedieval.HeraldicSymbol.xml,def
VFEM2_Flower.label,flower,label,VFEMedieval.HeraldicSymbol/VFEMedieval.HeraldicSymbol.xml,def
VFEM2_Goat.label,goat,label,VFEMedieval.HeraldicSymbol/VFEMedieval.HeraldicSymbol.xml,def
VFEM2_Grapes.label,grapes,label,VFEMedieval.HeraldicSymbol/VFEMedieval.HeraldicSymbol.xml,def
VFEM2_HelixienSlug.label,helixien slug,label,VFEMedieval.HeraldicSymbol/VFEMedieval.HeraldicSymbol.xml,def
VFEM2_Horse.label,horse,label,VFEMedieval.HeraldicSymbol/VFEMedieval.HeraldicSymbol.xml,def
VFEM2_House.label,house,label,VFEMedieval.HeraldicSymbol/VFEMedieval.HeraldicSymbol.xml,def
VFEM2_Human.label,human,label,VFEMedieval.HeraldicSymbol/VFEMedieval.HeraldicSymbol.xml,def
VFEM2_InvertedStar.label,inverted star,label,VFEMedieval.HeraldicSymbol/VFEMedieval.HeraldicSymbol.xml,def
VFEM2_Kraken.label,kraken,label,VFEMedieval.HeraldicSymbol/VFEMedieval.HeraldicSymbol.xml,def
VFEM2_Lion.label,lion,label,VFEMedieval.HeraldicSymbol/VFEMedieval.HeraldicSymbol.xml,def
VFEM2_Lobster.label,lobster,label,VFEMedieval.HeraldicSymbol/VFEMedieval.HeraldicSymbol.xml,def
VFEM2_Man.label,man,label,VFEMedieval.HeraldicSymbol/VFEMedieval.HeraldicSymbol.xml,def
VFEM2_MechanicalSkull.label,mechanical skull,label,VFEMedieval.HeraldicSymbol/VFEMedieval.HeraldicSymbol.xml,def
VFEM2_Megaspider.label,megaspider,label,VFEMedieval.HeraldicSymbol/VFEMedieval.HeraldicSymbol.xml,def
VFEM2_PiercedHeart.label,pierced heart,label,VFEMedieval.HeraldicSymbol/VFEMedieval.HeraldicSymbol.xml,def
VFEM2_PsychicEye.label,psychic eye,label,VFEMedieval.HeraldicSymbol/VFEMedieval.HeraldicSymbol.xml,def
VFEM2_Radiation.label,radiation,label,VFEMedieval.HeraldicSymbol/VFEMedieval.HeraldicSymbol.xml,def
VFEM2_Scales.label,scales,label,VFEMedieval.HeraldicSymbol/VFEMedieval.HeraldicSymbol.xml,def
VFEM2_Shell.label,shell,label,VFEMedieval.HeraldicSymbol/VFEMedieval.HeraldicSymbol.xml,def
VFEM2_Sheriff.label,sheriff,label,VFEMedieval.HeraldicSymbol/VFEMedieval.HeraldicSymbol.xml,def
VFEM2_Shield.label,shield,label,VFEMedieval.HeraldicSymbol/VFEMedieval.HeraldicSymbol.xml,def
VFEM2_Skull.label,skull,label,VFEMedieval.HeraldicSymbol/VFEMedieval.HeraldicSymbol.xml,def
VFEM2_Smokeleaf.label,smokeleaf,label,VFEMedieval.HeraldicSymbol/VFEMedieval.HeraldicSymbol.xml,def
VFEM2_Snake.label,snake,label,VFEMedieval.HeraldicSymbol/VFEMedieval.HeraldicSymbol.xml,def
VFEM2_Stag.label,stag,label,VFEMedieval.HeraldicSymbol/VFEMedieval.HeraldicSymbol.xml,def
VFEM2_Sun.label,sun,label,VFEMedieval.HeraldicSymbol/VFEMedieval.HeraldicSymbol.xml,def
VFEM2_Swan.label,swan,label,VFEMedieval.HeraldicSymbol/VFEMedieval.HeraldicSymbol.xml,def
VFEM2_Temple.label,temple,label,VFEMedieval.HeraldicSymbol/VFEMedieval.HeraldicSymbol.xml,def
VFEM2_Tent.label,tent,label,VFEMedieval.HeraldicSymbol/VFEMedieval.HeraldicSymbol.xml,def
VFEM2_Thrumbo.label,thrumbo,label,VFEMedieval.HeraldicSymbol/VFEMedieval.HeraldicSymbol.xml,def
VFEM2_Tree.label,tree,label,VFEMedieval.HeraldicSymbol/VFEMedieval.HeraldicSymbol.xml,def
VFEM2_TrinityKnot.label,trinity knot,label,VFEMedieval.HeraldicSymbol/VFEMedieval.HeraldicSymbol.xml,def
VFEM2_Valknut.label,valknut,label,VFEMedieval.HeraldicSymbol/VFEMedieval.HeraldicSymbol.xml,def
VFEM2_WingedSword.label,winged sword,label,VFEMedieval.HeraldicSymbol/VFEMedieval.HeraldicSymbol.xml,def
VFEM2_Wolf.label,wolf,label,VFEMedieval.HeraldicSymbol/VFEMedieval.HeraldicSymbol.xml,def
VFEM2_Woman.label,woman,label,VFEMedieval.HeraldicSymbol/VFEMedieval.HeraldicSymbol.xml,def
VFEM2_None.label,no subordinary,label,VFEMedieval.HeraldicSymbol/VFEMedieval.HeraldicSymbol.xml,def
VFEM_PillageRaid.label,raid (pillage),label,IncidentDef/IncidentDef.xml,def
VFEM_PillageRaid.letterLabel,Raid (Pillage),letterLabel,IncidentDef/IncidentDef.xml,def
VFEM_PillageRaid.letterText,A group of pillagers have arrived nearby. They will use torches to set your base ablaze. They are not interested in fighting and only want to steal your property and burn down your houses.,letterText,IncidentDef/IncidentDef.xml,def
VFEM2_Play_TrainingDummy.reportString,training at dummy.,reportString,JobDef/JobDef.xml,def
VFEM2_Play_Archery.reportString,shooting at archery.,reportString,JobDef/JobDef.xml,def
VFEM2_TakeHoneyOutOfApiary.reportString,taking honey out of TargetA.,reportString,JobDef/JobDef.xml,def
VFEM2_TendToApiary.reportString,tending to TargetA.,reportString,JobDef/JobDef.xml,def
VFEM_IgniteWithTorches.reportString,igniting TargetA with torches.,reportString,JobDef/JobDef.xml,def
VFEM2_Matting_.label,matting ({0}),label,VFEMedieval.LeatherTerrainTemplateDef/VFEMedieval.LeatherTerrainTemplateDef.xml,def
VFEM2_Matting_.description,"Rough matting made from interwoven leather pieces. It's rustic, cozy, and boosts the beauty of the room it's in. It's also quite flammable, and cleaning it is a laborious process.",description,VFEMedieval.LeatherTerrainTemplateDef/VFEMedieval.LeatherTerrainTemplateDef.xml,def
VFEM2_Matting_Burned.label,burned matting,label,TerrainDef/TerrainDef.xml,def
VFEM2_Matting_Burned.description,Leather matting that has been burned in a fire.,description,TerrainDef/TerrainDef.xml,def
VFEM2_Clan_Peasant.label,peasant,label,PawnKindDef/PawnKindDef.xml,def
VFEM2_Thrall.label,thrall,label,PawnKindDef/PawnKindDef.xml,def
VFEM2_TorchThrower.label,torch thrower,label,PawnKindDef/PawnKindDef.xml,def
VFEM2_Bowman.label,bowman,label,PawnKindDef/PawnKindDef.xml,def
VFEM2_Skirmisher.label,skirmisher,label,PawnKindDef/PawnKindDef.xml,def
VFEM2_Raider.label,raider,label,PawnKindDef/PawnKindDef.xml,def
VFEM2_Spearman.label,spearman,label,PawnKindDef/PawnKindDef.xml,def
VFEM2_SiegeRaider.label,siege raider,label,PawnKindDef/PawnKindDef.xml,def
VFEM2_HeavyBowman.label,heavy bowman,label,PawnKindDef/PawnKindDef.xml,def
VFEM2_Berserker.label,berserker,label,PawnKindDef/PawnKindDef.xml,def
VFEM2_Merchant.label,merchant,label,PawnKindDef/PawnKindDef.xml,def
VFEM2_Jarl.label,jarl,label,PawnKindDef/PawnKindDef.xml,def
VFEM2_Peasant.label,peasant,label,PawnKindDef/PawnKindDef.xml,def
VFEM2_Militia.label,militia,label,PawnKindDef/PawnKindDef.xml,def
VFEM2_Archer.label,archer,label,PawnKindDef/PawnKindDef.xml,def
VFEM2_Hunter.label,hunter,label,PawnKindDef/PawnKindDef.xml,def
VFEM2_Trader.label,trader,label,PawnKindDef/PawnKindDef.xml,def
VFEM2_Guildmaster.label,guildmaster,label,PawnKindDef/PawnKindDef.xml,def
VFEM2_HeavyArcher.label,heavy archer,label,PawnKindDef/PawnKindDef.xml,def
VFEM2_Crossbowman.label,crossbowman,label,PawnKindDef/PawnKindDef.xml,def
VFEM2_Halberdier.label,halberdier,label,PawnKindDef/PawnKindDef.xml,def
VFEM2_ManAtArms.label,man-at-arms,label,PawnKindDef/PawnKindDef.xml,def
VFEM2_Wallbreaker.label,wall-breaker,label,PawnKindDef/PawnKindDef.xml,def
VFEM2_Bannerman.label,bannerman,label,PawnKindDef/PawnKindDef.xml,def
VFEM2_Knight.label,knight,label,PawnKindDef/PawnKindDef.xml,def
VFEM2_Greatsword.label,greatsword,label,PawnKindDef/PawnKindDef.xml,def
VFEM_SellSword.label,sellsword,label,PawnKindDef/PawnKindDef.xml,def
VFEM2_Handgunner.label,handgunner,label,PawnKindDef/PawnKindDef.xml,def
VFEM2_Lord.label,lord,label,PawnKindDef/PawnKindDef.xml,def
VFEM2_HoneyToMead.label,Ferment honey into mead,label,PipeSystem.ProcessDef/PipeSystem.ProcessDef.xml,def
VFEM2_HoneyToMead.description,Turns 75 honey into 25 mead.,description,PipeSystem.ProcessDef/PipeSystem.ProcessDef.xml,def
VFEM2_PatchLeatherToHardleather.label,Boil patch leather into hard leather,label,PipeSystem.ProcessDef/PipeSystem.ProcessDef.xml,def
VFEM2_PatchLeatherToHardleather.description,Turns 100 patch leather into 100 hard leather.,description,PipeSystem.ProcessDef/PipeSystem.ProcessDef.xml,def
VFEM2_GrapeToWine.label,Ferment grape must into wine,label,PipeSystem.ProcessDef/PipeSystem.ProcessDef.xml,def
VFEM2_GrapeToWine.description,Turns 10 grape must into 10 wine.,description,PipeSystem.ProcessDef/PipeSystem.ProcessDef.xml,def
VFEM2_OpportunitySite_SiegeCamp.questNameRules.rulesStrings.0,questName->[siteFaction_name]'s siege camp,li,QuestScriptDef/QuestScriptDef.xml,def
VFEM2_OpportunitySite_SiegeCamp.questDescriptionRules.rulesStrings.0,"questDescription(asker_factionLeader==True)->[asker_nameFull], [asker_faction_leaderTitle] of [asker_faction_name], has informed us about a siege camp belonging to [siteFaction_name], set up near your location. They seem to be gathering numbers and will imminently attack your colony at [map_definite].\nIf you choose to attack preemptively, you will only need to face:\n[ListOfEnemies]\n\nIf you wait, they are bound to increase their numbers and will eventually attack you with a much larger force:\n[ListOfPotentialEnemies]",li,QuestScriptDef/QuestScriptDef.xml,def
VFEM2_OpportunitySite_SiegeCamp.questDescriptionRules.rulesStrings.1,"questDescription(askerIsNull==true)->You have found out that there is a siege camp belonging to [siteFaction_name], set up near your location. They seem to be gathering numbers and will imminently attack your colony at [map_definite].\nIf you choose to attack preemptively, you will only need to face:\n[ListOfEnemies]\n\nIf you wait, they are bound to increase their numbers and will eventually attack you with a much larger force:\n[ListOfPotentialEnemies]",li,QuestScriptDef/QuestScriptDef.xml,def
VFEM2_OpportunitySite_SiegeCamp.root.nodes.9.node.nodes.1.label,Quest expired: [resolvedQuestName],label,QuestScriptDef/QuestScriptDef.xml,def
VFEM2_OpportunitySite_SiegeCamp.root.nodes.9.node.nodes.1.text,"The siege camp was not defeated in time. The quest [resolvedQuestName] has expired, and the enemy forces are now raiding your colony.",text,QuestScriptDef/QuestScriptDef.xml,def
VFEM2_OpportunitySite_SiegeCamp.root.nodes.14.node.nodes.0.label,Camp defeated,label,QuestScriptDef/QuestScriptDef.xml,def
VFEM2_OpportunitySite_SiegeCamp.root.nodes.14.node.nodes.0.text,You have successfully defeated the siege camp and the enemy forces!,text,QuestScriptDef/QuestScriptDef.xml,def
VFEM2_OpportunitySite_Skirmish.questNameRules.rulesStrings.0,questName->[askerFaction_name] requests aid,li,QuestScriptDef/QuestScriptDef.xml,def
VFEM2_OpportunitySite_Skirmish.questNameRules.rulesStrings.1,questName->[askerFaction_name]'s [skirmish],li,QuestScriptDef/QuestScriptDef.xml,def
VFEM2_OpportunitySite_Skirmish.questNameRules.rulesStrings.2,questName->Aid [askerFaction_name] in battle,li,QuestScriptDef/QuestScriptDef.xml,def
VFEM2_OpportunitySite_Skirmish.questNameRules.rulesStrings.3,questName->[askerFaction_name] clashes with [enemy_faction_name],li,QuestScriptDef/QuestScriptDef.xml,def
VFEM2_OpportunitySite_Skirmish.questNameRules.rulesStrings.4,questName->[askerFaction_name]'s fight,li,QuestScriptDef/QuestScriptDef.xml,def
VFEM2_OpportunitySite_Skirmish.questNameRules.rulesStrings.5,questName->Battle for [askerFaction_name],li,QuestScriptDef/QuestScriptDef.xml,def
VFEM2_OpportunitySite_Skirmish.questNameRules.rulesStrings.6,questName->[askerFaction_name]'s call to arms,li,QuestScriptDef/QuestScriptDef.xml,def
VFEM2_OpportunitySite_Skirmish.questNameRules.rulesStrings.7,questName->Defend [askerFaction_name],li,QuestScriptDef/QuestScriptDef.xml,def
VFEM2_OpportunitySite_Skirmish.questNameRules.rulesStrings.8,questName->Support [askerFaction_name],li,QuestScriptDef/QuestScriptDef.xml,def
VFEM2_OpportunitySite_Skirmish.questNameRules.rulesStrings.9,questName->[askerFaction_name]'s Skirmish,li,QuestScriptDef/QuestScriptDef.xml,def
VFEM2_OpportunitySite_Skirmish.questNameRules.rulesStrings.10,skirmish->Skirmish,li,QuestScriptDef/QuestScriptDef.xml,def
VFEM2_OpportunitySite_Skirmish.questNameRules.rulesStrings.11,skirmish->Battle,li,QuestScriptDef/QuestScriptDef.xml,def
VFEM2_OpportunitySite_Skirmish.questNameRules.rulesStrings.12,skirmish->Clash,li,QuestScriptDef/QuestScriptDef.xml,def
VFEM2_OpportunitySite_Skirmish.questNameRules.rulesStrings.13,skirmish->Conflict,li,QuestScriptDef/QuestScriptDef.xml,def
VFEM2_OpportunitySite_Skirmish.questDescriptionRules.rulesStrings.0,"questDescription->[asker_nameFull], [asker_faction_leaderTitle] of [asker_faction_name], has requested our help in a skirmish against [siteFaction_name].
\nA small force from [askerFaction_name] is engaging a larger group of [siteFaction_pawnsPlural]. The friendlies will attack immediately upon arrival, but their chances of victory without our help are slim.
\nThis is an opportunity to strengthen our bond with [askerFaction_name]. However, the enemy force is significant, and this battle will not be without risk.
\n\nAllied forces include:\n[FriendlyUnitList]
\n\nEnemies from [siteFaction_name]:\n[EnemyUnitList]",li,QuestScriptDef/QuestScriptDef.xml,def
VFEM2_OpportunitySite_Skirmish.root.nodes.11.node.nodes.0.label,Quest expired: [resolvedQuestName],label,QuestScriptDef/QuestScriptDef.xml,def
VFEM2_OpportunitySite_Skirmish.root.nodes.11.node.nodes.0.text,The allied faction was defeated in the skirmish. The quest [resolvedQuestName] has expired.,text,QuestScriptDef/QuestScriptDef.xml,def
VFEM2_OpportunitySite_Skirmish.root.nodes.14.node.nodes.0.label,Quest failed: [resolvedQuestName],label,QuestScriptDef/QuestScriptDef.xml,def
VFEM2_OpportunitySite_Skirmish.root.nodes.14.node.nodes.0.text,"After leaving the site, the battle resolved itself without your help. The quest [resolvedQuestName] has ended.",text,QuestScriptDef/QuestScriptDef.xml,def
VFEM2_OpportunitySite_Skirmish.root.nodes.15.node.nodes.1.nodeIfChosenPawnSignalUsed.label,[asker_faction_royalFavorLabel],label,QuestScriptDef/QuestScriptDef.xml,def
VFEM2_OpportunitySite_Skirmish.root.nodes.15.node.nodes.1.nodeIfChosenPawnSignalUsed.text,These colonists participated in the victory for the quest [resolvedQuestName]. [asker_definite] wants to know who should receive the [royalFavorReward_amount] [asker_faction_royalFavorLabel] for this service.,text,QuestScriptDef/QuestScriptDef.xml,def
VFEM2_Make_Sweetroll.label,make sweetrolls,label,RecipeDef/RecipeDef.xml,def
VFEM2_Make_Sweetroll.description,Make sweetrolls out of honey and eggs.,description,RecipeDef/RecipeDef.xml,def
VFEM2_Make_Sweetroll.jobString,Making sweetrolls.,jobString,RecipeDef/RecipeDef.xml,def
VFEM2_Make_Must.label,make grape must,label,RecipeDef/RecipeDef.xml,def
VFEM2_Make_Must.description,Make must from grapes.,description,RecipeDef/RecipeDef.xml,def
VFEM2_Make_Must.jobString,Making must.,jobString,RecipeDef/RecipeDef.xml,def
VFEM2_MakeHerbalMedicine.label,make herbal medicine x3,label,RecipeDef/RecipeDef.xml,def
VFEM2_MakeHerbalMedicine.description,Make a small batch of herbal medicine from different alchemical ingredients.,description,RecipeDef/RecipeDef.xml,def
VFEM2_MakeHerbalMedicine.jobString,making herbal medicine.,jobString,RecipeDef/RecipeDef.xml,def
VFEM2_Make_ChemfuelFromWood.label,make chemfuel from wood,label,RecipeDef/RecipeDef.xml,def
VFEM2_Make_ChemfuelFromWood.description,Make a batch of chemfuel by extracting and condensing wood gas from logs.,description,RecipeDef/RecipeDef.xml,def
VFEM2_Make_ChemfuelFromWood.jobString,Refining chemfuel from wood.,jobString,RecipeDef/RecipeDef.xml,def
VFEM2_Make_ChemfuelFromOrganics.label,make chemfuel from organics,label,RecipeDef/RecipeDef.xml,def
VFEM2_Make_ChemfuelFromOrganics.description,Make a batch of chemfuel by extracting biofuel from organic feedstocks.,description,RecipeDef/RecipeDef.xml,def
VFEM2_Make_ChemfuelFromOrganics.jobString,Refining chemfuel from organics.,jobString,RecipeDef/RecipeDef.xml,def
VFEM2_Make_ChemfuelFromOrganics.ingredients.0.filter.customSummary,feedstock,customSummary,RecipeDef/RecipeDef.xml,def
VFEM2_Make_Hardweave.label,weave hardweave from smokeleaf leaves,label,RecipeDef/RecipeDef.xml,def
VFEM2_Make_Hardweave.description,Weave smokeleaf threads together to create resistant alternative to cloth.,description,RecipeDef/RecipeDef.xml,def
VFEM2_Make_Hardweave.jobString,Weaving hardweave.,jobString,RecipeDef/RecipeDef.xml,def
VFEM2_Make_Hayweave.label,weave hayweave from hay,label,RecipeDef/RecipeDef.xml,def
VFEM2_Make_Hayweave.description,"Weave hay strands together to create a brittle, inferior fabric known as hayweave.",description,RecipeDef/RecipeDef.xml,def
VFEM2_Make_Hayweave.jobString,Weaving hayweave.,jobString,RecipeDef/RecipeDef.xml,def
VFEM2_Beekeeping.label,beekeeping,label,ResearchProjectDef/ResearchProjectDef.xml,def
VFEM2_Beekeeping.description,Learn how to keep bees to produce honey from nearby plants. Honey can be used in creation of sweetrolls and mead.,description,ResearchProjectDef/ResearchProjectDef.xml,def
VFEM2_Beekeeping.generalRules.rulesStrings.0,subject->apiculture,li,ResearchProjectDef/ResearchProjectDef.xml,def
VFEM2_Beekeeping.generalRules.rulesStrings.1,subject_story->studied the intricate social structures of bees,li,ResearchProjectDef/ResearchProjectDef.xml,def
VFEM2_Beekeeping.generalRules.rulesStrings.2,"subject_story->cultivated vast apiaries, supplying nobles with the finest honey",li,ResearchProjectDef/ResearchProjectDef.xml,def
VFEM2_Beekeeping.generalRules.rulesStrings.3,"subject_story->perfected the art of mead-making, becoming a renowned brewer",li,ResearchProjectDef/ResearchProjectDef.xml,def
VFEM2_Beekeeping.generalRules.rulesStrings.4,subject_gerund->tending to beehives,li,ResearchProjectDef/ResearchProjectDef.xml,def
VFEM2_Wine.label,wine,label,ResearchProjectDef/ResearchProjectDef.xml,def
VFEM2_Wine.description,"Plant grapes which can then be used to create wine must and eventually, high quality wine.",description,ResearchProjectDef/ResearchProjectDef.xml,def
VFEM2_Wine.generalRules.rulesStrings.0,subject->viniculture,li,ResearchProjectDef/ResearchProjectDef.xml,def
VFEM2_Wine.generalRules.rulesStrings.1,subject_story->established a flourishing vineyard on the sun-kissed slopes,li,ResearchProjectDef/ResearchProjectDef.xml,def
VFEM2_Wine.generalRules.rulesStrings.2,"subject_story->experimented with fermentation techniques, crafting exquisite vintages",li,ResearchProjectDef/ResearchProjectDef.xml,def
VFEM2_Wine.generalRules.rulesStrings.3,subject_story->became infamous for a revelry-fueled dynasty of wine merchants,li,ResearchProjectDef/ResearchProjectDef.xml,def
VFEM2_Wine.generalRules.rulesStrings.4,subject_gerund->cultivating grapes and fermenting wine,li,ResearchProjectDef/ResearchProjectDef.xml,def
VFEM2_Alchemy.label,alchemy,label,ResearchProjectDef/ResearchProjectDef.xml,def
VFEM2_Alchemy.description,Learn to plant various alchemical ingredients and combining them into different draughts at an alchemy lab.,description,ResearchProjectDef/ResearchProjectDef.xml,def
VFEM2_Alchemy.generalRules.rulesStrings.0,subject->alchemical studies,li,ResearchProjectDef/ResearchProjectDef.xml,def
VFEM2_Alchemy.generalRules.rulesStrings.1,subject_story->unlocked the mysteries of transmutation and concocted potent elixirs,li,ResearchProjectDef/ResearchProjectDef.xml,def
VFEM2_Alchemy.generalRules.rulesStrings.2,"subject_story->discovered a rare herb, rumored to grant eternal youth",li,ResearchProjectDef/ResearchProjectDef.xml,def
VFEM2_Alchemy.generalRules.rulesStrings.3,"subject_story->became a feared poisoner, selling deadly brews to the highest bidder",li,ResearchProjectDef/ResearchProjectDef.xml,def
VFEM2_Alchemy.generalRules.rulesStrings.4,subject_gerund->brewing alchemical draughts,li,ResearchProjectDef/ResearchProjectDef.xml,def
VFEM2_MedievalArchitecture.label,medieval architecture,label,ResearchProjectDef/ResearchProjectDef.xml,def
VFEM2_MedievalArchitecture.description,"Learn to construct various medieval structures, including cloth walls.",description,ResearchProjectDef/ResearchProjectDef.xml,def
VFEM2_MedievalArchitecture.generalRules.rulesStrings.0,subject->medieval construction,li,ResearchProjectDef/ResearchProjectDef.xml,def
VFEM2_MedievalArchitecture.generalRules.rulesStrings.1,subject_story->oversaw the construction of towering castles and bustling townships,li,ResearchProjectDef/ResearchProjectDef.xml,def
VFEM2_MedievalArchitecture.generalRules.rulesStrings.2,"subject_story->engineered grand cathedrals, marvels of medieval craftsmanship",li,ResearchProjectDef/ResearchProjectDef.xml,def
VFEM2_MedievalArchitecture.generalRules.rulesStrings.3,subject_story->developed secret passages and fortifications for clandestine schemes,li,ResearchProjectDef/ResearchProjectDef.xml,def
VFEM2_MedievalArchitecture.generalRules.rulesStrings.4,subject_gerund->designing medieval structures,li,ResearchProjectDef/ResearchProjectDef.xml,def
VFEM2_ComplexWorkshops.label,complex workshops,label,ResearchProjectDef/ResearchProjectDef.xml,def
VFEM2_ComplexWorkshops.description,Learn to build various tools and devices to enhance the productivity of the workbenches.,description,ResearchProjectDef/ResearchProjectDef.xml,def
VFEM2_ComplexWorkshops.generalRules.rulesStrings.0,subject->advanced craftsmanship,li,ResearchProjectDef/ResearchProjectDef.xml,def
VFEM2_ComplexWorkshops.generalRules.rulesStrings.1,"subject_story->refined blacksmithing techniques, crafting tools of unmatched quality",li,ResearchProjectDef/ResearchProjectDef.xml,def
VFEM2_ComplexWorkshops.generalRules.rulesStrings.2,subject_story->introduced mechanical innovations that revolutionized production,li,ResearchProjectDef/ResearchProjectDef.xml,def
VFEM2_ComplexWorkshops.generalRules.rulesStrings.3,"subject_story->formed a powerful guild, controlling the flow of masterwork goods",li,ResearchProjectDef/ResearchProjectDef.xml,def
VFEM2_ComplexWorkshops.generalRules.rulesStrings.4,subject_gerund->improving workshop efficiency,li,ResearchProjectDef/ResearchProjectDef.xml,def
VFEM2_Matchlocks.label,matchlocks,label,ResearchProjectDef/ResearchProjectDef.xml,def
VFEM2_Matchlocks.description,"Craft ancient, chempowder operated ranged weapons that utilise the matchlock mechanics, such as arquebuses and hand cannons.",description,ResearchProjectDef/ResearchProjectDef.xml,def
VFEM2_Matchlocks.generalRules.rulesStrings.0,subject->early firearms,li,ResearchProjectDef/ResearchProjectDef.xml,def
VFEM2_Matchlocks.generalRules.rulesStrings.1,"subject_story->perfected the art of matchlock guns, bringing an age of gunpowder warfare",li,ResearchProjectDef/ResearchProjectDef.xml,def
VFEM2_Matchlocks.generalRules.rulesStrings.2,subject_story->supplied mercenaries with devastating ranged weaponry,li,ResearchProjectDef/ResearchProjectDef.xml,def
VFEM2_Matchlocks.generalRules.rulesStrings.3,"subject_story->unleashed fire and thunder on the battlefield, changing warfare forever",li,ResearchProjectDef/ResearchProjectDef.xml,def
VFEM2_Matchlocks.generalRules.rulesStrings.4,subject_gerund->crafting matchlock firearms,li,ResearchProjectDef/ResearchProjectDef.xml,def
VFEM2_Heraldry.label,heraldry,label,ResearchProjectDef/ResearchProjectDef.xml,def
VFEM2_Heraldry.description,Adorn the colors of your faction and construct decorative banners and heraldic rugs.,description,ResearchProjectDef/ResearchProjectDef.xml,def
VFEM2_Heraldry.generalRules.rulesStrings.0,subject->heraldic traditions,li,ResearchProjectDef/ResearchProjectDef.xml,def
VFEM2_Heraldry.generalRules.rulesStrings.1,subject_story->designed banners that struck fear or awe into the hearts of foes,li,ResearchProjectDef/ResearchProjectDef.xml,def
VFEM2_Heraldry.generalRules.rulesStrings.2,"subject_story->crafted family crests, immortalizing legacies in fabric and stone",li,ResearchProjectDef/ResearchProjectDef.xml,def
VFEM2_Heraldry.generalRules.rulesStrings.3,subject_story->led the creation of a grand hall adorned with noble insignia,li,ResearchProjectDef/ResearchProjectDef.xml,def
VFEM2_Heraldry.generalRules.rulesStrings.4,subject_gerund->designing heraldic symbols,li,ResearchProjectDef/ResearchProjectDef.xml,def
VanillaExpanded.label,Vanilla Expanded,label,ResearchTabDef/ResearchTabDef.xml,def
ArtDescription_Hearth.rulePack.rulesStrings.0,physical_description_root->The hearth is engraved with a [depiction] of [image]. [desc_sentence_group],li,RulePackDef/RulePackDef.xml,def
ArtDescription_Hearth.rulePack.rulesStrings.1,physical_description_root->The hearth bears a [depiction] of [image]. [desc_sentence_group],li,RulePackDef/RulePackDef.xml,def
ArtDescription_Hearth.rulePack.rulesStrings.2,physical_description_root->The hearth is engraved with a [depiction] of [image]. [desc_sentence_group],li,RulePackDef/RulePackDef.xml,def
ArtDescription_Hearth.rulePack.rulesStrings.3,physical_description_root->An engraving on this hearth [depicts] [image]. [desc_sentence_group],li,RulePackDef/RulePackDef.xml,def
VFEM2_NamerFactionMedieval.rulePack.rulesStrings.0,r_name(p=0.35)->[PlaceOutlander],li,RulePackDef/RulePackDef.xml,def
VFEM2_NamerFactionMedieval.rulePack.rulesStrings.1,r_name->the [political_union_medieval] of [PlaceOutlander],li,RulePackDef/RulePackDef.xml,def
VFEM2_NamerFactionMedieval.rulePack.rulesStrings.2,r_name->[PlaceOutlander] [political_union_medieval],li,RulePackDef/RulePackDef.xml,def
VFEM2_NamerSettlementMedieval.rulePack.rulesStrings.0,r_name(p=4)->[PlaceOutlander] [medievalSettlementEnd],li,RulePackDef/RulePackDef.xml,def
VFEM2_NamerSettlementMedieval.rulePack.rulesStrings.1,r_name->[AnimalBadass]'s [medievalSettlementEnd]-on-the-[TerrainFeature],li,RulePackDef/RulePackDef.xml,def
VFEM2_NamerSettlementMedieval.rulePack.rulesStrings.2,r_name->[AnimalBadass]'s [medievalSettlementEnd]-by-the-[TerrainFeature],li,RulePackDef/RulePackDef.xml,def
VFEM2_NamerPersonMedieval.rulePack.rulesStrings.0,r_name(p=2)->[Medieval_First_Male] [Medieval_Last],li,RulePackDef/RulePackDef.xml,def
VFEM2_NamerPersonMedievalFemale.rulePack.rulesStrings.0,r_name(p=2)->[Medieval_First_Female] [Medieval_Last],li,RulePackDef/RulePackDef.xml,def
VFEM2_NamerFactionViking.rulePack.rulesStrings.0,r_name->The [AnimalNordic] Clan,li,RulePackDef/RulePackDef.xml,def
VFEM2_NamerFactionViking.rulePack.rulesStrings.1,r_name->The [Color] [AnimalNordic] Clan,li,RulePackDef/RulePackDef.xml,def
VFEM2_NamerFactionViking.rulePack.rulesStrings.2,r_name->[NorseNames]'s Clan,li,RulePackDef/RulePackDef.xml,def
VFEM2_NamerSettlementViking.rulePack.rulesStrings.0,r_name->[townname_wordgen],li,RulePackDef/RulePackDef.xml,def
VFEM2_NamerSettlementViking.rulePack.rulesStrings.1,townname_wordgen(p=2)->[SylE][SylE],li,RulePackDef/RulePackDef.xml,def
VFEM2_NamerSettlementViking.rulePack.rulesStrings.2,townname_wordgen(p=2)->[SylE][SylE][SylE],li,RulePackDef/RulePackDef.xml,def
VFEM2_NamerSettlementViking.rulePack.rulesStrings.3,townname_wordgen(p=2)->[SylE][townendevil],li,RulePackDef/RulePackDef.xml,def
VFEM2_NamerSettlementViking.rulePack.rulesStrings.4,townname_wordgen(p=2)->[SylE][SylE][townendevil],li,RulePackDef/RulePackDef.xml,def
VFEM2_NamerSettlementViking.rulePack.rulesStrings.5,townendevil->vast,li,RulePackDef/RulePackDef.xml,def
VFEM2_NamerSettlementViking.rulePack.rulesStrings.6,townendevil->varg,li,RulePackDef/RulePackDef.xml,def
VFEM2_NamerSettlementViking.rulePack.rulesStrings.7,townendevil->vix,li,RulePackDef/RulePackDef.xml,def
VFEM2_NamerSettlementViking.rulePack.rulesStrings.8,townendevil->tor,li,RulePackDef/RulePackDef.xml,def
VFEM2_NamerSettlementViking.rulePack.rulesStrings.9,townendevil->tear,li,RulePackDef/RulePackDef.xml,def
VFEM2_NamerSettlementViking.rulePack.rulesStrings.10,townendevil->cut,li,RulePackDef/RulePackDef.xml,def
VFEM2_NamerSettlementViking.rulePack.rulesStrings.11,townendevil->lop,li,RulePackDef/RulePackDef.xml,def
VFEM2_NamerSettlementViking.rulePack.rulesStrings.12,townendevil->oze,li,RulePackDef/RulePackDef.xml,def
VFEM2_NamerSettlementViking.rulePack.rulesStrings.13,townendevil->ozzle,li,RulePackDef/RulePackDef.xml,def
VFEM2_NamerSettlementViking.rulePack.rulesStrings.14,townendevil->latch,li,RulePackDef/RulePackDef.xml,def
VFEM2_NamerSettlementViking.rulePack.rulesStrings.15,townendevil->lock,li,RulePackDef/RulePackDef.xml,def
VFEM2_NamerSettlementViking.rulePack.rulesStrings.16,townendevil->burn,li,RulePackDef/RulePackDef.xml,def
VFEM2_NamerSettlementViking.rulePack.rulesStrings.17,townendevil->sear,li,RulePackDef/RulePackDef.xml,def
VFEM2_NamerSettlementViking.rulePack.rulesStrings.18,townendevil->shank,li,RulePackDef/RulePackDef.xml,def
VFEM2_NamerSettlementViking.rulePack.rulesStrings.19,townendevil->hurt,li,RulePackDef/RulePackDef.xml,def
VFEM2_NamerSettlementViking.rulePack.rulesStrings.20,townendevil->vash,li,RulePackDef/RulePackDef.xml,def
VFEM2_NamerSettlementViking.rulePack.rulesStrings.21,townendevil->warg,li,RulePackDef/RulePackDef.xml,def
VFEM2_NamerSettlementViking.rulePack.rulesStrings.22,townendevil->wug,li,RulePackDef/RulePackDef.xml,def
VFEM2_NamerSettlementViking.rulePack.rulesStrings.23,townendevil->thot,li,RulePackDef/RulePackDef.xml,def
VFEM2_NamerSettlementViking.rulePack.rulesStrings.24,townendevil->thard,li,RulePackDef/RulePackDef.xml,def
VFEM2_NamerSettlementViking.rulePack.rulesStrings.25,townendevil->thad,li,RulePackDef/RulePackDef.xml,def
VFEM2_NamerPersonViking.rulePack.rulesStrings.0,r_name(p=2)->[NorseNames] [NorseNames]son,li,RulePackDef/RulePackDef.xml,def
VFEM2_NamerPersonViking.rulePack.rulesStrings.1,r_name->[NorseNames] [NorseNames]berg,li,RulePackDef/RulePackDef.xml,def
VFEM2_NamerPersonViking.rulePack.rulesStrings.2,r_name->[NorseNames] '[AnimalBadass]slayer' [NorseNames]son,li,RulePackDef/RulePackDef.xml,def
VFEM2_NamerPersonViking.rulePack.rulesStrings.3,r_name->[NorseNames] '[Color] [Animal]' [NorseNames]son,li,RulePackDef/RulePackDef.xml,def
VFEM2_NamerPersonViking.rulePack.rulesStrings.4,r_name->[NorseNames] [NorseNames]-son,li,RulePackDef/RulePackDef.xml,def
VFEM2_NamerPersonViking.rulePack.rulesStrings.5,r_name->[NorseNames] '[NorseNames]son' of [Animal] clan,li,RulePackDef/RulePackDef.xml,def
VFEM2_LeaderTitleMaker_Kingdom.rulePack.rulesStrings.0,cultureLeaderTitle->[cultureLeaderNoun],li,RulePackDef/RulePackDef.xml,def
VFEM2_LeaderTitleMaker_Kingdom.rulePack.rulesStrings.1,r_leaderTitle(p=1)->[cultureLeaderNoun],li,RulePackDef/RulePackDef.xml,def
VFEM2_LeaderTitleMaker_Kingdom.rulePack.rulesStrings.2,cultureLeaderNoun->king,li,RulePackDef/RulePackDef.xml,def
VFEM2_LeaderTitleMaker_Clan.rulePack.rulesStrings.0,cultureLeaderTitle->[cultureLeaderNoun],li,RulePackDef/RulePackDef.xml,def
VFEM2_LeaderTitleMaker_Clan.rulePack.rulesStrings.1,r_leaderTitle(p=1)->[cultureLeaderNoun],li,RulePackDef/RulePackDef.xml,def
VFEM2_LeaderTitleMaker_Clan.rulePack.rulesStrings.2,cultureLeaderNoun->jarl,li,RulePackDef/RulePackDef.xml,def
VFEM2_LeaderTitleMaker_MerchantGuild.rulePack.rulesStrings.0,cultureLeaderTitle->[cultureLeaderNoun],li,RulePackDef/RulePackDef.xml,def
VFEM2_LeaderTitleMaker_MerchantGuild.rulePack.rulesStrings.1,r_leaderTitle(p=1)->[cultureLeaderNoun],li,RulePackDef/RulePackDef.xml,def
VFEM2_LeaderTitleMaker_MerchantGuild.rulePack.rulesStrings.2,cultureLeaderNoun->guildmaster,li,RulePackDef/RulePackDef.xml,def
VFEM_PlayerPawnsArriveMethod.label,arrival method,label,ScenPartDef/ScenPartDef.xml,def
VFEM2_NewKingdom.label,New Kingdom,label,ScenarioDef/ScenarioDef.xml,def
VFEM2_NewKingdom.description,"Oppression breeds defiance. For years, your village toiled under the weight of crushing taxes and hunger while the lord’s knights took everything: grain, livestock, even your last scraps of dignity. When they seized your final stores of food, desperation turned to rage.

Armed with nothing but fury, you march upon the castle where the lord and his knights hide behind stone walls. You are weak, but sheer numbers and resolve may turn the tide. Should you triumph, the castle’s wealth and security could be yours.

But not all believe in victory. Some whisper of escape, of slipping away before the slaughter begins. Beyond the walls lies an uncertain world, one that promises danger but also the chance for a new life. Will you fight to take the castle, or flee and forge your own path?
Note: Since you start around an enemy castle, this is a difficult scenario.",description,ScenarioDef/ScenarioDef.xml,def
VFEM2_NewKingdom.scenario.summary,"A group of peasants, rebelling against oppressing knights. A classic VFE - Medieval 2 experience.",summary,ScenarioDef/ScenarioDef.xml,def
VFEM2_NewKingdom.scenario.parts.8.text,"Oppression breeds defiance. For years, your village toiled under the weight of crushing taxes and hunger while the lord’s knights took everything: grain, livestock, even your last scraps of dignity. When they seized your final stores of food, desperation turned to rage.",text,ScenarioDef/ScenarioDef.xml,def
VFEM2_SiegeCampBase.label,siege camp,label,SitePartDef/SitePartDef.xml,def
VFEM2_SiegeCampBase.description,A siege camp.,description,SitePartDef/SitePartDef.xml,def
VFEM_SkirmishSitePart.label,skirmish location,label,SitePartDef/SitePartDef.xml,def
VFEM_SkirmishSitePart.description,A skirmish location.,description,SitePartDef/SitePartDef.xml,def
VFEM_MaynardMedieval.label,Maynard Medieval,label,StorytellerDef/StorytellerDef.xml,def
VFEM_MaynardMedieval.description,"Maynard Medieval weaves a tale of struggle and hardship, where every breakthrough is earned through sweat, blood, and sacrifice. The march of progress slows as tradition clings tight, demanding ever greater effort to pry knowledge from the grip of time. Research projects will cost more time the more of them you have completed.",description,StorytellerDef/StorytellerDef.xml,def
VFEM2_StoneChunks.label,stone chunks,label,StuffCategoryDef/StuffCategoryDef.xml,def
VFEM2_Chemdrench.label,chemdrench,label,VEF.Maps.ActiveTerrainDef/VEF.Maps.ActiveTerrainDef.xml,def
VFEM2_Chemdrench.description,Rough straw matting drenched heavily in chemfuel. Ignites very easily and spreads rapidly between all connected areas.,description,VEF.Maps.ActiveTerrainDef/VEF.Maps.ActiveTerrainDef.xml,def
VFEM2_Apiary.label,apiary,label,ThingDef/ThingDef.xml,def
VFEM2_Apiary.description,"A wooden box-like structure with a series of shelves, lattices, and chambers. When placed near flowers the apiary will naturally attract wild bees which will make it their new home. Over time these bees will produce honey which can be harvested and eaten directly, or later fermented into mead.",description,ThingDef/ThingDef.xml,def
VFEM2_2x1CastleDoor.label,castle door (medium),label,ThingDef/ThingDef.xml,def
VFEM2_2x1CastleDoor.description,An incredibly resistant door made out of oversized stone blocks. Very slow to build. It’s a good choice if you want to keep the enemies out - or in. The door requires walls on either side to function.,description,ThingDef/ThingDef.xml,def
VFEM2_3x1CastleDoor.label,castle door (large),label,ThingDef/ThingDef.xml,def
VFEM2_3x1CastleDoor.description,An incredibly resistant door made out of oversized stone blocks. Very slow to build. It’s a good choice if you want to keep the enemies out - or in. The door requires walls on either side to function.,description,ThingDef/ThingDef.xml,def
VFEM2_4x1CastleDoor.label,castle door (grand),label,ThingDef/ThingDef.xml,def
VFEM2_4x1CastleDoor.description,An incredibly resistant door made out of oversized stone blocks. Very slow to build. It’s a good choice if you want to keep the enemies out - or in. The door requires walls on either side to function.,description,ThingDef/ThingDef.xml,def
VFEM2_2x1CastleGate.label,castle gate (medium),label,ThingDef/ThingDef.xml,def
VFEM2_2x1CastleGate.description,"An incredibly resistant door made out of oversized stone blocks, with a latticed grille protecting the passage. Very slow to build. It’s a good choice if you want to keep the enemies out - or in. The door requires walls on either side to function. Castle gates take a long time to open.",description,ThingDef/ThingDef.xml,def
VFEM2_3x1CastleGate.label,castle gate (large),label,ThingDef/ThingDef.xml,def
VFEM2_3x1CastleGate.description,"An incredibly resistant door made out of oversized stone blocks, with a latticed grille protecting the passage. Very slow to build. It’s a good choice if you want to keep the enemies out - or in. The door requires walls on either side to function. Castle gates take a long time to open.",description,ThingDef/ThingDef.xml,def
VFEM2_4x1CastleGate.label,castle gate (grand),label,ThingDef/ThingDef.xml,def
VFEM2_4x1CastleGate.description,"An incredibly resistant door made out of oversized stone blocks, with a latticed grille protecting the passage. Very slow to build. It’s a good choice if you want to keep the enemies out - or in. The door requires walls on either side to function. Castle gates take a long time to open.",description,ThingDef/ThingDef.xml,def
VFEM2_FurBed.label,fur bed,label,ThingDef/ThingDef.xml,def
VFEM2_FurBed.description,A wood-framed bed stuffed with dried grasses and covered in a variety of pelts and furs to provide extra insulation during frigid nights. The warmth of this bed counters hypothermia.,description,ThingDef/ThingDef.xml,def
VFEM2_DoubleFurBed.label,double fur bed,label,ThingDef/ThingDef.xml,def
VFEM2_DoubleFurBed.description,"A two-person, wood-framed bed stuffed with dried grasses and covered in a variety of pelts and furs to provide extra insulation during frigid nights. The warmth of this bed counters hypothermia.",description,ThingDef/ThingDef.xml,def
VFEM2_Hearth.label,hearth,label,ThingDef/ThingDef.xml,def
VFEM2_Hearth.description,"A large, tightly packed fire pit capable of holding high amounts of wood at once. Provides hefty warmth and light to thronerooms and halls alike and acts as a gathering spot for idle colonists.",description,ThingDef/ThingDef.xml,def
VFEM2_StandingBanner.label,heraldic standing banner,label,ThingDef/ThingDef.xml,def
VFEM2_StandingBanner.description,"A tall fabric banner mounted on a sturdy wooden frame, proudly displaying the heraldry of the faction.",description,ThingDef/ThingDef.xml,def
VFEM2_AutofillShelf.label,shelf,label,ThingDef/ThingDef.xml,def
VFEM2_AutofillShelf.description,"A triple-stack shelf that holds three times as much as empty ground. Items stored inside will never deteriorate and don't affect the beauty of their surroundings.\n\nSince shelf space is limited, shelves cannot hold chunks, buildings, plants and large corpses.",description,ThingDef/ThingDef.xml,def
VFEM2_ArcheryTarget.label,archery target,label,ThingDef/ThingDef.xml,def
VFEM2_ArcheryTarget.description,"A simple archery target mounted on a wooden stand. It's relaxing, and allows oneself to test their accuracy and train over time without risking fatal confrontation.",description,ThingDef/ThingDef.xml,def
VFEM2_TrainingDummy.label,training dummy,label,ThingDef/ThingDef.xml,def
VFEM2_TrainingDummy.description,"A target dummy made out of wood, soil, and dried plant matter. Surprisingly durable, allows oneself to test their swordsmanship and train over time without risking fatal confrontation.",description,ThingDef/ThingDef.xml,def
VFEM2_LeatherBoilpot.label,leather boilpot,label,ThingDef/ThingDef.xml,def
VFEM2_LeatherBoilpot.description,A wood-fueled metal pot used to boil patchleather. Consumes wood when working.,description,ThingDef/ThingDef.xml,def
VFEM2_SmithingAnvil.label,smithing anvil,label,ThingDef/ThingDef.xml,def
VFEM2_SmithingAnvil.description,A heavy steel anvil used to shape metalwork with greater precision. Increases work speed when placed near a smithy. Items of awful and poor quality crafted on the linked workbench have a chance of being upgraded by one quality level. One workbench can only use one anvil.,description,ThingDef/ThingDef.xml,def
VFEM2_ForgeBellows.label,forge bellows,label,ThingDef/ThingDef.xml,def
VFEM2_ForgeBellows.description,A manually operated bellows that boosts airflow to the smithy. Increases work speed when placed near a smithy. Bellows reduce the fuel consumption of the linked workbench by 20%. One workbench can only use one bellows.,description,ThingDef/ThingDef.xml,def
VFEM2_TailoringLoom.label,tailoring loom,label,ThingDef/ThingDef.xml,def
VFEM2_TailoringLoom.description,A small loom for weaving thread. Increases work speed when placed near a tailoring bench. One workbench can only use one tailoring loom.,description,ThingDef/ThingDef.xml,def
VFEM2_MannequinStand.label,mannequin stand,label,ThingDef/ThingDef.xml,def
VFEM2_MannequinStand.description,"A basic mannequin used to measure and shape garments for more refined results. Increases work speed when placed near a tailoring bench. Mannequin stand allows for more precise measurements, reducing the cost of crafting apparel by 10%. One workbench can only use one mannequin.",description,ThingDef/ThingDef.xml,def
VFEM2_ChiselRack.label,chisel rack,label,ThingDef/ThingDef.xml,def
VFEM2_ChiselRack.description,A small rack filled with various chisels. Increases work speed when placed near a stonecutter’s table. One workbench can only use one chisel rack.,description,ThingDef/ThingDef.xml,def
VFEM2_StoneClamp.label,stone clamp,label,ThingDef/ThingDef.xml,def
VFEM2_StoneClamp.description,"A simple clamp for holding large stones in place. Increases work speed when placed near a stonecutter’s table. The clamp allows higher productivity, increasing resource yield from all recipes by 10%. One workbench can only use one stone clamp.",description,ThingDef/ThingDef.xml,def
VFEM2_CleaverRack.label,cleaver rack,label,ThingDef/ThingDef.xml,def
VFEM2_CleaverRack.description,A sturdy rack holding sharp cleavers and knives. Increases work speed when placed near a butchering table. One workbench can only use one cleaver rack.,description,ThingDef/ThingDef.xml,def
VFEM2_CarvingBoard.label,carving board,label,ThingDef/ThingDef.xml,def
VFEM2_CarvingBoard.description,"A thick, well-worn wooden board that allows for precision cuts. Increases work speed when placed near a butchering table. The sharp blades allow the butcher to extract 10% more meat and leather from any butchered creature. One workbench can only use one carving board.",description,ThingDef/ThingDef.xml,def
VFEM2_StonePolisher.label,stone polisher,label,ThingDef/ThingDef.xml,def
VFEM2_StonePolisher.description,A polishing wheel that ensures sculptures have a smooth and refined finish. Increases work speed when placed near an art bench. Stone sculptures of awful and poor quality crafted on the linked art bench have a high chance of being upgraded by one quality level  One workbench can only use one stone polisher.,description,ThingDef/ThingDef.xml,def
VFEM2_ArtToolStand.label,art tool stand,label,ThingDef/ThingDef.xml,def
VFEM2_ArtToolStand.description,"A rack with chisels, hammers, and other carving tools. Increases work speed when placed near an art bench. One workbench can only use one tool stand.",description,ThingDef/ThingDef.xml,def
VFEM2_NotesStack.label,notes stack,label,ThingDef/ThingDef.xml,def
VFEM2_NotesStack.description,A small desk stocked with numerous notes and pieces of paper. Increases work speed when placed near a research bench. One workbench can only use one notes stack.,description,ThingDef/ThingDef.xml,def
VFEM2_ResearchBoard.label,research board,label,ThingDef/ThingDef.xml,def
VFEM2_ResearchBoard.description,A slate or chalkboard for sketching diagrams and sharing ideas. Increases work speed when placed near a research bench. Up to two research benches can be linked to one chalkboard.,description,ThingDef/ThingDef.xml,def
VFEM2_SurgicalTools.label,surgical tools,label,ThingDef/ThingDef.xml,def
VFEM2_SurgicalTools.description,"A small stand holding scalpels, clamps, and bone saws. Increases work speed when placed near a bed of any kind, including sleeping spots and hospital beds. One bed can only use one set of surgical tools.",description,ThingDef/ThingDef.xml,def
VFEM2_AilmentsShelf.label,ailment's shelf,label,ThingDef/ThingDef.xml,def
VFEM2_AilmentsShelf.description,"A small wooden cabinet that can be stocked with herbal remedies, tinctures, and basic medicinal tools. Items stored inside will never deteriorate and don't affect the beauty of their surroundings.",description,ThingDef/ThingDef.xml,def
VFEM2_MeadFermentingBarrel.label,mead fermenting barrel,label,ThingDef/ThingDef.xml,def
VFEM2_MeadFermentingBarrel.description,"A very simple barrel, held together with a series of mortise and tenon joints. Can turn honey into mead.",description,ThingDef/ThingDef.xml,def
VFEM2_AlchemicalWorkbench.label,fueled draught lab,label,ThingDef/ThingDef.xml,def
VFEM2_AlchemicalWorkbench.description,A wood-fueled station for brewing various alchemical draughts.,description,ThingDef/ThingDef.xml,def
VFEM2_AlchemicalWorkbench_Electric.label,electric draught lab,label,ThingDef/ThingDef.xml,def
VFEM2_AlchemicalWorkbench_Electric.description,An electrically-powered station for brewing various alchemical draughts.,description,ThingDef/ThingDef.xml,def
VFEM2_Turret_WallMountedArbalest.label,wall-mounted arbalest,label,ThingDef/ThingDef.xml,def
VFEM2_Turret_WallMountedArbalest.description,"A stationary heavy arbalest mounted on a low castle wall to grant cover. While reload speed leaves a lot to be desired, arbalest has an extremely long range, provided there is line of sight on the target.",description,ThingDef/ThingDef.xml,def
VFEM2_Bolt_ArbalestTurret.label,arbalest bolt,label,ThingDef/ThingDef.xml,def
VFEM2_Gun_ArbalestTurret.label,arbalest,label,ThingDef/ThingDef.xml,def
VFEM2_Gun_ArbalestTurret.description,"A stationary heavy arbalest mounted on a low castle wall to grant cover. While reload speed leaves a lot to be desired, arbalest has an extremely long range, provided there is line of sight on the target.",description,ThingDef/ThingDef.xml,def
VFEM2_Turret_WallMountedArquebus.label,wall-mounted arquebus,label,ThingDef/ThingDef.xml,def
VFEM2_Turret_WallMountedArquebus.description,"A stationary arquebus mounted on a low castle wall to grant cover. Because of the added stability, the wall-mounted arquebus can fire much further than normal. The lead balls lose velocity and damage with distance, and are extremely ineffective against armor. Due to the chempowder reaction when firing the arquebus, plumes of blindsmoke are ejected from the barrel.",description,ThingDef/ThingDef.xml,def
VFEM2_Gun_ArquebusTurret.label,arquebus,label,ThingDef/ThingDef.xml,def
VFEM2_Gun_ArquebusTurret.description,"A stationary arquebus mounted on a low castle wall to grant cover. Because of the added stability, the wall-mounted arquebus can fire much further than normal. The lead balls lose velocity and damage with distance, and are extremely ineffective against armor. Due to the chempowder reaction when firing the arquebus, plumes of blindsmoke are ejected from the barrel.",description,ThingDef/ThingDef.xml,def
VFEM2_ClothWall.label,cloth wall,label,ThingDef/ThingDef.xml,def
VFEM2_ClothWall.description,"An impassable wall made out of thick overlapping strips of fabric or leather stitched together. Quick to build, but extremely flammable. When deconstructed, returns all of the cloth used.",description,ThingDef/ThingDef.xml,def
VFEM2_TimberedWall.label,timbered wall,label,ThingDef/ThingDef.xml,def
VFEM2_TimberedWall.description,"An impassable wall made out of stone blocks and heavy, carefully fitted timbers forming a box frame. Slow to build but much more resistant to damage. Flammable, but less so than ordinary wooden walls. Capable of holding a roof.",description,ThingDef/ThingDef.xml,def
VFEM2_Palisade.label,palisade,label,ThingDef/ThingDef.xml,def
VFEM2_Palisade.description,An impassable fence made out of vertically-standing wooden stakes. Slow to build but requires little resources. Incapable of holding a roof.,description,ThingDef/ThingDef.xml,def
VFEM2_CastleWall.label,castle wall,label,ThingDef/ThingDef.xml,def
VFEM2_CastleWall.description,"An incredibly resistant impassable wall made out of oversized stone blocks. Very slow to build. Capable of holding a roof. If castle wall sustains enough damage, it becomes a chest-high passable cover that when repaired, turns into an impassable wall again.",description,ThingDef/ThingDef.xml,def
VFEM2_DamagedCastleWall.label,damaged castle wall,label,ThingDef/ThingDef.xml,def
VFEM2_DamagedCastleWall.description,"An incredibly resistant impassable wall made out of oversized stone blocks. Very slow to build. Capable of holding a roof. If castle wall sustains enough damage, it becomes a chest-high passable cover that when repaired, turns into an impassable wall again.",description,ThingDef/ThingDef.xml,def
VFEM2_LowCastleWall.label,low castle wall,label,ThingDef/ThingDef.xml,def
VFEM2_LowCastleWall.description,"An incredibly resistant chest-high wall made out of oversized stone blocks. Very slow to build. Incapable of holding a roof. If low castle wall sustains enough damage, it becomes a very low but  standable cover that when repaired, turns into the chest-high wall again.",description,ThingDef/ThingDef.xml,def
VFEM2_DamagedLowCastleWall.label,damaged low castle wall,label,ThingDef/ThingDef.xml,def
VFEM2_DamagedLowCastleWall.description,"An incredibly resistant chest-high wall made out of oversized stone blocks. Very slow to build. Incapable of holding a roof. If low castle wall sustains enough damage, it becomes a very low but  standable cover that when repaired, turns into the chest-high wall again.",description,ThingDef/ThingDef.xml,def
VFEM2_WineBarrel.label,wine barrel,label,ThingDef/ThingDef.xml,def
VFEM2_WineBarrel.description,A barrel for fermenting raw must into wine.,description,ThingDef/ThingDef.xml,def
VFEM2_ImmunizationDraught.label,immunization draught,label,ThingDef/ThingDef.xml,def
VFEM2_ImmunizationDraught.description,"An amber-colored drink with tiny particles floating in it that bolsters the immune system of anyone that drinks it. While it helps them fight off sickness better, the downside is that it makes the user feel much more tired after drinking it, as well as overall makes the user get sleepy much faster than usual. The effects of the draught are strongest immediately after consumption, and then slowly fade away over the following days.",description,ThingDef/ThingDef.xml,def
VFEM2_HealingDraught.label,healing draught,label,ThingDef/ThingDef.xml,def
VFEM2_HealingDraught.description,"A vibrant red liquid. When the user drinks it, it greatly enhances their injury healing rate, speeding up the process of wound closure and tissue repair. This potion works by boosting the body’s natural healing mechanisms, making recovery from injuries much quicker.",description,ThingDef/ThingDef.xml,def
VFEM2_StrengthDraught.label,strength draught,label,ThingDef/ThingDef.xml,def
VFEM2_StrengthDraught.description,"A bold, deep red liquid. When the user drinks it, it significantly increases their physical strength, giving them the power to perform feats they normally couldn't. However, the potion also raises the user's mental break threshold, making them more prone to psychological stress. Additionally, the intense surge of strength increases the likelihood of conflicts, leading to a higher chance of social fights.",description,ThingDef/ThingDef.xml,def
VFEM2_EfficiencyDraught.label,efficiency draught,label,ThingDef/ThingDef.xml,def
VFEM2_EfficiencyDraught.description,"A slate-gray liquid that when drunk, enhances the user’s global work speed and reduces their energy depletion, allowing them to work faster and longer without feeling tired. However, the intense boost in productivity comes at a significant risk, increasing the chance of a heart attack due to the strain on the body. After the potion's effects diminish, the user experiences a sharp increase in the rate at which they become sleepy, necessitating immediate rest to recover.",description,ThingDef/ThingDef.xml,def
VFEM2_PainkillerDraught.label,painkiller draught,label,ThingDef/ThingDef.xml,def
VFEM2_PainkillerDraught.description,"A pale blue liquid known as Painkiller Draught. When the user drinks it, it effectively reduces their sensation of pain, providing relief from discomfort and injuries. However, the sedative components of the draught also diminish the user's productivity and focus, making it harder to concentrate and complete tasks efficiently. This makes it suitable for recovery periods but less ideal when active mental or physical effort is required.",description,ThingDef/ThingDef.xml,def
VFEM2_TorturerDraught.label,torturer draught,label,ThingDef/ThingDef.xml,def
VFEM2_TorturerDraught.description,"A dark, foreboding purple liquid. When the user drinks it, it induces severe pain, incapacitating them to the point where movement becomes impossible. For prisoners, this intense agony causes a rapid decline in their will to resist, breaking down any mental barriers they may have. In the case of slaves, the draught completely suppresses their spirit, leaving them entirely subdued. This potion is used with caution due to its extreme effects.",description,ThingDef/ThingDef.xml,def
VFEM2_FocusDraught.label,focus draught,label,ThingDef/ThingDef.xml,def
VFEM2_FocusDraught.description,"A crisp, energizing turquoise liquid that when drank, significantly enhances learning abilities of the user, enabling them to absorb and retain more information rapidly. Additionally, the draught increases the efficiency of eating and resting, allowing quicker nourishment and recovery. It also boosts the accumulation of psyfocus, enhancing mental clarity and psychic abilities. However, once the effects of the draught begin to fade, these enhancements reverse, leading to decreased learning capacity, slower eating and resting rates, and diminished psyfocus.",description,ThingDef/ThingDef.xml,def
VFEM2_FertilityDraught.label,fertility draught,label,ThingDef/ThingDef.xml,def
VFEM2_FertilityDraught.description,"A gentle, rose-pink liquid. When the user drinks it, it artificially boosts their fertility, giving even those who are infertile a chance to conceive. This slight increase in fertility opens the possibility for individuals or couples struggling with infertility to become parents, focusing on enhancing natural reproductive processes.",description,ThingDef/ThingDef.xml,def
VFEM2_InspirationDraught.label,inspiration  draught,label,ThingDef/ThingDef.xml,def
VFEM2_InspirationDraught.description,"A radiant, golden-colored liquid. When the user drinks it, it provides them with mental clarity, sharpening their focus specifically on acquiring new knowledge in areas they are passionate about. However, the draught comes at the cost of diminished combat capabilities, as the user's attention is diverted away from physical prowess and towards intellectual pursuits.",description,ThingDef/ThingDef.xml,def
VFEM2_StoneskinDraught.label,stoneskin draught,label,ThingDef/ThingDef.xml,def
VFEM2_StoneskinDraught.description,"A deep, slate-gray liquid. When the user drinks it, their skin undergoes a dramatic transformation, thickening and hardening to resemble a built-in suit of armor. The entire epidermis becomes tough enough to resist burns, while jointed exterior keratin plates form over the body, including the head and face, providing additional protection. This formidable physical shield makes it extremely difficult to inflict physical harm on the user. However, the appearance of the plates and hardened skin significantly reduces the user's physical attractiveness, impacting their social interactions.",description,ThingDef/ThingDef.xml,def
VFEM2_AmnesiaDraught.label,amnesia draught,label,ThingDef/ThingDef.xml,def
VFEM2_AmnesiaDraught.description,"A crystal-clear, white liquid. When the user drinks it, it causes them to rapidly lose their memory. This effect makes both negative and positive memories fade much quicker than normal, leading to a transient experience of life's events. While this can alleviate the burden of painful memories, it also diminishes the joy and learning gained from positive experiences.",description,ThingDef/ThingDef.xml,def
VFEM2_ComaDraught.label,coma draught,label,ThingDef/ThingDef.xml,def
VFEM2_ComaDraught.description,"A deep indigo liquid. When the user drinks it, it induces a chemically controlled coma, significantly slowing down their metabolism. This state allows the body to conserve energy and potentially aid in healing processes under controlled conditions.",description,ThingDef/ThingDef.xml,def
VFEM2_PoisonDraught.label,poison draught,label,ThingDef/ThingDef.xml,def
VFEM2_PoisonDraught.description,"A dark, ominous green liquid. When consumed, it drastically reduces the user's consciousness, inducing a chemically forced coma. This state not only incapacitates the individual but also initiates a rapid decay of their organs. The effects of this draught are severe and irreversible, leading inevitably to death.",description,ThingDef/ThingDef.xml,def
VFEM2_AntitoxDraught.label,antitox draught,label,ThingDef/ThingDef.xml,def
VFEM2_AntitoxDraught.description,"A clear, vibrant teal liquid. When the user drinks it, it enhances their resistance to toxins, fortifying their body against harmful substances. Additionally, this draught actively works to remove any existing toxic buildup within the user’s system, purifying their body and preventing the detrimental effects of toxins.",description,ThingDef/ThingDef.xml,def
VFEM2_Sweetroll.label,sweetroll,label,ThingDef/ThingDef.xml,def
VFEM2_Sweetroll.description,"A baked treat made of an eggy bread base drizzled with a thick, sweetened glaze. Any trader selling these should be immediately concerned, as sweetrolls have a knack for being stolen.",description,ThingDef/ThingDef.xml,def
VFEM2_Must.label,grape must,label,ThingDef/ThingDef.xml,def
VFEM2_Must.description,Un-fermented wine. This substance needs to ferment in a wine barrel before it becomes drinkable wine.,description,ThingDef/ThingDef.xml,def
VFEM2_Honey.label,raw honey,label,ThingDef/ThingDef.xml,def
VFEM2_Honey.description,"Raw, unprocessed honey harvested from an apiary, very sugary and fun to eat while also extremely long-lasting, perfect for taking on caravan trips, fermenting into mead, or baking into desserts.",description,ThingDef/ThingDef.xml,def
VFEM2_RawGrapes.label,grapes,label,ThingDef/ThingDef.xml,def
VFEM2_RawGrapes.description,"Raw grapes. Nice to eat, even when raw. Grapes can also be made into must which can then be used to make wine.",description,ThingDef/ThingDef.xml,def
VFEM2_RafflesiaLeaves.label,rafflesia petals,label,ThingDef/ThingDef.xml,def
VFEM2_RafflesiaLeaves.description,Giant petals of the rafflesia flower. Smell like rotting flesh and are very likely to cause food poisoning when consumed raw. Rafflesia petals have been used by medieval civilizations in creation of different draughts.,description,ThingDef/ThingDef.xml,def
VFEM2_AstragalusFlowers.label,astragalus flowers,label,ThingDef/ThingDef.xml,def
VFEM2_AstragalusFlowers.description,Small perennial wildflowers that grow in alpine climates. Astragalus flowers have been used by medieval civilizations in creation of different draughts.,description,ThingDef/ThingDef.xml,def
VFEM2_CliviaPetals.label,clivia petals,label,ThingDef/ThingDef.xml,def
VFEM2_CliviaPetals.description,"Petals of an unusual plant with tall, pretty flowers, called ‘bush lily’ by some. Clivia petals have been used by medieval civilizations in creation of different draughts.",description,ThingDef/ThingDef.xml,def
VFEM2_AlocasiaLeaves.label,alocasia leaves,label,ThingDef/ThingDef.xml,def
VFEM2_AlocasiaLeaves.description,Extremely broad leaves of a plant that’s a commonly-recognized signifier of tropical forests. Alocasia leaves have been used by medieval civilizations in creation of different draughts.,description,ThingDef/ThingDef.xml,def
VFEM2_RawGlowstool.label,raw glowstool,label,ThingDef/ThingDef.xml,def
VFEM2_RawGlowstool.description,Raw glowstool fungus obtained by harvesting glowstools growing in caves. Raw glowstool have been used by medieval civilizations in creation of different draughts.,description,ThingDef/ThingDef.xml,def
VFEM2_Hardweave.label,hardweave,label,ThingDef/ThingDef.xml,def
VFEM2_Hardweave.description,"Woven from smokeleaf, hardweave, sometimes called canvas, has threads alternated over and under adjacent threads to create a strong and even surface. Whilst not as insulating as cloth, it’s much more resistant to damage.",description,ThingDef/ThingDef.xml,def
VFEM2_Hayweave.label,hayweave,label,ThingDef/ThingDef.xml,def
VFEM2_Hayweave.description,"Made from woven haygrass, hayweave is a coarse and rough material, often used in desperate times for crafting rudimentary items. It provides minimal insulation and durability, making it a poor substitute for cloth, but it’s readily available and easy to produce.",description,ThingDef/ThingDef.xml,def
VFEM2_HardLeather.label,hardleather,label,ThingDef/ThingDef.xml,def
VFEM2_HardLeather.description,"A hardened textile created from patchleather via the leather hardening process. It’s significantly harder and stronger than patchleather, but it’s still lacking in comparison to proper hard leather, such as rhinoceros or elephant hide.",description,ThingDef/ThingDef.xml,def
VFEM2_UnfinishedApparelNoStuff.label,unfinished apparel,label,ThingDef/ThingDef.xml,def
VFEM2_UnfinishedApparelNoStuff.description,An unfinished piece of an apparel.,description,ThingDef/ThingDef.xml,def
VFEM2_Apparel_PlateHelmetHeavy.label,heavy plate helmet,label,ThingDef/ThingDef.xml,def
VFEM2_Apparel_PlateHelmetHeavy.description,A bulky medieval helmet that provides full-head coverage. Offers a considerable amount of protection but restricts the wearer's field of vision.,description,ThingDef/ThingDef.xml,def
VFEM2_Apparel_JesterHat.label,jester hat,label,ThingDef/ThingDef.xml,def
VFEM2_Apparel_JesterHat.description,A hat worthy of a jester. Each half is different from the other one in color.,description,ThingDef/ThingDef.xml,def
VFEM2_Apparel_DameHat.label,dame hat,label,ThingDef/ThingDef.xml,def
VFEM2_Apparel_DameHat.description,A beautiful long cone hat for a dame.,description,ThingDef/ThingDef.xml,def
VFEM2_Apparel_KingsCrown.label,king's crown,label,ThingDef/ThingDef.xml,def
VFEM2_Apparel_KingsCrown.description,"A beautiful metal crown. The wearer becomes very influential, but at the same time they will refuse to do any work.",description,ThingDef/ThingDef.xml,def
VFEM2_Apparel_PlagueMask.label,plague mask,label,ThingDef/ThingDef.xml,def
VFEM2_Apparel_PlagueMask.description,A mask with a long ‘beak’ filled with herbal medicine that keeps infected pawns at a distance.,description,ThingDef/ThingDef.xml,def
VFEM2_Apparel_HeavyLeatherHelmet.label,heavy leather helmet,label,ThingDef/ThingDef.xml,def
VFEM2_Apparel_HeavyLeatherHelmet.description,"A strong medieval helmet that provides full-head coverage. While it offers fantastic protection, one's vision is greatly obscured, thus it is only recommended for front line infantry, particularly those foregoing shields.",description,ThingDef/ThingDef.xml,def
VFEM2_Apparel_LeatherHelmet.label,leather helmet,label,ThingDef/ThingDef.xml,def
VFEM2_Apparel_LeatherHelmet.description,"A simple leather helmet designed to not block ones communication during combat. Often worn by front line, shield-wielding infantry to soak damage.",description,ThingDef/ThingDef.xml,def
VFEM2_Apparel_PaddedHelmet.label,padded helmet,label,ThingDef/ThingDef.xml,def
VFEM2_Apparel_PaddedHelmet.description,"A simple leather helmet designed to not block one's communication during combat. Often worn by front line, shield-wielding infantry to soak damage.",description,ThingDef/ThingDef.xml,def
VFEM2_Apparel_Chaperon.label,chaperon,label,ThingDef/ThingDef.xml,def
VFEM2_Apparel_Chaperon.description,"A stylish and versatile hood with a wrapped tail, favored by diplomats and merchants. It lends an air of authority, subtly improving negotiation skills.",description,ThingDef/ThingDef.xml,def
VFEM2_Apparel_Cap.label,cap,label,ThingDef/ThingDef.xml,def
VFEM2_Apparel_Cap.description,"A sleek, feathered cap worn by skilled archers and woodland hunters. Its lightweight design keeps vision clear and focus sharp, making it easier to land precise shots.",description,ThingDef/ThingDef.xml,def
VFEM2_Apparel_TorchBelt.label,torch belt,label,ThingDef/ThingDef.xml,def
VFEM2_Apparel_TorchBelt.description,A belt with a number of wooden torches strapped to it. They can be lit up and thrown to set things ablaze. Can be refueled with wood.,description,ThingDef/ThingDef.xml,def
VFEM2_Apparel_TorchBelt.verbs.0.label,throw torch,label,ThingDef/ThingDef.xml,def
VFEM2_Proj_GrenadeTorch.label,thrown torch,label,ThingDef/ThingDef.xml,def
VFEM2_Apparel_PlateArmorHeavy.label,heavy plate armor,label,ThingDef/ThingDef.xml,def
VFEM2_Apparel_PlateArmorHeavy.description,"Overlapping solid plates of armor covering the entire body from neck to feet. The plates have been reinforced which offers significantly more protection, but at the cost of mobility.",description,ThingDef/ThingDef.xml,def
VFEM2_Apparel_JesterOutfit.label,jester outfit,label,ThingDef/ThingDef.xml,def
VFEM2_Apparel_JesterOutfit.description,"A colorful jester outfit. It predisposes to conversation, but it's impossible to learn anything in such a suit.",description,ThingDef/ThingDef.xml,def
VFEM2_Apparel_DameDress.label,dame dress,label,ThingDef/ThingDef.xml,def
VFEM2_Apparel_DameDress.description,"A beautiful full body dress for a dame. Wearing such clothes will inevitably lead to getting used to luxury, so the user will not be capable of dumb labor.",description,ThingDef/ThingDef.xml,def
VFEM2_Apparel_KingsRobes.label,king’s robes,label,ThingDef/ThingDef.xml,def
VFEM2_Apparel_KingsRobes.description,"A long robe with golden chestplate, worthy of a king. Extremely beautiful.",description,ThingDef/ThingDef.xml,def
VFEM2_Apparel_HeavyLeatherArmor.label,heavy leather armor,label,ThingDef/ThingDef.xml,def
VFEM2_Apparel_HeavyLeatherArmor.description,"A heavy leather breastplate meant to provide warmth and protection to heavy infantry during battles in frigid tundras. Unfortunately, this armor leaves one slowed and more vulnerable to melee attacks.",description,ThingDef/ThingDef.xml,def
VFEM2_Apparel_LeatherArmor.label,leather armor,label,ThingDef/ThingDef.xml,def
VFEM2_Apparel_LeatherArmor.description,"This armor is made much more carefully and tightly out of processed leathers, sacrificing some insulation in favor of extra protection against damage. Intended to be worn by front-line troops and often accompanied by a shield.",description,ThingDef/ThingDef.xml,def
VFEM2_Apparel_Tabard.label,tabard,label,ThingDef/ThingDef.xml,def
VFEM2_Apparel_Tabard.description,"A sleeveless cloth overgarment worn over armor or clothing, designed to display the wearer's heraldry. Though it provides no protection, it proudly showcases the colors and symbol of their allegiance.",description,ThingDef/ThingDef.xml,def
VFEM2_Apparel_PaddedArmor.label,padded armor,label,ThingDef/ThingDef.xml,def
VFEM2_Apparel_PaddedArmor.description,"A thick, quilted garment designed to absorb impacts and provide moderate protection. Often used by foot soldiers or worn under heavier armor.",description,ThingDef/ThingDef.xml,def
VFEM2_Apparel_Mantle.label,mantle,label,ThingDef/ThingDef.xml,def
VFEM2_Apparel_Mantle.description,"A light cloak covering shoulders and neck, providing some protection from the elements.",description,ThingDef/ThingDef.xml,def
VFEM2_HeraldicRugNarrow.label,heraldic rug (narrow),label,ThingDef/ThingDef.xml,def
VFEM2_HeraldicRugNarrow.description,"A narrow decorative rug featuring a bold heraldic design, perfect for displaying allegiance or family pride in any room.",description,ThingDef/ThingDef.xml,def
VFEM2_HeraldicRugBroad.label,heraldic rug (broad),label,ThingDef/ThingDef.xml,def
VFEM2_HeraldicRugBroad.description,"A large decorative rug featuring a bold heraldic design, perfect for displaying allegiance or family pride in any room.",description,ThingDef/ThingDef.xml,def
VFEM2_HeraldicRugGrand.label,heraldic rug (grand),label,ThingDef/ThingDef.xml,def
VFEM2_HeraldicRugGrand.description,"A massive decorative rug featuring a bold heraldic design, perfect for displaying allegiance or family pride in any room.",description,ThingDef/ThingDef.xml,def
VFEM2_Shield_Heater.label,heater shield,label,ThingDef/ThingDef.xml,def
VFEM2_Shield_Heater.description,A heavy medium-sized steel shield. Offers a significant amount of protection against melee and ranged attacks.,description,ThingDef/ThingDef.xml,def
VFEM2_Shield_Round.label,round shield,label,ThingDef/ThingDef.xml,def
VFEM2_Shield_Round.description,A wooden shield held together with a metal band. A leather strap and metal handle are also present on the back to allow for easy one-handed maneuvering during combat.,description,ThingDef/ThingDef.xml,def
VFEM2_Plant_Grape.label,grape plant,label,ThingDef/ThingDef.xml,def
VFEM2_Plant_Grape.description,A medium-sized vine that yields grapes when harvested - an essential ingredient in the production of wine that also tastes nice when eaten raw. Takes a long time to initially grow but can be harvested repeatedly in a single lifespan.,description,ThingDef/ThingDef.xml,def
VFEM2_DrankWine_Awful.stages.0.label,drank awful wine,label,ThoughtDef/ThoughtDef.xml,def
VFEM2_DrankWine_Awful.stages.0.description,"I can't believe I just drank that. The sour taste still lingers, and my stomach feels unsettled. What was that supposed to be, vinegar?",description,ThoughtDef/ThoughtDef.xml,def
VFEM2_DrankWine_Poor.stages.0.label,drank poor wine,label,ThoughtDef/ThoughtDef.xml,def
VFEM2_DrankWine_Poor.stages.0.description,"Not the best I’ve had. It’s bitter and barely drinkable. I guess it'll do if nothing else is around, but I can feel a headache coming on already.",description,ThoughtDef/ThoughtDef.xml,def
VFEM2_DrankWine_Normal.stages.0.label,drank wine,label,ThoughtDef/ThoughtDef.xml,def
VFEM2_DrankWine_Normal.stages.0.description,"This is passable. It doesn’t excite the senses, but it’s smooth enough to enjoy.",description,ThoughtDef/ThoughtDef.xml,def
VFEM2_DrankWine_Good.stages.0.label,drank good wine,label,ThoughtDef/ThoughtDef.xml,def
VFEM2_DrankWine_Good.stages.0.description,"Ah, this wine is quite pleasant. The flavors blend nicely, and I can feel a comfortable buzz setting in.",description,ThoughtDef/ThoughtDef.xml,def
VFEM2_DrankWine_Excellent.stages.0.label,drank excellent wine,label,ThoughtDef/ThoughtDef.xml,def
VFEM2_DrankWine_Excellent.stages.0.description,"Now this is what wine is supposed to taste like! Each sip is a delight. I feel my mind clearing, and everything seems just a little more vibrant.",description,ThoughtDef/ThoughtDef.xml,def
VFEM2_DrankWine_Masterwork.stages.0.label,drank masterwork wine,label,ThoughtDef/ThoughtDef.xml,def
VFEM2_DrankWine_Masterwork.stages.0.description,"Absolutely exquisite. The depth of flavor is extraordinary, and I can feel my body relaxing, as if every worry is drifting away.",description,ThoughtDef/ThoughtDef.xml,def
VFEM2_DrankWine_Legendary.stages.0.label,drank legendary wine,label,ThoughtDef/ThoughtDef.xml,def
VFEM2_DrankWine_Legendary.stages.0.description,I've never tasted anything like this before. It’s as though the very essence of joy has been captured in liquid form.,description,ThoughtDef/ThoughtDef.xml,def
VFEM2_TorturerDraught.stages.0.label,twisting pain,label,ThoughtDef/ThoughtDef.xml,def
VFEM2_TorturerDraught.stages.0.description,This wicked concoction set my insides on fire! It hurts all over!,description,ThoughtDef/ThoughtDef.xml,def
VFEM2_StingMoodDebuff.stages.0.label,Stung by bees,label,ThoughtDef/ThoughtDef.xml,def
VFEM2_StingMoodDebuff.stages.0.description,"I was stung, and it hurt!",description,ThoughtDef/ThoughtDef.xml,def
VFEM2_Caravan_Medieval_Farmer.label,animal herder,label,TraderKindDef/TraderKindDef.xml,def
VFEM2_Caravan_Medieval_WineMerchant.label,wine merchant,label,TraderKindDef/TraderKindDef.xml,def
VFEM2_Caravan_Medieval_ArtPatron.label,art patron,label,TraderKindDef/TraderKindDef.xml,def
VFEM2_Caravan_Medieval_Armourer.label,armorsmith,label,TraderKindDef/TraderKindDef.xml,def
VFEM2_Caravan_Medieval_Weaponsmith.label,weaponsmith,label,TraderKindDef/TraderKindDef.xml,def
VFEM2_Caravan_Looter.label,loot trader,label,TraderKindDef/TraderKindDef.xml,def
VFEM2_Visitor_Medieval_Standard.label,trader,label,TraderKindDef/TraderKindDef.xml,def
VFEM2_Medieval.label,medieval,label,WeaponClassDef/WeaponClassDef.xml,def
VFEM2_TakeHoneyOutOfApiary.label,take honey out of apiary,label,WorkGiverDef/WorkGiverDef.xml,def
VFEM2_TakeHoneyOutOfApiary.verb,take honey,verb,WorkGiverDef/WorkGiverDef.xml,def
VFEM2_TakeHoneyOutOfApiary.gerund,taking honey from,gerund,WorkGiverDef/WorkGiverDef.xml,def
VFEM2_TendToTheApiary.label,tend to the apiary,label,WorkGiverDef/WorkGiverDef.xml,def
VFEM2_TendToTheApiary.verb,tend apiary,verb,WorkGiverDef/WorkGiverDef.xml,def
VFEM2_TendToTheApiary.gerund,tend to,gerund,WorkGiverDef/WorkGiverDef.xml,def
VFEM2_DoBillsAlchemyTable.label,craft draught,label,WorkGiverDef/WorkGiverDef.xml,def
VFEM2_DoBillsAlchemyTable.verb,crafting draught,verb,WorkGiverDef/WorkGiverDef.xml,def
VFEM2_DoBillsAlchemyTable.gerund,crafting draught at,gerund,WorkGiverDef/WorkGiverDef.xml,def
VFEM2_DoBillsAlchemyTable_Electric.label,craft draught,label,WorkGiverDef/WorkGiverDef.xml,def
VFEM2_DoBillsAlchemyTable_Electric.verb,crafting draught,verb,WorkGiverDef/WorkGiverDef.xml,def
VFEM2_DoBillsAlchemyTable_Electric.gerund,crafting draught at,gerund,WorkGiverDef/WorkGiverDef.xml,def
VFEM2_MeleeWeapon_HeavyMace.label,heavy mace,label,ThingDef/ThingDef.xml,def
VFEM2_MeleeWeapon_HeavyMace.description,"A heavy mace consisting of a shaft and a heavy ball adorned with spikes. Very effective at piercing plate armor, this weapon is often used by more vicious knights and mercenaries.",description,ThingDef/ThingDef.xml,def
VFEM2_MeleeWeapon_HeavyMace.tools.0.label,handle,label,ThingDef/ThingDef.xml,def
VFEM2_MeleeWeapon_HeavyMace.tools.1.label,head,label,ThingDef/ThingDef.xml,def
VFEM2_MeleeWeapon_DaneAxe.label,dane axe,label,ThingDef/ThingDef.xml,def
VFEM2_MeleeWeapon_DaneAxe.description,"A mighty weapon on the battlefield in the right kind of hands. Made to cut through flesh and bones alike. The axe edge extends into what's called horns, ideal for cutting through light armor and flesh alike.\n\nThis weapon has a chance to deal a critical strike, stunning the opponent.",description,ThingDef/ThingDef.xml,def
VFEM2_MeleeWeapon_DaneAxe.tools.0.label,handle,label,ThingDef/ThingDef.xml,def
VFEM2_MeleeWeapon_DaneAxe.tools.1.label,edge,label,ThingDef/ThingDef.xml,def
VFEM2_MeleeWeapon_Claymore.label,claymore,label,ThingDef/ThingDef.xml,def
VFEM2_MeleeWeapon_Claymore.description,"A brutal, ancient weapon of heavy knights, the claymore can be used cleave through enemies with ease.\n\nThis weapon has a chance to deal a critical strike, stunning the opponent.",description,ThingDef/ThingDef.xml,def
VFEM2_MeleeWeapon_Claymore.tools.0.label,handle,label,ThingDef/ThingDef.xml,def
VFEM2_MeleeWeapon_Claymore.tools.1.label,point,label,ThingDef/ThingDef.xml,def
VFEM2_MeleeWeapon_Claymore.tools.2.label,edge,label,ThingDef/ThingDef.xml,def
VFEM2_MeleeWeapon_Halberd.label,halberd,label,ThingDef/ThingDef.xml,def
VFEM2_MeleeWeapon_Halberd.description,"A long, unwieldy polearm with a sharp edge and a sharp point. The simple, ancient design concentrates cutting power generated from strong overhead swings. The reach of the halberd allows to strike enemies much further away.",description,ThingDef/ThingDef.xml,def
VFEM2_MeleeWeapon_Halberd.tools.0.label,shaft,label,ThingDef/ThingDef.xml,def
VFEM2_MeleeWeapon_Halberd.tools.1.label,shaft,label,ThingDef/ThingDef.xml,def
VFEM2_MeleeWeapon_Halberd.tools.2.label,point,label,ThingDef/ThingDef.xml,def
VFEM2_MeleeWeapon_Halberd.tools.3.label,edge,label,ThingDef/ThingDef.xml,def
VFEM2_MeleeWeapon_Standard.label,heraldic standard,label,ThingDef/ThingDef.xml,def
VFEM2_MeleeWeapon_Standard.description,"A long wooden pole adorned with a flag bearing the heraldry of its bearer. While it inspires unity and bolsters morale as a rallying point for soldiers, the standard itself is poorly suited for combat, offering little in terms of offense or defense.",description,ThingDef/ThingDef.xml,def
VFEM2_MeleeWeapon_Standard.tools.0.label,shaft,label,ThingDef/ThingDef.xml,def
VFEM2_MeleeWeapon_Standard.tools.1.label,shaft,label,ThingDef/ThingDef.xml,def
VFEM2_MeleeWeapon_Pike.label,pike,label,ThingDef/ThingDef.xml,def
VFEM2_MeleeWeapon_Pike.description,"A long, unwieldy polearm tipped with a sharp point for stabbing opponents. The reach of the pike allows to strike enemies much further away.",description,ThingDef/ThingDef.xml,def
VFEM2_MeleeWeapon_Pike.tools.0.label,shaft,label,ThingDef/ThingDef.xml,def
VFEM2_MeleeWeapon_Pike.tools.1.label,shaft,label,ThingDef/ThingDef.xml,def
VFEM2_MeleeWeapon_Pike.tools.2.label,point,label,ThingDef/ThingDef.xml,def
VFEM2_MeleeWeapon_Shortsword.label,shortsword,label,ThingDef/ThingDef.xml,def
VFEM2_MeleeWeapon_Shortsword.description,"A versatile and compact blade designed for both thrusting and slashing. Its nimble design makes it effective in close-quarters combat, where quick strikes can overwhelm slower foes.",description,ThingDef/ThingDef.xml,def
VFEM2_MeleeWeapon_Shortsword.tools.0.label,handle,label,ThingDef/ThingDef.xml,def
VFEM2_MeleeWeapon_Shortsword.tools.1.label,point,label,ThingDef/ThingDef.xml,def
VFEM2_MeleeWeapon_Shortsword.tools.2.label,edge,label,ThingDef/ThingDef.xml,def
VFEM2_MeleeWeapon_Flail.label,flail,label,ThingDef/ThingDef.xml,def
VFEM2_MeleeWeapon_Flail.description,"A refined mace, with a spiked head connected to the handle with a chain, engineered for efficient swinging and deadly impacts. The randomness of the chain movement means that damage may fluctuate greatly.",description,ThingDef/ThingDef.xml,def
VFEM2_MeleeWeapon_Flail.tools.0.label,handle,label,ThingDef/ThingDef.xml,def
VFEM2_MeleeWeapon_Flail.tools.1.label,head,label,ThingDef/ThingDef.xml,def
VFEM2_ThrowingAxe.label,throwing axe,label,ThingDef/ThingDef.xml,def
VFEM2_ThrowingAxe.description,"A single-handed axe made for throwing. Light enough to be thrown accurately at medium range, it's also a great melee weapon in the hands of a capable warrior.",description,ThingDef/ThingDef.xml,def
VFEM2_ThrowingAxe.tools.0.label,handle,label,ThingDef/ThingDef.xml,def
VFEM2_ThrowingAxe.tools.1.label,blade,label,ThingDef/ThingDef.xml,def
VFEM2V_ThrowingAxe_Thrown.label,thrown axe,label,ThingDef/ThingDef.xml,def
VFEM2_Gun_Arquebus.label,arquebus,label,ThingDef/ThingDef.xml,def
VFEM2_Gun_Arquebus.description,"An ancient firearm with a smoothbore barrel, the arquebus delivers powerful shots at decent range. The lead balls lose velocity and damage with distance, and are extremely ineffective against armor. Due to the chempowder reaction when firing the arquebus, plumes of blindsmoke are ejected from the barrel.",description,ThingDef/ThingDef.xml,def
VFEM2_Gun_Arquebus.tools.0.label,stock,label,ThingDef/ThingDef.xml,def
VFEM2_Gun_Arquebus.tools.1.label,barrel,label,ThingDef/ThingDef.xml,def
VFEM2_Bullet_Arquebus.label,arquebus grapeshot,label,ThingDef/ThingDef.xml,def
VFEM2_Gun_HandCannon.label,hand cannon,label,ThingDef/ThingDef.xml,def
VFEM2_Gun_HandCannon.description,"An ancient crude but deadly firearm, the hand cannon fires a devastating grapeshot over a short distance. The lead balls lose velocity and damage with distance, and are extremely ineffective against armor. Due to the chempowder reaction when firing the arquebus, plumes of blindsmoke are ejected from the barrel.",description,ThingDef/ThingDef.xml,def
VFEM2_Gun_HandCannon.tools.0.label,stock,label,ThingDef/ThingDef.xml,def
VFEM2_Gun_HandCannon.tools.1.label,barrel,label,ThingDef/ThingDef.xml,def
VFEM2_Bullet_HandCannon.label,handcannon grapeshot,label,ThingDef/ThingDef.xml,def
VFEM2_Arbalest.label,arbalest,label,ThingDef/ThingDef.xml,def
VFEM2_Arbalest.description,"A powerful crossbow. Fires a heavy bolt over extreme distances, but takes a long time to cock it due to the need to use the cranequin.",description,ThingDef/ThingDef.xml,def
VFEM2_Arbalest.tools.0.label,limb,label,ThingDef/ThingDef.xml,def
VFEM2_Bolt_Arbalest.label,arbalest bolt,label,ThingDef/ThingDef.xml,def
VFEM2_Warbow.label,warbow,label,ThingDef/ThingDef.xml,def
VFEM2_Warbow.description,"A powerful, long variant of the greatbow. While it doesn’t excel at hitting nearby enemies, arrows fired from the warbow curve over walls and can be fired without requiring line of sight.",description,ThingDef/ThingDef.xml,def
VFEM2_Warbow.tools.0.label,limb,label,ThingDef/ThingDef.xml,def
VFEM2_Arrow_Warbow.label,warbow arrow,label,ThingDef/ThingDef.xml,def
VFEM_VillageHunter01.title,village hunter,title,BackstoryDef/BackstoryDef.xml,def
VFEM_VillageHunter01.titleShort,hunter,titleShort,BackstoryDef/BackstoryDef.xml,def
VFEM_VillageHunter01.description,"[PAWN_nameDef] grew up in a small village and spent [PAWN_possessive] days hunting game to provide food for the community. [PAWN_pronoun] became skilled at tracking and setting traps but rarely interacted with others, preferring the solitude of the forest. Over time, [PAWN_pronoun] gained a reputation as a reliable provider, though [PAWN_possessive] social skills remained underdeveloped.",description,BackstoryDef/BackstoryDef.xml,def
VFEM_FieldHand02.title,field hand,title,BackstoryDef/BackstoryDef.xml,def
VFEM_FieldHand02.titleShort,field hand,titleShort,BackstoryDef/BackstoryDef.xml,def
VFEM_FieldHand02.description,"[PAWN_nameDef] worked as a laborer in the fields from a young age, planting crops and harvesting under the watchful eye of overseers. [PAWN_pronoun] grew strong from hauling sacks of grain and learned the basics of caring for plants. However, the grueling work left little time for other pursuits, and [PAWN_pronoun] never learned to read or write.",description,BackstoryDef/BackstoryDef.xml,def
VFEM_Woodcutter03.title,woodcutter,title,BackstoryDef/BackstoryDef.xml,def
VFEM_Woodcutter03.titleShort,woodcutter,titleShort,BackstoryDef/BackstoryDef.xml,def
VFEM_Woodcutter03.description,"[PAWN_nameDef] spent [PAWN_possessive] life in the forests, cutting down trees to supply timber for the local village. The work was grueling, but it made [PAWN_pronoun] strong and skilled with tools. Though the solitude of the woods suited [PAWN_objective], [PAWN_pronoun] never learned much about socializing or the finer arts of crafting.",description,BackstoryDef/BackstoryDef.xml,def
VFEM_Fisher04.title,fisher,title,BackstoryDef/BackstoryDef.xml,def
VFEM_Fisher04.titleShort,fisher,titleShort,BackstoryDef/BackstoryDef.xml,def
VFEM_Fisher04.description,[PAWN_nameDef] made a living catching fish from the rivers and lakes near [PAWN_possessive] village. [PAWN_pronoun] learned to craft simple nets and traps but spent most of [PAWN_possessive] time alone on the water. The repetitive work left [PAWN_pronoun] skilled but uninterested in other tasks.,description,BackstoryDef/BackstoryDef.xml,def
VFEM_StoneHauler05.title,stone hauler,title,BackstoryDef/BackstoryDef.xml,def
VFEM_StoneHauler05.titleShort,hauler,titleShort,BackstoryDef/BackstoryDef.xml,def
VFEM_StoneHauler05.description,"[PAWN_nameDef] worked in a stone quarry, hauling heavy blocks to construction sites. The endless labor left [PAWN_pronoun] with great strength but little patience for intellectual pursuits. The hard life in the quarry also sharpened [PAWN_possessive] instincts for survival.",description,BackstoryDef/BackstoryDef.xml,def
VFEM_Shepherd06.title,shepherd,title,BackstoryDef/BackstoryDef.xml,def
VFEM_Shepherd06.titleShort,shepherd,titleShort,BackstoryDef/BackstoryDef.xml,def
VFEM_Shepherd06.description,[PAWN_nameDef] spent [PAWN_possessive] days tending sheep in the hills surrounding [PAWN_possessive] village. [PAWN_pronoun] became skilled at managing livestock and defending the flock from predators. The quiet life made [PAWN_pronoun] thoughtful but left [PAWN_pronoun] unprepared for more physically demanding work.,description,BackstoryDef/BackstoryDef.xml,def
VFEM_Tanner07.title,tanner,title,BackstoryDef/BackstoryDef.xml,def
VFEM_Tanner07.titleShort,tanner,titleShort,BackstoryDef/BackstoryDef.xml,def
VFEM_Tanner07.description,"[PAWN_nameDef] worked in a tannery, turning raw hides into leather for clothing and armor. The job was messy and unpleasant, but it gave [PAWN_pronoun] an eye for detail and strong hands. Years of exposure to harsh chemicals left [PAWN_pronoun] with poor health.",description,BackstoryDef/BackstoryDef.xml,def
VFEM_CandleMaker08.title,candle maker,title,BackstoryDef/BackstoryDef.xml,def
VFEM_CandleMaker08.titleShort,candler,titleShort,BackstoryDef/BackstoryDef.xml,def
VFEM_CandleMaker08.description,"[PAWN_nameDef] spent years crafting candles from tallow and wax, supplying light to the nearby village. The work required patience and precision, which [PAWN_pronoun] excelled at. However, the repetitive nature of the trade left [PAWN_pronoun] uninterested in more creative pursuits.",description,BackstoryDef/BackstoryDef.xml,def
VFEM_VillageCook09.title,village cook,title,BackstoryDef/BackstoryDef.xml,def
VFEM_VillageCook09.titleShort,cook,titleShort,BackstoryDef/BackstoryDef.xml,def
VFEM_VillageCook09.description,"[PAWN_nameDef] prepared meals for the local villagers, using simple ingredients to make hearty stews and breads. [PAWN_pronoun] honed [PAWN_possessive] skills over countless fires and learned to stretch resources in times of scarcity. The kitchen, however, left no time for intellectual or artistic pursuits.",description,BackstoryDef/BackstoryDef.xml,def
VFEM_Brickmaker10.title,brickmaker,title,BackstoryDef/BackstoryDef.xml,def
VFEM_Brickmaker10.titleShort,brickmaker,titleShort,BackstoryDef/BackstoryDef.xml,def
VFEM_Brickmaker10.description,[PAWN_nameDef] shaped and fired clay bricks for construction projects in [PAWN_possessive] village. The intense labor strengthened [PAWN_possessive] body and gave [PAWN_pronoun] a keen understanding of construction techniques. Years of working near hot kilns left [PAWN_pronoun] with little stamina for long days of physical labor.,description,BackstoryDef/BackstoryDef.xml,def
VFEM_Weaver11.title,weaver,title,BackstoryDef/BackstoryDef.xml,def
VFEM_Weaver11.titleShort,weaver,titleShort,BackstoryDef/BackstoryDef.xml,def
VFEM_Weaver11.description,"[PAWN_nameDef] worked at a loom, spinning thread into fabric for the village. The delicate work required focus and dexterity, which [PAWN_pronoun] developed over years of practice. However, the sedentary nature of weaving left [PAWN_pronoun] with little physical strength.",description,BackstoryDef/BackstoryDef.xml,def
VFEM_Miller12.title,miller,title,BackstoryDef/BackstoryDef.xml,def
VFEM_Miller12.titleShort,miller,titleShort,BackstoryDef/BackstoryDef.xml,def
VFEM_Miller12.description,"[PAWN_nameDef] operated a village mill, grinding grain into flour for the community. The job required an understanding of machinery and a steady hand to keep the mill running smoothly. Years of dusty work left [PAWN_pronoun] prone to coughing fits and other ailments.",description,BackstoryDef/BackstoryDef.xml,def
VFEM_Gravedigger13.title,gravedigger,title,BackstoryDef/BackstoryDef.xml,def
VFEM_Gravedigger13.titleShort,gravedigger,titleShort,BackstoryDef/BackstoryDef.xml,def
VFEM_Gravedigger13.description,"[PAWN_nameDef] spent [PAWN_possessive] nights digging graves for the dead and maintaining the village cemetery. The work was somber and lonely, but it made [PAWN_pronoun] strong and capable of handling heavy tools. Constant exposure to death left [PAWN_pronoun] emotionally detached from others.",description,BackstoryDef/BackstoryDef.xml,def
VFEM_Baker14.title,baker,title,BackstoryDef/BackstoryDef.xml,def
VFEM_Baker14.titleShort,baker,titleShort,BackstoryDef/BackstoryDef.xml,def
VFEM_Baker14.description,"[PAWN_nameDef] rose early each morning to knead dough and bake bread for the village. Over the years, [PAWN_pronoun] developed a knack for crafting perfect loaves and managing a hot oven. However, the repetitive nature of the work left [PAWN_pronoun] uninterested in other trades or studies.",description,BackstoryDef/BackstoryDef.xml,def
VFEM_Cooper15.title,cooper,title,BackstoryDef/BackstoryDef.xml,def
VFEM_Cooper15.titleShort,cooper,titleShort,BackstoryDef/BackstoryDef.xml,def
VFEM_Cooper15.description,"[PAWN_nameDef] crafted barrels and casks for the village, using simple tools to shape and assemble wooden staves. The work required precision and patience, skills that [PAWN_pronoun] mastered over years. Despite [PAWN_possessive] expertise, [PAWN_pronoun] rarely ventured beyond the workshop to socialize or pursue other interests.",description,BackstoryDef/BackstoryDef.xml,def
VFEM_Stablehand16.title,stablehand,title,BackstoryDef/BackstoryDef.xml,def
VFEM_Stablehand16.titleShort,stablehand,titleShort,BackstoryDef/BackstoryDef.xml,def
VFEM_Stablehand16.description,"[PAWN_nameDef] spent [PAWN_possessive] days mucking stalls and tending to horses in the village stables. Over time, [PAWN_pronoun] developed a deep understanding of animal care and a steady hand for calming even the most skittish creatures. The hard labor left [PAWN_pronoun] with little time for intellectual pursuits.",description,BackstoryDef/BackstoryDef.xml,def
VFEM_Thatcher17.title,thatcher,title,BackstoryDef/BackstoryDef.xml,def
VFEM_Thatcher17.titleShort,thatcher,titleShort,BackstoryDef/BackstoryDef.xml,def
VFEM_Thatcher17.description,"[PAWN_nameDef] repaired and constructed thatched roofs for the village. The work demanded both skill and endurance, as [PAWN_pronoun] balanced on rooftops for hours. Years of labor made [PAWN_pronoun] strong and precise, but [PAWN_pronoun] rarely pursued creative endeavors.",description,BackstoryDef/BackstoryDef.xml,def
VFEM_VillageBrewer18.title,village brewer,title,BackstoryDef/BackstoryDef.xml,def
VFEM_VillageBrewer18.titleShort,brewer,titleShort,BackstoryDef/BackstoryDef.xml,def
VFEM_VillageBrewer18.description,"[PAWN_nameDef] brewed ale for the village, perfecting recipes passed down through generations. The brewing process taught [PAWN_pronoun] patience and attention to detail, as each batch required careful timing and temperature control. [PAWN_pronoun] spent so much time brewing that [PAWN_pronoun] neglected physical training.",description,BackstoryDef/BackstoryDef.xml,def
VFEM_RatCatcher19.title,rat catcher,title,BackstoryDef/BackstoryDef.xml,def
VFEM_RatCatcher19.titleShort,rat catcher,titleShort,BackstoryDef/BackstoryDef.xml,def
VFEM_RatCatcher19.description,"[PAWN_nameDef] made a living ridding the village of vermin, setting traps and chasing down rats with [PAWN_possessive] bare hands. The work was dangerous and filthy, but it honed [PAWN_possessive] reflexes and taught [PAWN_pronoun] the ways of small creatures. Years in dark cellars left [PAWN_pronoun] socially awkward.",description,BackstoryDef/BackstoryDef.xml,def
VFEM_MudDigger20.title,mud digger,title,BackstoryDef/BackstoryDef.xml,def
VFEM_MudDigger20.titleShort,mud digger,titleShort,BackstoryDef/BackstoryDef.xml,def
VFEM_MudDigger20.description,"[PAWN_nameDef] dug clay from riverbanks for pottery and construction projects in the village. The exhausting labor left [PAWN_pronoun] with a strong back and thick arms but little interest in intellectual endeavors. [PAWN_pronoun] rarely interacted with others, spending most days knee-deep in mud.",description,BackstoryDef/BackstoryDef.xml,def
VFEM_Footman21.title,footman,title,BackstoryDef/BackstoryDef.xml,def
VFEM_Footman21.titleShort,footman,titleShort,BackstoryDef/BackstoryDef.xml,def
VFEM_Footman21.description,"[PAWN_nameDef] served as a foot soldier in the local lord's army, marching into battle with sword and shield. The brutal skirmishes taught [PAWN_pronoun] the value of endurance and discipline. Years of combat left [PAWN_pronoun] skilled with melee weapons but untrained in ranged combat.",description,BackstoryDef/BackstoryDef.xml,def
VFEM_Archer22.title,archer,title,BackstoryDef/BackstoryDef.xml,def
VFEM_Archer22.titleShort,archer,titleShort,BackstoryDef/BackstoryDef.xml,def
VFEM_Archer22.description,"[PAWN_nameDef] was trained to fight in the lord’s army as an archer, spending countless hours practicing [PAWN_possessive] aim. [PAWN_pronoun] became an expert at firing arrows accurately and quickly, even under pressure. However, [PAWN_pronoun] lacked experience with close combat, often relying on others to protect [PAWN_objective].",description,BackstoryDef/BackstoryDef.xml,def
VFEM_Squire23.title,squire,title,BackstoryDef/BackstoryDef.xml,def
VFEM_Squire23.titleShort,squire,titleShort,BackstoryDef/BackstoryDef.xml,def
VFEM_Squire23.description,"[PAWN_nameDef] served as a squire to a local knight, learning the ways of battle and assisting [PAWN_objective] master. [PAWN_pronoun] gained skill with weapons and armor, though most of [PAWN_possessive] duties involved maintenance and carrying supplies. The experience made [PAWN_pronoun] strong and disciplined but left little time for independent thought.",description,BackstoryDef/BackstoryDef.xml,def
VFEM_Watchman24.title,watchman,title,BackstoryDef/BackstoryDef.xml,def
VFEM_Watchman24.titleShort,watchman,titleShort,BackstoryDef/BackstoryDef.xml,def
VFEM_Watchman24.description,"[PAWN_nameDef] guarded the village walls and gates, keeping an eye out for bandits and other threats. The job demanded vigilance and a steady hand, which [PAWN_pronoun] developed over long hours of patrol. Though experienced with ranged weapons, [PAWN_pronoun] rarely saw true battle.",description,BackstoryDef/BackstoryDef.xml,def
VFEM_Spearman25.title,spearman,title,BackstoryDef/BackstoryDef.xml,def
VFEM_Spearman25.titleShort,spearman,titleShort,BackstoryDef/BackstoryDef.xml,def
VFEM_Spearman25.description,"[PAWN_nameDef] was trained to hold the front line with a spear, using reach to keep enemies at bay. [PAWN_pronoun] learned to work in formation with others, relying on coordination and timing to fend off cavalry charges. Years of combat hardened [PAWN_pronoun], though [PAWN_pronoun] lacked skill in crafting or more delicate tasks.",description,BackstoryDef/BackstoryDef.xml,def
VFEM_Pikeman26.title,pikeman,title,BackstoryDef/BackstoryDef.xml,def
VFEM_Pikeman26.titleShort,pikeman,titleShort,BackstoryDef/BackstoryDef.xml,def
VFEM_Pikeman26.description,"[PAWN_nameDef] stood in tightly packed lines, wielding a long pike to defend against charging cavalry. The work was grueling and required coordination with [PAWN_possessive] comrades to form an impenetrable wall of steel. While [PAWN_pronoun] excelled in formation combat, [PAWN_pronoun] struggled with tasks requiring individual creativity.",description,BackstoryDef/BackstoryDef.xml,def
VFEM_Shieldbearer27.title,shieldbearer,title,BackstoryDef/BackstoryDef.xml,def
VFEM_Shieldbearer27.titleShort,shieldbearer,titleShort,BackstoryDef/BackstoryDef.xml,def
VFEM_Shieldbearer27.description,"[PAWN_nameDef] was tasked with carrying a large shield into battle, protecting [PAWN_possessive] comrades from incoming projectiles. The position required endurance and discipline, as [PAWN_pronoun] stood firm even under heavy fire. The role left [PAWN_pronoun] with little opportunity to practice ranged combat.",description,BackstoryDef/BackstoryDef.xml,def
VFEM_CampFollower28.title,camp follower,title,BackstoryDef/BackstoryDef.xml,def
VFEM_CampFollower28.titleShort,camp follower,titleShort,BackstoryDef/BackstoryDef.xml,def
VFEM_CampFollower28.description,"[PAWN_nameDef] traveled with armies, maintaining the camp and preparing supplies. [PAWN_pronoun] became skilled in basic survival and cooking, ensuring the soldiers were fed and ready for battle. Despite living near combat, [PAWN_pronoun] rarely saw direct action and focused on support roles.",description,BackstoryDef/BackstoryDef.xml,def
VFEM_Mercenary29.title,mercenary,title,BackstoryDef/BackstoryDef.xml,def
VFEM_Mercenary29.titleShort,mercenary,titleShort,BackstoryDef/BackstoryDef.xml,def
VFEM_Mercenary29.description,"[PAWN_nameDef] sold [PAWN_possessive] sword to the highest bidder, fighting in skirmishes across the land. Years of battle left [PAWN_pronoun] hardened and skilled in melee combat, but [PAWN_pronoun] never trusted anyone enough to form lasting bonds. [PAWN_pronoun] carried scars from both physical and emotional wounds.",description,BackstoryDef/BackstoryDef.xml,def
VFEM_SiegeEngineer30.title,siege engineer,title,BackstoryDef/BackstoryDef.xml,def
VFEM_SiegeEngineer30.titleShort,siege engineer,titleShort,BackstoryDef/BackstoryDef.xml,def
VFEM_SiegeEngineer30.description,"[PAWN_nameDef] worked with a team to build and operate siege engines during castle assaults. The role demanded ingenuity and strength, as [PAWN_pronoun] helped design, construct, and fire massive weapons. While skilled in engineering, [PAWN_pronoun] struggled with close-quarters combat.",description,BackstoryDef/BackstoryDef.xml,def
VFEM_Beggar31.title,beggar,title,BackstoryDef/BackstoryDef.xml,def
VFEM_Beggar31.titleShort,beggar,titleShort,BackstoryDef/BackstoryDef.xml,def
VFEM_Beggar31.description,"[PAWN_nameDef] survived by begging on the streets, relying on the charity of others for food and shelter. [PAWN_pronoun] became skilled at reading people’s moods and persuading them to give, but the harsh life left [PAWN_pronoun] weak and unskilled in manual labor.",description,BackstoryDef/BackstoryDef.xml,def
VFEM_Poacher32.title,poacher,title,BackstoryDef/BackstoryDef.xml,def
VFEM_Poacher32.titleShort,poacher,titleShort,BackstoryDef/BackstoryDef.xml,def
VFEM_Poacher32.description,"[PAWN_nameDef] hunted illegally in the lord’s forests, risking [PAWN_possessive] life to feed [PAWN_possessive] family. [PAWN_pronoun] became skilled with a bow and learned to move silently through the woods, but [PAWN_pronoun] always lived in fear of being caught by the lord’s men.",description,BackstoryDef/BackstoryDef.xml,def
VFEM_Outlaw33.title,outlaw,title,BackstoryDef/BackstoryDef.xml,def
VFEM_Outlaw33.titleShort,outlaw,titleShort,BackstoryDef/BackstoryDef.xml,def
VFEM_Outlaw33.description,"[PAWN_nameDef] lived outside the law, surviving through theft and violence. [PAWN_pronoun] became skilled at fighting and evading capture, but [PAWN_pronoun] was shunned by society and relied on [PAWN_possessive] wits to stay alive. The life of an outlaw left [PAWN_pronoun] hardened and distrusting of others.",description,BackstoryDef/BackstoryDef.xml,def
VFEM_Scavenger34.title,scavenger,title,BackstoryDef/BackstoryDef.xml,def
VFEM_Scavenger34.titleShort,scavenger,titleShort,BackstoryDef/BackstoryDef.xml,def
VFEM_Scavenger34.description,"[PAWN_nameDef] survived by scavenging abandoned battlefields and ruined villages, gathering anything of value. [PAWN_pronoun] became adept at spotting useful items and avoiding danger, but the life left [PAWN_pronoun] with little sense of cleanliness or order.",description,BackstoryDef/BackstoryDef.xml,def
VFEM_Vagabond35.title,vagabond,title,BackstoryDef/BackstoryDef.xml,def
VFEM_Vagabond35.titleShort,vagabond,titleShort,BackstoryDef/BackstoryDef.xml,def
VFEM_Vagabond35.description,"[PAWN_nameDef] wandered from village to village, taking odd jobs and sleeping wherever [PAWN_pronoun] could find shelter. [PAWN_pronoun] learned to survive on little and became skilled at adapting to new situations, but [PAWN_pronoun] never stayed in one place long enough to form meaningful relationships.",description,BackstoryDef/BackstoryDef.xml,def
VFEM_Herbalist36.title,herbalist,title,BackstoryDef/BackstoryDef.xml,def
VFEM_Herbalist36.titleShort,herbalist,titleShort,BackstoryDef/BackstoryDef.xml,def
VFEM_Herbalist36.description,"[PAWN_nameDef] lived near the edge of the forest, gathering plants to craft medicines and salves for the village. [PAWN_pronoun] developed a keen understanding of nature and its uses but often kept to [PAWN_possessive]self to focus on [PAWN_possessive] craft. Villagers respected [PAWN_possessive] knowledge, seeking [PAWN_possessive] help in times of need.",description,BackstoryDef/BackstoryDef.xml,def
VFEM_Blacksmith37.title,blacksmith,title,BackstoryDef/BackstoryDef.xml,def
VFEM_Blacksmith37.titleShort,blacksmith,titleShort,BackstoryDef/BackstoryDef.xml,def
VFEM_Blacksmith37.description,"[PAWN_nameDef] worked in the forge, shaping metal into tools, weapons, and armor. [PAWN_pronoun] earned the admiration of the village for [PAWN_possessive] skill and reliability. The constant heat and heavy labor left [PAWN_pronoun] strong and focused, though not particularly well-read.",description,BackstoryDef/BackstoryDef.xml,def
VFEM_Mason38.title,mason,title,BackstoryDef/BackstoryDef.xml,def
VFEM_Mason38.titleShort,mason,titleShort,BackstoryDef/BackstoryDef.xml,def
VFEM_Mason38.description,"[PAWN_nameDef] was a skilled mason, shaping stone into sturdy walls and magnificent buildings. [PAWN_pronoun] earned a good reputation for [PAWN_possessive] precision and creativity in construction. [PAWN_pronoun] rarely participated in farming or hunting, focusing solely on [PAWN_possessive] craft.",description,BackstoryDef/BackstoryDef.xml,def
VFEM_Healer39.title,healer,title,BackstoryDef/BackstoryDef.xml,def
VFEM_Healer39.titleShort,healer,titleShort,BackstoryDef/BackstoryDef.xml,def
VFEM_Healer39.description,"[PAWN_nameDef] tended to the sick and wounded, applying [PAWN_possessive] knowledge of medicine and herbal remedies. [PAWN_pronoun] gained respect for [PAWN_possessive] ability to save lives, though [PAWN_pronoun] often had to face the harsh reality of those [PAWN_pronoun] couldn’t save. The villagers relied on [PAWN_objective] as their primary source of care.",description,BackstoryDef/BackstoryDef.xml,def
VFEM_Carpenter40.title,carpenter,title,BackstoryDef/BackstoryDef.xml,def
VFEM_Carpenter40.titleShort,carpenter,titleShort,BackstoryDef/BackstoryDef.xml,def
VFEM_Carpenter40.description,"[PAWN_nameDef] crafted furniture, tools, and wooden structures for the village. [PAWN_pronoun] earned [PAWN_possessive] living through precision and skill, shaping timber into practical and beautiful creations. Though [PAWN_pronoun] excelled at [PAWN_possessive] trade, [PAWN_pronoun] had little time for intellectual pursuits.",description,BackstoryDef/BackstoryDef.xml,def
VFEM_KitchenServant41.title,kitchen servant,title,BackstoryDef/BackstoryDef.xml,def
VFEM_KitchenServant41.titleShort,kitchen hand,titleShort,BackstoryDef/BackstoryDef.xml,def
VFEM_KitchenServant41.description,"[PAWN_nameDef] worked long hours in the keep's kitchens, preparing food for the nobles and their guests. [PAWN_pronoun] learned to cook large meals with limited resources, honing [PAWN_possessive] culinary skills. Though the work was exhausting, [PAWN_pronoun] found pride in [PAWN_possessive] ability to feed others.",description,BackstoryDef/BackstoryDef.xml,def
VFEM_Chamberlain42.title,chamberlain,title,BackstoryDef/BackstoryDef.xml,def
VFEM_Chamberlain42.titleShort,chamberlain,titleShort,BackstoryDef/BackstoryDef.xml,def
VFEM_Chamberlain42.description,"[PAWN_nameDef] managed the keep’s living quarters, overseeing servants and ensuring the lord’s chambers were well-kept. [PAWN_pronoun] became adept at organizing and managing resources but often found [PAWN_possessive]self caught in the politics of the household. The role demanded both precision and tact.",description,BackstoryDef/BackstoryDef.xml,def
VFEM_Scullion43.title,scullion,title,BackstoryDef/BackstoryDef.xml,def
VFEM_Scullion43.titleShort,scullion,titleShort,BackstoryDef/BackstoryDef.xml,def
VFEM_Scullion43.description,"[PAWN_nameDef] spent [PAWN_possessive] days washing dishes and scrubbing pots in the keep’s kitchens. The work was dirty and thankless, but it gave [PAWN_pronoun] a strong work ethic and the ability to endure long hours of labor. [PAWN_pronoun] rarely interacted with anyone outside the kitchen staff.",description,BackstoryDef/BackstoryDef.xml,def
VFEM_StableServant44.title,stable servant,title,BackstoryDef/BackstoryDef.xml,def
VFEM_StableServant44.titleShort,stable hand,titleShort,BackstoryDef/BackstoryDef.xml,def
VFEM_StableServant44.description,"[PAWN_nameDef] tended to the lord’s horses, feeding and grooming them and cleaning their stalls. [PAWN_pronoun] gained a deep understanding of animal care and built strong muscles from the physical labor. The isolation of the stables left [PAWN_pronoun] with limited social skills.",description,BackstoryDef/BackstoryDef.xml,def
VFEM_Butler45.title,butler,title,BackstoryDef/BackstoryDef.xml,def
VFEM_Butler45.titleShort,butler,titleShort,BackstoryDef/BackstoryDef.xml,def
VFEM_Butler45.description,"[PAWN_nameDef] served the lord and [PAWN_possessive] family directly, ensuring their needs were met with promptness and discretion. [PAWN_pronoun] became skilled in etiquette and managing a household staff. The role gave [PAWN_pronoun] a sharp eye for detail but little patience for physical labor.",description,BackstoryDef/BackstoryDef.xml,def
VFEM_Pickpocket46.title,pickpocket,title,BackstoryDef/BackstoryDef.xml,def
VFEM_Pickpocket46.titleShort,pickpocket,titleShort,BackstoryDef/BackstoryDef.xml,def
VFEM_Pickpocket46.description,"[PAWN_nameDef] survived by slipping through crowded markets, deftly lifting coins and trinkets from unsuspecting villagers. [PAWN_pronoun] developed nimble fingers and a keen sense for spotting opportunities, but [PAWN_pronoun] always lived in fear of being caught. Years of petty theft left [PAWN_pronoun] mistrustful and secretive.",description,BackstoryDef/BackstoryDef.xml,def
VFEM_Fence47.title,fence,title,BackstoryDef/BackstoryDef.xml,def
VFEM_Fence47.titleShort,fence,titleShort,BackstoryDef/BackstoryDef.xml,def
VFEM_Fence47.description,"[PAWN_nameDef] traded in stolen goods, turning ill-gotten items into coin while avoiding the attention of the authorities. [PAWN_pronoun] became skilled at bargaining and gauging the value of items but avoided direct involvement in theft. The constant deception made [PAWN_pronoun] adept at reading people’s motives.",description,BackstoryDef/BackstoryDef.xml,def
VFEM_Bandit48.title,bandit,title,BackstoryDef/BackstoryDef.xml,def
VFEM_Bandit48.titleShort,bandit,titleShort,BackstoryDef/BackstoryDef.xml,def
VFEM_Bandit48.description,"[PAWN_nameDef] roamed the countryside with a band of outlaws, ambushing travelers and raiding villages. [PAWN_pronoun] became skilled in both melee combat and intimidation but earned a reputation as a dangerous outlaw. Life on the run hardened [PAWN_pronoun] and left [PAWN_pronoun] distrusting of others.",description,BackstoryDef/BackstoryDef.xml,def
VFEM_Smuggler49.title,smuggler,title,BackstoryDef/BackstoryDef.xml,def
VFEM_Smuggler49.titleShort,smuggler,titleShort,BackstoryDef/BackstoryDef.xml,def
VFEM_Smuggler49.description,"[PAWN_nameDef] transported contraband across borders, using [PAWN_possessive] knowledge of hidden paths and bribes to avoid detection. [PAWN_pronoun] became adept at navigating and negotiating under pressure, though the constant risk of capture took a toll on [PAWN_possessive] nerves. The life of secrecy made [PAWN_pronoun] wary of strangers.",description,BackstoryDef/BackstoryDef.xml,def
VFEM_Counterfeiter50.title,counterfeiter,title,BackstoryDef/BackstoryDef.xml,def
VFEM_Counterfeiter50.titleShort,counterfeiter,titleShort,BackstoryDef/BackstoryDef.xml,def
VFEM_Counterfeiter50.description,"[PAWN_nameDef] forged coins and documents, deceiving merchants and nobles alike. [PAWN_pronoun] became skilled at crafting convincing replicas, though [PAWN_pronoun] avoided physical labor whenever possible. The constant risk of exposure forced [PAWN_pronoun] to move frequently, never staying in one place for long.",description,BackstoryDef/BackstoryDef.xml,def
VFEM_VillageUrchin101.title,village urchin,title,BackstoryDef/BackstoryDef.xml,def
VFEM_VillageUrchin101.titleShort,urchin,titleShort,BackstoryDef/BackstoryDef.xml,def
VFEM_VillageUrchin101.description,"[PAWN_nameDef] grew up as a street child in a small village, surviving by stealing scraps and begging from passersby. [PAWN_pronoun] quickly learned to navigate crowded markets and avoid the watchful eyes of the guards. Though [PAWN_pronoun] lacked formal education, [PAWN_pronoun] became clever and resourceful.",description,BackstoryDef/BackstoryDef.xml,def
VFEM_ShepherdsChild102.title,shepherd's child,title,BackstoryDef/BackstoryDef.xml,def
VFEM_ShepherdsChild102.titleShort,shepherd,titleShort,BackstoryDef/BackstoryDef.xml,def
VFEM_ShepherdsChild102.description,"[PAWN_nameDef] spent [PAWN_possessive] childhood helping [PAWN_possessive] family tend sheep on the hillsides near the village. [PAWN_pronoun] learned patience, vigilance, and a deep understanding of animal behavior. The quiet life also gave [PAWN_pronoun] plenty of time to dream and observe the world around [PAWN_objective].",description,BackstoryDef/BackstoryDef.xml,def
VFEM_BlacksmithsApprentice103.title,blacksmith's apprentice,title,BackstoryDef/BackstoryDef.xml,def
VFEM_BlacksmithsApprentice103.titleShort,apprentice,titleShort,BackstoryDef/BackstoryDef.xml,def
VFEM_BlacksmithsApprentice103.description,"[PAWN_nameDef] spent [PAWN_possessive] early years in a smoky forge, assisting [PAWN_possessive] family with small tasks like pumping bellows and carrying coal. The heat and noise became a constant part of [PAWN_possessive] life, and [PAWN_pronoun] began to understand the basics of crafting and hard work. Though the work was tiring, it sparked an appreciation for precision and skill.",description,BackstoryDef/BackstoryDef.xml,def
VFEM_FarmersChild104.title,farmer's child,title,BackstoryDef/BackstoryDef.xml,def
VFEM_FarmersChild104.titleShort,farmhand,titleShort,BackstoryDef/BackstoryDef.xml,def
VFEM_FarmersChild104.description,"[PAWN_nameDef] grew up working the fields with [PAWN_possessive] family, planting crops and tending to livestock. [PAWN_pronoun] became skilled at using simple tools and understanding the rhythms of the seasons. The hard labor instilled a strong work ethic but left little time for formal learning.",description,BackstoryDef/BackstoryDef.xml,def
VFEM_FishermansChild105.title,fisherman’s child,title,BackstoryDef/BackstoryDef.xml,def
VFEM_FishermansChild105.titleShort,fisher,titleShort,BackstoryDef/BackstoryDef.xml,def
VFEM_FishermansChild105.description,"[PAWN_nameDef] spent [PAWN_possessive] youth casting nets and hauling in fish alongside [PAWN_possessive] family. The smell of salt and the sound of water became second nature to [PAWN_objective], as did a knack for patience and a steady hand. Life on the water left [PAWN_pronoun] with a practical mindset and the ability to adapt to challenges.",description,BackstoryDef/BackstoryDef.xml,def
VFEM_WoodcuttersChild106.title,woodcutter's child,title,BackstoryDef/BackstoryDef.xml,def
VFEM_WoodcuttersChild106.titleShort,woodcutter,titleShort,BackstoryDef/BackstoryDef.xml,def
VFEM_WoodcuttersChild106.description,"[PAWN_nameDef] grew up helping [PAWN_possessive] family cut trees and haul logs from the nearby forest. [PAWN_pronoun] quickly learned to handle axes and saws, developing both strength and skill. Though accustomed to hard labor, [PAWN_pronoun] rarely had time for anything beyond work and rest.",description,BackstoryDef/BackstoryDef.xml,def
VFEM_MillersChild107.title,miller's child,title,BackstoryDef/BackstoryDef.xml,def
VFEM_MillersChild107.titleShort,miller,titleShort,BackstoryDef/BackstoryDef.xml,def
VFEM_MillersChild107.description,"[PAWN_nameDef] grew up around the constant hum of the mill, helping [PAWN_possessive] family grind grain into flour. [PAWN_pronoun] learned the importance of precision and efficiency, keeping the machinery running smoothly. [PAWN_pronoun] also gained a knack for basic problem-solving when repairs were needed.",description,BackstoryDef/BackstoryDef.xml,def
VFEM_HuntersChild108.title,hunter's child,title,BackstoryDef/BackstoryDef.xml,def
VFEM_HuntersChild108.titleShort,hunter,titleShort,BackstoryDef/BackstoryDef.xml,def
VFEM_HuntersChild108.description,"[PAWN_nameDef] followed [PAWN_possessive] family through the forests, learning to track animals and use a bow. [PAWN_pronoun] grew up attuned to the wilderness, with sharp instincts and steady hands. While skilled at survival, [PAWN_pronoun] spent little time with other children and was often solitary.",description,BackstoryDef/BackstoryDef.xml,def
VFEM_BakersChild109.title,baker's child,title,BackstoryDef/BackstoryDef.xml,def
VFEM_BakersChild109.titleShort,baker,titleShort,BackstoryDef/BackstoryDef.xml,def
VFEM_BakersChild109.description,[PAWN_nameDef] spent [PAWN_possessive] childhood kneading dough and tending ovens in the family bakery. [PAWN_pronoun] developed a keen sense of timing and a knack for crafting simple but satisfying meals. The early mornings and long hours left [PAWN_pronoun] with a strong work ethic but little free time.,description,BackstoryDef/BackstoryDef.xml,def
VFEM_StablehandsChild110.title,stablehand's child,title,BackstoryDef/BackstoryDef.xml,def
VFEM_StablehandsChild110.titleShort,stablehand,titleShort,BackstoryDef/BackstoryDef.xml,def
VFEM_StablehandsChild110.description,"[PAWN_nameDef] grew up in the stables, helping care for horses and keeping the stalls clean. [PAWN_pronoun] learned the basics of animal care and the value of steady, dependable work. While comfortable around animals, [PAWN_pronoun] often struggled to relate to [PAWN_possessive] peers.",description,BackstoryDef/BackstoryDef.xml,def
VFEM_ForestForager111.title,forest forager,title,BackstoryDef/BackstoryDef.xml,def
VFEM_ForestForager111.titleShort,forager,titleShort,BackstoryDef/BackstoryDef.xml,def
VFEM_ForestForager111.description,"[PAWN_nameDef] spent [PAWN_possessive] childhood scouring the woods for berries, herbs, and mushrooms to help feed the village. [PAWN_pronoun] learned to identify edible plants and navigate dense forests with ease. Though [PAWN_pronoun] rarely interacted with others, [PAWN_pronoun] became deeply attuned to nature.",description,BackstoryDef/BackstoryDef.xml,def
VFEM_RiverWader112.title,river wader,title,BackstoryDef/BackstoryDef.xml,def
VFEM_RiverWader112.titleShort,river wader,titleShort,BackstoryDef/BackstoryDef.xml,def
VFEM_RiverWader112.description,"[PAWN_nameDef] spent endless hours by the river, catching fish with traps and nets. [PAWN_pronoun] became skilled at spotting fish and understanding the flow of water, skills that kept [PAWN_objective] well-fed even in lean times. Life by the river gave [PAWN_pronoun] a practical outlook but limited [PAWN_possessive] social skills.",description,BackstoryDef/BackstoryDef.xml,def
VFEM_WanderingHelper113.title,wandering helper,title,BackstoryDef/BackstoryDef.xml,def
VFEM_WanderingHelper113.titleShort,helper,titleShort,BackstoryDef/BackstoryDef.xml,def
VFEM_WanderingHelper113.description,"[PAWN_nameDef] grew up lending a hand wherever [PAWN_pronoun] could, moving from farm to farm doing odd jobs. From tending crops to mending fences, [PAWN_pronoun] learned a little bit of everything but mastered none. Constantly on the move, [PAWN_pronoun] never formed close friendships but gained practical skills.",description,BackstoryDef/BackstoryDef.xml,def
VFEM_QuietObserver114.title,quiet observer,title,BackstoryDef/BackstoryDef.xml,def
VFEM_QuietObserver114.titleShort,observer,titleShort,BackstoryDef/BackstoryDef.xml,def
VFEM_QuietObserver114.description,"[PAWN_nameDef] spent [PAWN_possessive] childhood watching the world from the edges, unnoticed but always attentive. [PAWN_pronoun] learned to listen, read emotions, and predict behavior, skills that [PAWN_pronoun] used to avoid trouble and gain favor. While [PAWN_pronoun] excelled at understanding others, [PAWN_pronoun] avoided physical labor whenever possible.",description,BackstoryDef/BackstoryDef.xml,def
VFEM_EarlyLaborer115.title,early laborer,title,BackstoryDef/BackstoryDef.xml,def
VFEM_EarlyLaborer115.titleShort,laborer,titleShort,BackstoryDef/BackstoryDef.xml,def
VFEM_EarlyLaborer115.description,"[PAWN_nameDef] started working in the fields as soon as [PAWN_pronoun] could carry a tool, spending long days planting and harvesting. The grueling work made [PAWN_pronoun] strong and resilient but left little time for play or education. Despite the hardships, [PAWN_pronoun] grew to appreciate the rewards of hard work.",description,BackstoryDef/BackstoryDef.xml,def
VFEM_VillageRunner116.title,village runner,title,BackstoryDef/BackstoryDef.xml,def
VFEM_VillageRunner116.titleShort,runner,titleShort,BackstoryDef/BackstoryDef.xml,def
VFEM_VillageRunner116.description,"[PAWN_nameDef] was often tasked with delivering messages and small packages between villagers. [PAWN_pronoun] spent countless hours running along dirt paths, learning the fastest routes and how to avoid danger. The constant movement made [PAWN_pronoun] quick and agile but left little time for rest or study.",description,BackstoryDef/BackstoryDef.xml,def
VFEM_FieldWatcher117.title,field watcher,title,BackstoryDef/BackstoryDef.xml,def
VFEM_FieldWatcher117.titleShort,watcher,titleShort,BackstoryDef/BackstoryDef.xml,def
VFEM_FieldWatcher117.description,"[PAWN_nameDef] spent hours sitting by the fields, keeping an eye out for crows, rabbits, or anything else that might harm the crops. [PAWN_pronoun] learned patience and vigilance, but the solitary work left [PAWN_pronoun] starved for human interaction. [PAWN_pronoun] grew resourceful, using simple tools to ward off pests and predators.",description,BackstoryDef/BackstoryDef.xml,def
VFEM_MarketHelper118.title,market helper,title,BackstoryDef/BackstoryDef.xml,def
VFEM_MarketHelper118.titleShort,helper,titleShort,BackstoryDef/BackstoryDef.xml,def
VFEM_MarketHelper118.description,"[PAWN_nameDef] spent [PAWN_possessive] childhood helping traders set up their stalls, haul goods, and haggle with customers. The bustling marketplace taught [PAWN_pronoun] how to read people and bargain effectively. Though quick-witted, [PAWN_pronoun] had little time for physical labor outside the market.",description,BackstoryDef/BackstoryDef.xml,def
VFEM_WellTender119.title,well tender,title,BackstoryDef/BackstoryDef.xml,def
VFEM_WellTender119.titleShort,well tender,titleShort,BackstoryDef/BackstoryDef.xml,def
VFEM_WellTender119.description,[PAWN_nameDef] was responsible for keeping the village well clean and drawing water for the community. [PAWN_pronoun] grew strong from hauling heavy buckets and learned to maintain the mechanisms that made the work easier. The repetitive work left [PAWN_pronoun] with little variety but a dependable skill set.,description,BackstoryDef/BackstoryDef.xml,def
VFEM_StreetEntertainer120.title,street entertainer,title,BackstoryDef/BackstoryDef.xml,def
VFEM_StreetEntertainer120.titleShort,entertainer,titleShort,BackstoryDef/BackstoryDef.xml,def
VFEM_StreetEntertainer120.description,"[PAWN_nameDef] performed in the village square as a juggler, singer, or storyteller, hoping to earn coins or scraps of food. [PAWN_pronoun] learned how to capture an audience’s attention and bring joy to others, even when times were tough. While talented in performance, [PAWN_pronoun] struggled with practical skills outside the arts.",description,BackstoryDef/BackstoryDef.xml,def
VFEM_StreetScavenger121.title,street scavenger,title,BackstoryDef/BackstoryDef.xml,def
VFEM_StreetScavenger121.titleShort,scavenger,titleShort,BackstoryDef/BackstoryDef.xml,def
VFEM_StreetScavenger121.description,"[PAWN_nameDef] grew up scavenging through garbage and refuse, searching for anything [PAWN_pronoun] could eat or sell. The harsh life taught [PAWN_pronoun] how to survive with very little but left [PAWN_pronoun] mistrusting of others. [PAWN_pronoun] became quick on [PAWN_possessive] feet to avoid confrontations over scraps.",description,BackstoryDef/BackstoryDef.xml,def
VFEM_Outcast122.title,outcast,title,BackstoryDef/BackstoryDef.xml,def
VFEM_Outcast122.titleShort,outcast,titleShort,BackstoryDef/BackstoryDef.xml,def
VFEM_Outcast122.description,"[PAWN_nameDef] was shunned by the other children in [PAWN_possessive] village for reasons [PAWN_pronoun] never fully understood. Forced to fend for [PAWN_objective], [PAWN_pronoun] spent [PAWN_possessive] days alone in the wilderness or on the village outskirts. [PAWN_pronoun] developed a deep sense of independence and distrust of others.",description,BackstoryDef/BackstoryDef.xml,def
VFEM_Pickpocket123.title,pickpocket,title,BackstoryDef/BackstoryDef.xml,def
VFEM_Pickpocket123.titleShort,thief,titleShort,BackstoryDef/BackstoryDef.xml,def
VFEM_Pickpocket123.description,"[PAWN_nameDef] turned to petty theft as a way to survive in a world that had little use for [PAWN_objective]. [PAWN_pronoun] quickly learned to move unseen and snatch valuables without getting caught. While skilled at stealing, [PAWN_pronoun] earned a reputation for dishonesty and was never trusted by others.",description,BackstoryDef/BackstoryDef.xml,def
VFEM_RatCatcher124.title,rat catcher,title,BackstoryDef/BackstoryDef.xml,def
VFEM_RatCatcher124.titleShort,rat catcher,titleShort,BackstoryDef/BackstoryDef.xml,def
VFEM_RatCatcher124.description,"[PAWN_nameDef] was tasked with clearing vermin from food stores and homes, often wading into the dirtiest corners of the village. [PAWN_pronoun] developed quick reflexes and an uncanny knack for traps, but the work left [PAWN_pronoun] isolated and avoided by others. The smell of [PAWN_possessive] trade lingered wherever [PAWN_pronoun] went.",description,BackstoryDef/BackstoryDef.xml,def
VFEM_Troublemaker125.title,troublemaker,title,BackstoryDef/BackstoryDef.xml,def
VFEM_Troublemaker125.titleShort,troublemaker,titleShort,BackstoryDef/BackstoryDef.xml,def
VFEM_Troublemaker125.description,"[PAWN_nameDef] was known for causing mischief and stirring up chaos, often at the expense of others. [PAWN_pronoun] enjoyed playing pranks, picking fights, and pushing boundaries wherever possible. Though disliked by adults and peers alike, [PAWN_pronoun] developed sharp wits and quick reflexes to avoid punishment.",description,BackstoryDef/BackstoryDef.xml,def
VFEM_BeggarChild126.title,beggar child,title,BackstoryDef/BackstoryDef.xml,def
VFEM_BeggarChild126.titleShort,beggar,titleShort,BackstoryDef/BackstoryDef.xml,def
VFEM_BeggarChild126.description,"[PAWN_nameDef] spent [PAWN_possessive] early years sitting in muddy streets, pleading for coins or scraps of food. The life taught [PAWN_pronoun] how to read people’s emotions and appeal to their sympathies, but it also made [PAWN_pronoun] deeply wary of rejection. Begging for survival left [PAWN_pronoun] resourceful but mistrusted.",description,BackstoryDef/BackstoryDef.xml,def
VFEM_ScrapHoarder127.title,scrap hoarder,title,BackstoryDef/BackstoryDef.xml,def
VFEM_ScrapHoarder127.titleShort,hoarder,titleShort,BackstoryDef/BackstoryDef.xml,def
VFEM_ScrapHoarder127.description,"[PAWN_nameDef] collected broken tools, discarded wood, and other castoffs, turning them into makeshift toys or tools. Though often teased for [PAWN_possessive] peculiar habits, [PAWN_pronoun] became adept at finding value in things others overlooked. [PAWN_pronoun] gained practical skills but struggled to connect with others.",description,BackstoryDef/BackstoryDef.xml,def
VFEM_AlleySneak128.title,alley sneak,title,BackstoryDef/BackstoryDef.xml,def
VFEM_AlleySneak128.titleShort,sneak,titleShort,BackstoryDef/BackstoryDef.xml,def
VFEM_AlleySneak128.description,"[PAWN_nameDef] spent most of [PAWN_possessive] childhood slipping through alleys and shadows, avoiding the attention of adults and bullies. The streets taught [PAWN_pronoun] how to move silently and blend into crowds. While stealthy and clever, [PAWN_pronoun] lacked trust in others and avoided forming connections.",description,BackstoryDef/BackstoryDef.xml,def
VFEM_VillageScapegoat129.title,village scapegoat,title,BackstoryDef/BackstoryDef.xml,def
VFEM_VillageScapegoat129.titleShort,scapegoat,titleShort,BackstoryDef/BackstoryDef.xml,def
VFEM_VillageScapegoat129.description,"[PAWN_nameDef] was blamed for every broken tool, missing coin, or spoiled crop in the village, often regardless of [PAWN_possessive] involvement. The constant accusations taught [PAWN_pronoun] how to endure hardship and avoid confrontations. [PAWN_pronoun] grew to be resourceful but deeply mistrustful of authority.",description,BackstoryDef/BackstoryDef.xml,def
VFEM_RuntOfThePack130.title,runt of the pack,title,BackstoryDef/BackstoryDef.xml,def
VFEM_RuntOfThePack130.titleShort,runt,titleShort,BackstoryDef/BackstoryDef.xml,def
VFEM_RuntOfThePack130.description,"[PAWN_nameDef] was the smallest and weakest of [PAWN_possessive] peers, often picked on by others. To survive, [PAWN_pronoun] learned to think fast and avoid direct conflicts, relying on cunning to outsmart [PAWN_possessive] tormentors. Though quick and clever, [PAWN_pronoun] grew up mistrustful and fiercely independent.",description,BackstoryDef/BackstoryDef.xml,def
VFEM_FieldWorker131.title,field worker,title,BackstoryDef/BackstoryDef.xml,def
VFEM_FieldWorker131.titleShort,worker,titleShort,BackstoryDef/BackstoryDef.xml,def
VFEM_FieldWorker131.description,"[PAWN_nameDef] spent [PAWN_possessive] early years helping in the fields, learning to plant and harvest crops. The work was repetitive but rewarding, teaching [PAWN_pronoun] the value of patience and effort. [PAWN_pronoun] grew up strong and practical, with a deep appreciation for the land.",description,BackstoryDef/BackstoryDef.xml,def
VFEM_VillageHelper132.title,village helper,title,BackstoryDef/BackstoryDef.xml,def
VFEM_VillageHelper132.titleShort,helper,titleShort,BackstoryDef/BackstoryDef.xml,def
VFEM_VillageHelper132.description,"[PAWN_nameDef] spent [PAWN_possessive] childhood running errands and helping with small tasks around the village. Whether delivering goods, fetching water, or mending fences, [PAWN_pronoun] was always willing to lend a hand. These simple chores instilled [PAWN_pronoun] with a strong work ethic and practical skills.",description,BackstoryDef/BackstoryDef.xml,def
VFEM_PlayfulExplorer133.title,playful explorer,title,BackstoryDef/BackstoryDef.xml,def
VFEM_PlayfulExplorer133.titleShort,explorer,titleShort,BackstoryDef/BackstoryDef.xml,def
VFEM_PlayfulExplorer133.description,"[PAWN_nameDef] loved wandering the woods and hills near the village, discovering hidden streams and climbing trees. [PAWN_pronoun] often returned with scratched knees and pockets full of interesting stones or berries. Though more playful than productive, [PAWN_pronoun] grew up with a keen sense of adventure and a connection to nature.",description,BackstoryDef/BackstoryDef.xml,def
VFEM_HearthKeeper134.title,hearth keeper,title,BackstoryDef/BackstoryDef.xml,def
VFEM_HearthKeeper134.titleShort,keeper,titleShort,BackstoryDef/BackstoryDef.xml,def
VFEM_HearthKeeper134.description,"[PAWN_nameDef] grew up tending the hearth and helping prepare meals for the family. [PAWN_pronoun] learned the basics of cooking and the importance of keeping the fire burning through the night. Though the work was simple, it taught [PAWN_pronoun] the value of care and consistency.",description,BackstoryDef/BackstoryDef.xml,def
VFEM_VillageGatherer135.title,village gatherer,title,BackstoryDef/BackstoryDef.xml,def
VFEM_VillageGatherer135.titleShort,gatherer,titleShort,BackstoryDef/BackstoryDef.xml,def
VFEM_VillageGatherer135.description,"[PAWN_nameDef] spent much of [PAWN_possessive] childhood collecting firewood, herbs, and other necessities for the village. The long days outdoors gave [PAWN_pronoun] an eye for useful plants and a steady hand for simple tools. [PAWN_pronoun] grew up practical and capable, well-suited to life in the countryside.",description,BackstoryDef/BackstoryDef.xml,def
VFEM_FjordFisher136.title,fjord fisher,title,BackstoryDef/BackstoryDef.xml,def
VFEM_FjordFisher136.titleShort,fisher,titleShort,BackstoryDef/BackstoryDef.xml,def
VFEM_FjordFisher136.description,"[PAWN_nameDef] spent [PAWN_possessive] childhood fishing along the rocky fjords, learning to handle nets and row longboats in icy waters. The life taught [PAWN_pronoun] resilience and respect for the sea’s power. Though the work was cold and grueling, [PAWN_pronoun] grew up strong and capable in harsh conditions.",description,BackstoryDef/BackstoryDef.xml,def
VFEM_ShieldBearer137.title,shield bearer,title,BackstoryDef/BackstoryDef.xml,def
VFEM_ShieldBearer137.titleShort,shield bearer,titleShort,BackstoryDef/BackstoryDef.xml,def
VFEM_ShieldBearer137.description,"[PAWN_nameDef] was trained from a young age to carry shields and assist warriors during raids and battles. [PAWN_pronoun] learned to endure heavy loads and follow commands, watching closely as the older fighters honed their skills. The experience prepared [PAWN_pronoun] for a life of conflict and loyalty to [PAWN_possessive] clan.",description,BackstoryDef/BackstoryDef.xml,def
VFEM_FarmsteadHand138.title,farmstead hand,title,BackstoryDef/BackstoryDef.xml,def
VFEM_FarmsteadHand138.titleShort,farmhand,titleShort,BackstoryDef/BackstoryDef.xml,def
VFEM_FarmsteadHand138.description,"[PAWN_nameDef] grew up on a Viking farmstead, helping tend to livestock and till the soil during the short growing seasons. [PAWN_pronoun] learned the cycles of planting and harvest while preparing for the colder months. Life on the farm taught [PAWN_pronoun] hard work and how to endure nature’s challenges.",description,BackstoryDef/BackstoryDef.xml,def
VFEM_LongboatPaddler139.title,longboat paddler,title,BackstoryDef/BackstoryDef.xml,def
VFEM_LongboatPaddler139.titleShort,paddler,titleShort,BackstoryDef/BackstoryDef.xml,def
VFEM_LongboatPaddler139.description,"[PAWN_nameDef] was raised on tales of far-off lands and spent [PAWN_possessive] youth rowing Viking longboats. [PAWN_pronoun] gained strength and endurance from the endless paddling while learning the rhythms of the sea. Though not yet a raider, [PAWN_pronoun] was well-prepared for a life of exploration and adventure.",description,BackstoryDef/BackstoryDef.xml,def
VFEM_ClanStoryteller140.title,clan storyteller,title,BackstoryDef/BackstoryDef.xml,def
VFEM_ClanStoryteller140.titleShort,storyteller,titleShort,BackstoryDef/BackstoryDef.xml,def
VFEM_ClanStoryteller140.description,"[PAWN_nameDef] grew up learning the sagas and legends of [PAWN_possessive] ancestors, memorizing the stories that bound the clan together. [PAWN_pronoun] developed a gift for storytelling and inspiring others with words. Though not a warrior, [PAWN_pronoun] played an important role in preserving [PAWN_possessive] people’s history and culture.",description,BackstoryDef/BackstoryDef.xml,def
VFEM_Knight51.title,knight,title,BackstoryDef/BackstoryDef.xml,def
VFEM_Knight51.titleShort,knight,titleShort,BackstoryDef/BackstoryDef.xml,def
VFEM_Knight51.description,"[PAWN_nameDef] rose from the ranks of squires to earn [PAWN_possessive] title as a knight through courage and dedication. [PAWN_pronoun] became a master of swordplay and horseback combat, leading troops and protecting the realm with honor. While skilled in warfare, [PAWN_pronoun] considered manual labor beneath [PAWN_objective] and rarely engaged in menial tasks.",description,BackstoryDef/BackstoryDef.xml,def
VFEM_Merchant52.title,merchant,title,BackstoryDef/BackstoryDef.xml,def
VFEM_Merchant52.titleShort,merchant,titleShort,BackstoryDef/BackstoryDef.xml,def
VFEM_Merchant52.description,"[PAWN_nameDef] built [PAWN_possessive] wealth through savvy trade, traveling across regions to barter exotic goods and secure lucrative deals. [PAWN_pronoun] became highly skilled in negotiation and logistics, ensuring the success of [PAWN_possessive] ventures. Though financially successful, [PAWN_pronoun] relied on others for physical labor and practical skills.",description,BackstoryDef/BackstoryDef.xml,def
VFEM_NobleHeir53.title,noble heir,title,BackstoryDef/BackstoryDef.xml,def
VFEM_NobleHeir53.titleShort,noble,titleShort,BackstoryDef/BackstoryDef.xml,def
VFEM_NobleHeir53.description,"[PAWN_nameDef] grew up surrounded by wealth and privilege, trained from a young age to govern lands and lead people. [PAWN_pronoun] mastered the art of diplomacy and honed [PAWN_possessive] skills in archery and strategy to prepare for [PAWN_possessive] future responsibilities. However, [PAWN_pronoun] considered manual work beneath [PAWN_objective] and delegated such tasks to servants.",description,BackstoryDef/BackstoryDef.xml,def
VFEM_CourtBard54.title,court bard,title,BackstoryDef/BackstoryDef.xml,def
VFEM_CourtBard54.titleShort,bard,titleShort,BackstoryDef/BackstoryDef.xml,def
VFEM_CourtBard54.description,"[PAWN_nameDef] entertained the courts of lords and kings with poetic tales, music, and sharp wit. [PAWN_pronoun] became a master of performance and an expert in reading the social dynamics of the nobility. Though praised for [PAWN_possessive] artistic brilliance, [PAWN_pronoun] avoided manual labor and relied on [PAWN_possessive] charm to navigate life.",description,BackstoryDef/BackstoryDef.xml,def
VFEM_Steward55.title,steward,title,BackstoryDef/BackstoryDef.xml,def
VFEM_Steward55.titleShort,steward,titleShort,BackstoryDef/BackstoryDef.xml,def
VFEM_Steward55.description,"[PAWN_nameDef] managed the estates of a noble, overseeing finances, organizing events, and ensuring the smooth operation of the household. [PAWN_pronoun] excelled in administration and diplomacy, becoming indispensable to the lord [PAWN_pronoun] served. Though proficient in intellectual and social skills, [PAWN_pronoun] saw physical labor as beneath [PAWN_objective].",description,BackstoryDef/BackstoryDef.xml,def
VFEM_Castellan56.title,castellan,title,BackstoryDef/BackstoryDef.xml,def
VFEM_Castellan56.titleShort,castellan,titleShort,BackstoryDef/BackstoryDef.xml,def
VFEM_Castellan56.description,"[PAWN_nameDef] was entrusted with the management of a noble's castle, ensuring its defenses were maintained and its residents well-cared for. [PAWN_pronoun] became an expert in logistics and leadership, coordinating repairs and overseeing the garrison. While skilled in administration and strategy, [PAWN_pronoun] left manual tasks to the servants.",description,BackstoryDef/BackstoryDef.xml,def
VFEM_Armorer57.title,armorer,title,BackstoryDef/BackstoryDef.xml,def
VFEM_Armorer57.titleShort,armorer,titleShort,BackstoryDef/BackstoryDef.xml,def
VFEM_Armorer57.description,"[PAWN_nameDef] crafted fine weapons and armor for knights and nobles, perfecting [PAWN_possessive] trade in the forge. [PAWN_pronoun] developed an unmatched skill in shaping steel into works of art and tools of war. Though a master artisan, [PAWN_pronoun] often neglected other aspects of life, focusing solely on [PAWN_possessive] craft.",description,BackstoryDef/BackstoryDef.xml,def
VFEM_Diplomat58.title,diplomat,title,BackstoryDef/BackstoryDef.xml,def
VFEM_Diplomat58.titleShort,diplomat,titleShort,BackstoryDef/BackstoryDef.xml,def
VFEM_Diplomat58.description,"[PAWN_nameDef] traveled between courts, negotiating treaties and mediating disputes between noble houses. [PAWN_pronoun] excelled in persuasion and understanding the intricacies of politics, earning a reputation for tact and wisdom. [PAWN_pronoun] left physical tasks to others, relying on [PAWN_possessive] intellect and charm to succeed.",description,BackstoryDef/BackstoryDef.xml,def
VFEM_Guildmaster59.title,guildmaster,title,BackstoryDef/BackstoryDef.xml,def
VFEM_Guildmaster59.titleShort,guildmaster,titleShort,BackstoryDef/BackstoryDef.xml,def
VFEM_Guildmaster59.description,"[PAWN_nameDef] led a prosperous guild, coordinating the efforts of skilled artisans and merchants. [PAWN_pronoun] became a shrewd leader and negotiator, balancing trade and politics to secure the guild's interests. While brilliant in leadership, [PAWN_pronoun] rarely engaged in the craft [PAWN_pronoun] oversaw.",description,BackstoryDef/BackstoryDef.xml,def
VFEM_CourtPhysician60.title,court physician,title,BackstoryDef/BackstoryDef.xml,def
VFEM_CourtPhysician60.titleShort,physician,titleShort,BackstoryDef/BackstoryDef.xml,def
VFEM_CourtPhysician60.description,"[PAWN_nameDef] served in the noble court, tending to the illnesses and injuries of the ruling family. [PAWN_pronoun] gained expertise in medicine and herbal remedies, becoming a trusted advisor in matters of health. Though valued for [PAWN_possessive] skills, [PAWN_pronoun] had little patience for physical labor.",description,BackstoryDef/BackstoryDef.xml,def
VFEM_KnightCommander61.title,knight commander,title,BackstoryDef/BackstoryDef.xml,def
VFEM_KnightCommander61.titleShort,commander,titleShort,BackstoryDef/BackstoryDef.xml,def
VFEM_KnightCommander61.description,"[PAWN_nameDef] led a company of knights into battle, earning [PAWN_possessive] title through years of skill and strategy. [PAWN_pronoun] excelled at coordinating troops, inspiring loyalty among [PAWN_possessive] men, and devising battle plans. While unmatched in leadership and combat, [PAWN_pronoun] considered manual labor beneath [PAWN_objective].",description,BackstoryDef/BackstoryDef.xml,def
VFEM_CastellanOfArms62.title,castellan of arms,title,BackstoryDef/BackstoryDef.xml,def
VFEM_CastellanOfArms62.titleShort,armorer,titleShort,BackstoryDef/BackstoryDef.xml,def
VFEM_CastellanOfArms62.description,"[PAWN_nameDef] was entrusted with the armory of a great castle, overseeing the maintenance and distribution of weapons and armor. [PAWN_pronoun] became an expert in the design and upkeep of equipment, ensuring the garrison was always ready for battle. Though skilled in [PAWN_possessive] craft, [PAWN_pronoun] left combat to the knights [PAWN_pronoun] served.",description,BackstoryDef/BackstoryDef.xml,def
VFEM_KnightErrant63.title,knight errant,title,BackstoryDef/BackstoryDef.xml,def
VFEM_KnightErrant63.titleShort,errant,titleShort,BackstoryDef/BackstoryDef.xml,def
VFEM_KnightErrant63.description,"[PAWN_nameDef] wandered the land as a knight errant, seeking to prove [PAWN_possessive] valor through combat and acts of chivalry. [PAWN_pronoun] mastered swordsmanship and gained a reputation for [PAWN_possessive] fearless bravery. While skilled in combat and diplomacy, [PAWN_pronoun] neglected practical skills during [PAWN_possessive] travels.",description,BackstoryDef/BackstoryDef.xml,def
VFEM_RoyalGuard64.title,royal guard,title,BackstoryDef/BackstoryDef.xml,def
VFEM_RoyalGuard64.titleShort,guard,titleShort,BackstoryDef/BackstoryDef.xml,def
VFEM_RoyalGuard64.description,"[PAWN_nameDef] served as one of the elite guards sworn to protect the king and [PAWN_possessive] family. [PAWN_pronoun] was trained in both melee and ranged combat, becoming highly skilled in personal defense and loyalty. The prestigious position left [PAWN_pronoun] unaccustomed to menial tasks, focusing solely on [PAWN_possessive] duty.",description,BackstoryDef/BackstoryDef.xml,def
VFEM_Strategist65.title,strategist,title,BackstoryDef/BackstoryDef.xml,def
VFEM_Strategist65.titleShort,strategist,titleShort,BackstoryDef/BackstoryDef.xml,def
VFEM_Strategist65.description,"[PAWN_nameDef] was a master tactician, advising lords and generals on the best paths to victory. [PAWN_pronoun] excelled at reading the battlefield, coordinating troops, and anticipating enemy moves. Though [PAWN_pronoun] rarely fought directly, [PAWN_pronoun] commanded respect for [PAWN_possessive] brilliant mind and sharp tongue.",description,BackstoryDef/BackstoryDef.xml,def
VFEM_LordsHeir66.title,lord's heir,title,BackstoryDef/BackstoryDef.xml,def
VFEM_LordsHeir66.titleShort,heir,titleShort,BackstoryDef/BackstoryDef.xml,def
VFEM_LordsHeir66.description,"[PAWN_nameDef] was born as the eldest child of a noble family, destined to inherit the estate and title. [PAWN_pronoun] received the finest education in governance, diplomacy, and warfare. While skilled in leadership and strategy, [PAWN_pronoun] avoided physical labor, seeing it as beneath [PAWN_objective].",description,BackstoryDef/BackstoryDef.xml,def
VFEM_Baron67.title,baron,title,BackstoryDef/BackstoryDef.xml,def
VFEM_Baron67.titleShort,baron,titleShort,BackstoryDef/BackstoryDef.xml,def
VFEM_Baron67.description,"[PAWN_nameDef] was granted the title of baron and ruled over a small region in [PAWN_possessive] lord's service. [PAWN_pronoun] managed taxes, enforced laws, and led the local militia when needed. Though [PAWN_pronoun] excelled in leadership, [PAWN_pronoun] saw manual labor as the work of peasants.",description,BackstoryDef/BackstoryDef.xml,def
VFEM_HighNoble68.title,high noble,title,BackstoryDef/BackstoryDef.xml,def
VFEM_HighNoble68.titleShort,noble,titleShort,BackstoryDef/BackstoryDef.xml,def
VFEM_HighNoble68.description,"[PAWN_nameDef] was born into one of the most powerful noble families in the land, growing up surrounded by luxury and political intrigue. [PAWN_pronoun] mastered the art of diplomacy and the subtleties of court politics, earning a reputation as a skilled negotiator. While proficient in social and intellectual pursuits, [PAWN_pronoun] relied entirely on servants for physical tasks.",description,BackstoryDef/BackstoryDef.xml,def
VFEM_NobleDiplomat69.title,noble diplomat,title,BackstoryDef/BackstoryDef.xml,def
VFEM_NobleDiplomat69.titleShort,diplomat,titleShort,BackstoryDef/BackstoryDef.xml,def
VFEM_NobleDiplomat69.description,"[PAWN_nameDef] was sent to foreign courts as a representative of [PAWN_possessive] family, brokering alliances and treaties. [PAWN_pronoun] became skilled in diplomacy and negotiation, earning admiration for [PAWN_possessive] eloquence and charm. However, [PAWN_pronoun] relied on servants for physical labor and rarely engaged in manual tasks.",description,BackstoryDef/BackstoryDef.xml,def
VFEM_RoyalKnight70.title,royal knight,title,BackstoryDef/BackstoryDef.xml,def
VFEM_RoyalKnight70.titleShort,royal knight,titleShort,BackstoryDef/BackstoryDef.xml,def
VFEM_RoyalKnight70.description,"[PAWN_nameDef] was trained from a young age to serve the king directly as a member of [PAWN_possessive] personal guard. [PAWN_pronoun] became a master of both mounted and melee combat, earning the respect of peers and commanders alike. While [PAWN_pronoun] excelled on the battlefield, [PAWN_pronoun] avoided menial tasks, considering them unworthy of [PAWN_possessive] status.",description,BackstoryDef/BackstoryDef.xml,def
VFEM_WardenOfTheNorth71.title,warden of the north,title,BackstoryDef/BackstoryDef.xml,def
VFEM_WardenOfTheNorth71.titleShort,warden,titleShort,BackstoryDef/BackstoryDef.xml,def
VFEM_WardenOfTheNorth71.description,"[PAWN_nameDef] was charged with the defense of a vast and frigid northern realm, managing both its people and its armies. [PAWN_pronoun] excelled in leadership, strategy, and building alliances to keep the lands united under [PAWN_possessive] banner. The harsh conditions forged [PAWN_pronoun] into a hardened and resolute figure.",description,BackstoryDef/BackstoryDef.xml,def
VFEM_MasterOfWhispers72.title,master of whispers,title,BackstoryDef/BackstoryDef.xml,def
VFEM_MasterOfWhispers72.titleShort,spymaster,titleShort,BackstoryDef/BackstoryDef.xml,def
VFEM_MasterOfWhispers72.description,"[PAWN_nameDef] served as the spymaster for a great lord, gathering intelligence through a network of informants and spies. [PAWN_pronoun] became an expert in intrigue, manipulation, and uncovering secrets, often wielding information as a weapon. While skilled in subterfuge, [PAWN_pronoun] avoided physical confrontations, preferring to work behind the scenes.",description,BackstoryDef/BackstoryDef.xml,def
VFEM_CommanderOfTheWatch73.title,commander of the watch,title,BackstoryDef/BackstoryDef.xml,def
VFEM_CommanderOfTheWatch73.titleShort,commander,titleShort,BackstoryDef/BackstoryDef.xml,def
VFEM_CommanderOfTheWatch73.description,"[PAWN_nameDef] led a band of sworn warriors tasked with guarding the borderlands from threats beyond. [PAWN_pronoun] was skilled in tactics, inspiring loyalty in [PAWN_possessive] men while maintaining discipline in harsh conditions. Though [PAWN_pronoun] excelled in combat and leadership, [PAWN_pronoun] remained isolated from the intrigues of court life.",description,BackstoryDef/BackstoryDef.xml,def
VFEM_CourtSchemer74.title,court schemer,title,BackstoryDef/BackstoryDef.xml,def
VFEM_CourtSchemer74.titleShort,schemer,titleShort,BackstoryDef/BackstoryDef.xml,def
VFEM_CourtSchemer74.description,"[PAWN_nameDef] thrived in the cutthroat world of the royal court, manipulating allies and enemies alike to advance [PAWN_possessive] ambitions. [PAWN_pronoun] became skilled in deception, politics, and reading people’s motives. While [PAWN_pronoun] rarely took to the battlefield, [PAWN_pronoun] wielded words as effectively as others wielded swords.",description,BackstoryDef/BackstoryDef.xml,def
VFEM_SouthernLord75.title,southern lord,title,BackstoryDef/BackstoryDef.xml,def
VFEM_SouthernLord75.titleShort,lord,titleShort,BackstoryDef/BackstoryDef.xml,def
VFEM_SouthernLord75.description,"[PAWN_nameDef] ruled over a warm and fertile region, maintaining order and wealth through agriculture and trade. [PAWN_pronoun] developed strong diplomatic skills to navigate the alliances and rivalries of neighboring houses. Though adept at politics, [PAWN_pronoun] relied on others for matters of warfare and manual labor.",description,BackstoryDef/BackstoryDef.xml,def
VFEM_Falconer76.title,falconer,title,BackstoryDef/BackstoryDef.xml,def
VFEM_Falconer76.titleShort,falconer,titleShort,BackstoryDef/BackstoryDef.xml,def
VFEM_Falconer76.description,"[PAWN_nameDef] trained and cared for hunting birds, guiding them to track prey for [PAWN_possessive] lord. [PAWN_pronoun] developed a deep understanding of animal behavior and earned respect for [PAWN_possessive] skill in falconry. While skilled with animals, [PAWN_pronoun] had little experience with tasks unrelated to [PAWN_possessive] craft.",description,BackstoryDef/BackstoryDef.xml,def
VFEM_KennelMaster77.title,kennel master,title,BackstoryDef/BackstoryDef.xml,def
VFEM_KennelMaster77.titleShort,kennel master,titleShort,BackstoryDef/BackstoryDef.xml,def
VFEM_KennelMaster77.description,"[PAWN_nameDef] cared for the lord’s hunting dogs, training them for the chase and keeping them healthy. [PAWN_pronoun] became skilled at managing animals and handling their temperaments, earning trust as an expert handler. [PAWN_pronoun] often spent more time with dogs than people, leaving [PAWN_pronoun] socially awkward.",description,BackstoryDef/BackstoryDef.xml,def
VFEM_BeastTamer78.title,beast tamer,title,BackstoryDef/BackstoryDef.xml,def
VFEM_BeastTamer78.titleShort,beast tamer,titleShort,BackstoryDef/BackstoryDef.xml,def
VFEM_BeastTamer78.description,"[PAWN_nameDef] was known for [PAWN_possessive] ability to tame and train even the wildest of animals. [PAWN_pronoun] was often called upon to handle dangerous beasts, a skill that earned both admiration and fear. Years spent with creatures left [PAWN_pronoun] more at ease with animals than people.",description,BackstoryDef/BackstoryDef.xml,def
VFEM_Shepherd79.title,shepherd of the flock,title,BackstoryDef/BackstoryDef.xml,def
VFEM_Shepherd79.titleShort,shepherd,titleShort,BackstoryDef/BackstoryDef.xml,def
VFEM_Shepherd79.description,"[PAWN_nameDef] spent [PAWN_possessive] days guiding flocks of sheep across pastures, protecting them from predators and ensuring their well-being. [PAWN_pronoun] learned to live off the land and gained a natural affinity for animals. Though adept at caring for livestock, [PAWN_pronoun] lacked interest in pursuits beyond [PAWN_possessive] work.",description,BackstoryDef/BackstoryDef.xml,def
VFEM_WarBeastTrainer80.title,war beast trainer,title,BackstoryDef/BackstoryDef.xml,def
VFEM_WarBeastTrainer80.titleShort,trainer,titleShort,BackstoryDef/BackstoryDef.xml,def
VFEM_WarBeastTrainer80.description,"[PAWN_nameDef] trained war dogs and other beasts to fight alongside soldiers in battle. [PAWN_pronoun] specialized in teaching animals to obey commands even in the chaos of combat. Though skilled in working with animals, [PAWN_pronoun] struggled with the finer points of diplomacy and negotiation.",description,BackstoryDef/BackstoryDef.xml,def
VFEM_DisgracedHeir81.title,disgraced heir,title,BackstoryDef/BackstoryDef.xml,def
VFEM_DisgracedHeir81.titleShort,disgraced,titleShort,BackstoryDef/BackstoryDef.xml,def
VFEM_DisgracedHeir81.description,"[PAWN_nameDef] was once poised to inherit a noble title, but a scandal stripped [PAWN_objective] of [PAWN_possessive] birthright. Cast out from [PAWN_possessive] family, [PAWN_pronoun] became a shadow of [PAWN_possessive] former self, surviving through cunning and scraps of [PAWN_possessive] once-great wealth. Though [PAWN_pronoun] retained the manners of a noble, [PAWN_pronoun] was shunned by high society.",description,BackstoryDef/BackstoryDef.xml,def
VFEM_ExiledNoble82.title,exiled noble,title,BackstoryDef/BackstoryDef.xml,def
VFEM_ExiledNoble82.titleShort,exiled,titleShort,BackstoryDef/BackstoryDef.xml,def
VFEM_ExiledNoble82.description,"[PAWN_nameDef] was banished from [PAWN_possessive] homeland after losing a power struggle within [PAWN_possessive] family. Forced to flee, [PAWN_pronoun] lived in obscurity, using [PAWN_possessive] charm and wit to survive in foreign lands. While [PAWN_pronoun] retained noble airs, [PAWN_pronoun] struggled to regain the privileges of [PAWN_possessive] birth.",description,BackstoryDef/BackstoryDef.xml,def
VFEM_DebauchedAristocrat83.title,debauched aristocrat,title,BackstoryDef/BackstoryDef.xml,def
VFEM_DebauchedAristocrat83.titleShort,debauched,titleShort,BackstoryDef/BackstoryDef.xml,def
VFEM_DebauchedAristocrat83.description,"[PAWN_nameDef] squandered [PAWN_possessive] family’s wealth on lavish parties and indulgent pursuits, earning the ire of [PAWN_possessive] peers. Though well-versed in etiquette and manipulation, [PAWN_pronoun] alienated allies and left [PAWN_possessive] family struggling to maintain their status. [PAWN_pronoun] remains charming but untrustworthy.",description,BackstoryDef/BackstoryDef.xml,def
VFEM_UsurpersKin84.title,usurper's kin,title,BackstoryDef/BackstoryDef.xml,def
VFEM_UsurpersKin84.titleShort,disgraced kin,titleShort,BackstoryDef/BackstoryDef.xml,def
VFEM_UsurpersKin84.description,"[PAWN_nameDef] was born into a family that seized power through treachery, earning the scorn of noble society. [PAWN_pronoun] grew up isolated and mistrusted, forced to rely on guile and intelligence to navigate the court. Though skilled in intrigue, [PAWN_pronoun] lacked the respect and alliances of legitimate noble houses.",description,BackstoryDef/BackstoryDef.xml,def
VFEM_FallenKnight85.title,fallen knight,title,BackstoryDef/BackstoryDef.xml,def
VFEM_FallenKnight85.titleShort,fallen knight,titleShort,BackstoryDef/BackstoryDef.xml,def
VFEM_FallenKnight85.description,"[PAWN_nameDef] once swore an oath of loyalty as a knight but broke [PAWN_possessive] vows in pursuit of personal gain. Disgraced and stripped of [PAWN_possessive] title, [PAWN_pronoun] now wanders as a sell-sword, haunted by [PAWN_possessive] dishonor. Though [PAWN_pronoun] retains [PAWN_possessive] combat skills, [PAWN_pronoun] struggles to regain the respect [PAWN_pronoun] once commanded.",description,BackstoryDef/BackstoryDef.xml,def
VFEM_ManorLord86.title,manor lord,title,BackstoryDef/BackstoryDef.xml,def
VFEM_ManorLord86.titleShort,lord,titleShort,BackstoryDef/BackstoryDef.xml,def
VFEM_ManorLord86.description,"[PAWN_nameDef] ruled over a countryside manor, overseeing the labor of serfs and ensuring the productivity of [PAWN_possessive] lands. [PAWN_pronoun] was skilled in managing people and resources, often mediating disputes and collecting taxes. Though respected locally, [PAWN_pronoun] had little exposure to the broader politics of noble society.",description,BackstoryDef/BackstoryDef.xml,def
VFEM_LandedKnight87.title,landed knight,title,BackstoryDef/BackstoryDef.xml,def
VFEM_LandedKnight87.titleShort,knight,titleShort,BackstoryDef/BackstoryDef.xml,def
VFEM_LandedKnight87.description,"[PAWN_nameDef] was granted a small estate in reward for [PAWN_possessive] service in battle. [PAWN_pronoun] balanced managing the land and protecting the local peasants, maintaining [PAWN_possessive] fighting skills while overseeing daily operations. Though a capable warrior and leader, [PAWN_pronoun] lacked the refinement of courtly life.",description,BackstoryDef/BackstoryDef.xml,def
VFEM_VillageElder88.title,village elder,title,BackstoryDef/BackstoryDef.xml,def
VFEM_VillageElder88.titleShort,elder,titleShort,BackstoryDef/BackstoryDef.xml,def
VFEM_VillageElder88.description,"[PAWN_nameDef] was a respected figure in a rural community, resolving disputes and guiding decisions for the benefit of the village. [PAWN_pronoun] developed wisdom through years of leadership and experience, earning the trust of those under [PAWN_possessive] care. While [PAWN_pronoun] excelled in diplomacy, [PAWN_pronoun] left physical tasks to the younger villagers.",description,BackstoryDef/BackstoryDef.xml,def
VFEM_StewardOfTheFields89.title,steward of the fields,title,BackstoryDef/BackstoryDef.xml,def
VFEM_StewardOfTheFields89.titleShort,steward,titleShort,BackstoryDef/BackstoryDef.xml,def
VFEM_StewardOfTheFields89.description,"[PAWN_nameDef] was responsible for managing the agricultural production of a large estate, ensuring the fields were worked and the harvests collected. [PAWN_pronoun] developed a deep understanding of farming and organization, balancing the needs of the land with the demands of [PAWN_possessive] lord. Though skilled in rural management, [PAWN_pronoun] lacked military and courtly training.",description,BackstoryDef/BackstoryDef.xml,def
VFEM_PastoralGuardian90.title,pastoral guardian,title,BackstoryDef/BackstoryDef.xml,def
VFEM_PastoralGuardian90.titleShort,guardian,titleShort,BackstoryDef/BackstoryDef.xml,def
VFEM_PastoralGuardian90.description,"[PAWN_nameDef] protected the countryside estates and nearby villages from bandits and wild beasts. [PAWN_pronoun] served as a bridge between the nobility and common folk, maintaining order through diplomacy and strength. Though skilled in combat and negotiation, [PAWN_pronoun] remained rooted in the simplicity of rural life.",description,BackstoryDef/BackstoryDef.xml,def
VFEM_BaronOfTheWoodlands91.title,baron of the woodlands,title,BackstoryDef/BackstoryDef.xml,def
VFEM_BaronOfTheWoodlands91.titleShort,woodland baron,titleShort,BackstoryDef/BackstoryDef.xml,def
VFEM_BaronOfTheWoodlands91.description,"[PAWN_nameDef] presided over a vast forested estate, managing timber, game, and the people who lived beneath the canopy. [PAWN_pronoun] was skilled at balancing resource exploitation with conservation, ensuring the lordship’s wealth for generations. While [PAWN_pronoun] understood the land and its uses, [PAWN_pronoun] rarely participated in court politics.",description,BackstoryDef/BackstoryDef.xml,def
VFEM_RuralCastellan92.title,rural castellan,title,BackstoryDef/BackstoryDef.xml,def
VFEM_RuralCastellan92.titleShort,castellan,titleShort,BackstoryDef/BackstoryDef.xml,def
VFEM_RuralCastellan92.description,"[PAWN_nameDef] oversaw a remote fortress, serving as the noble family’s representative in the countryside. [PAWN_pronoun] maintained the keep, organized the defense of local villages, and managed disputes among the serfs. [PAWN_pronoun] was skilled in construction and leadership but lacked the sophistication of high court life.",description,BackstoryDef/BackstoryDef.xml,def
VFEM_KeeperOfTheHerds93.title,keeper of the herds,title,BackstoryDef/BackstoryDef.xml,def
VFEM_KeeperOfTheHerds93.titleShort,herd keeper,titleShort,BackstoryDef/BackstoryDef.xml,def
VFEM_KeeperOfTheHerds93.description,"[PAWN_nameDef] managed vast flocks of sheep and herds of cattle for [PAWN_possessive] noble family, ensuring the animals thrived year-round. [PAWN_pronoun] developed an unmatched understanding of animal care and breeding while overseeing the laborers who worked under [PAWN_objective]. Though well-respected in [PAWN_possessive] rural domain, [PAWN_pronoun] had little experience with urban or military life.",description,BackstoryDef/BackstoryDef.xml,def
VFEM_RiverWarden94.title,river warden,title,BackstoryDef/BackstoryDef.xml,def
VFEM_RiverWarden94.titleShort,warden,titleShort,BackstoryDef/BackstoryDef.xml,def
VFEM_RiverWarden94.description,"[PAWN_nameDef] was responsible for patrolling and protecting the rivers flowing through [PAWN_possessive] family’s lands. [PAWN_pronoun] ensured trade and fishing were conducted lawfully, earning respect as a fair and capable overseer. Though [PAWN_pronoun] excelled in maintaining order, [PAWN_pronoun] lacked skills in diplomacy beyond [PAWN_possessive] domain.",description,BackstoryDef/BackstoryDef.xml,def
VFEM_VillagePatron95.title,village patron,title,BackstoryDef/BackstoryDef.xml,def
VFEM_VillagePatron95.titleShort,patron,titleShort,BackstoryDef/BackstoryDef.xml,def
VFEM_VillagePatron95.description,"[PAWN_nameDef] served as a benefactor to a local village, funding improvements to infrastructure and ensuring the well-being of [PAWN_possessive] tenants. [PAWN_pronoun] became skilled at balancing generosity with practicality, ensuring the village prospered without excessive costs. Though respected by the villagers, [PAWN_pronoun] had little experience with warfare or courtly intrigue.",description,BackstoryDef/BackstoryDef.xml,def
VFEM_HighPriest96.title,high priest,title,BackstoryDef/BackstoryDef.xml,def
VFEM_HighPriest96.titleShort,priest,titleShort,BackstoryDef/BackstoryDef.xml,def
VFEM_HighPriest96.description,"[PAWN_nameDef] served as the spiritual leader of an influential ideology, presiding over rituals and interpreting sacred texts. [PAWN_pronoun] became a master of oratory and philosophy, guiding [PAWN_possessive] followers through times of prosperity and hardship. Though revered for [PAWN_possessive] wisdom, [PAWN_pronoun] rarely engaged in physical labor.",description,BackstoryDef/BackstoryDef.xml,def
VFEM_IdeologicalScholar97.title,ideological scholar,title,BackstoryDef/BackstoryDef.xml,def
VFEM_IdeologicalScholar97.titleShort,scholar,titleShort,BackstoryDef/BackstoryDef.xml,def
VFEM_IdeologicalScholar97.description,"[PAWN_nameDef] devoted [PAWN_possessive] life to studying the tenets of [PAWN_possessive] ideology, crafting treatises and debating its principles with others. [PAWN_pronoun] became highly respected for [PAWN_possessive] intellect and insight, often advising leaders on spiritual and ethical matters. While brilliant in [PAWN_possessive] field, [PAWN_pronoun] avoided manual or practical work.",description,BackstoryDef/BackstoryDef.xml,def
VFEM_KeeperOfRelics98.title,keeper of relics,title,BackstoryDef/BackstoryDef.xml,def
VFEM_KeeperOfRelics98.titleShort,keeper,titleShort,BackstoryDef/BackstoryDef.xml,def
VFEM_KeeperOfRelics98.description,"[PAWN_nameDef] was entrusted with safeguarding the sacred artifacts of [PAWN_possessive] ideology, protecting them from harm and ensuring they were used in rituals. [PAWN_pronoun] developed a meticulous attention to detail and a deep reverence for [PAWN_possessive] duties. However, [PAWN_pronoun] lacked skills outside the preservation of relics and ceremonies.",description,BackstoryDef/BackstoryDef.xml,def
VFEM_IdeologicalCrusader99.title,ideological crusader,title,BackstoryDef/BackstoryDef.xml,def
VFEM_IdeologicalCrusader99.titleShort,crusader,titleShort,BackstoryDef/BackstoryDef.xml,def
VFEM_IdeologicalCrusader99.description,"[PAWN_nameDef] fought to spread [PAWN_possessive] ideology by force, leading armies in its name. [PAWN_pronoun] was a fearsome warrior and an inspiring leader, rallying others to [PAWN_possessive] cause with [PAWN_possessive] fervor. While skilled in combat and persuasion, [PAWN_pronoun] lacked the patience for intellectual pursuits.",description,BackstoryDef/BackstoryDef.xml,def
VFEM_IdeologicalOrator100.title,ideological orator,title,BackstoryDef/BackstoryDef.xml,def
VFEM_IdeologicalOrator100.titleShort,orator,titleShort,BackstoryDef/BackstoryDef.xml,def
VFEM_IdeologicalOrator100.description,"[PAWN_nameDef] traveled from village to village, delivering sermons and spreading the tenets of [PAWN_possessive] ideology. [PAWN_pronoun] was a charismatic speaker, capable of inspiring devotion or stirring up rebellion. Though skilled at rallying others, [PAWN_pronoun] had little experience with physical labor or practical skills.",description,BackstoryDef/BackstoryDef.xml,def
VFEM_NobleWard141.title,noble ward,title,BackstoryDef/BackstoryDef.xml,def
VFEM_NobleWard141.titleShort,ward,titleShort,BackstoryDef/BackstoryDef.xml,def
VFEM_NobleWard141.description,"[PAWN_nameDef] was sent to another noble’s court to be raised and educated in the ways of governance and etiquette. [PAWN_pronoun] learned to navigate the complexities of noble relationships and gained a basic understanding of leadership. Though surrounded by luxury, [PAWN_pronoun] spent much of [PAWN_possessive] time under watchful eyes.",description,BackstoryDef/BackstoryDef.xml,def
VFEM_Page142.title,page,title,BackstoryDef/BackstoryDef.xml,def
VFEM_Page142.titleShort,page,titleShort,BackstoryDef/BackstoryDef.xml,def
VFEM_Page142.description,"[PAWN_nameDef] began [PAWN_possessive] training in a noble household, learning the fundamentals of serving and knightly duties. [PAWN_pronoun] spent hours cleaning armor, carrying messages, and studying basic combat techniques. The experience gave [PAWN_pronoun] an early introduction to the discipline and loyalty expected of nobility.",description,BackstoryDef/BackstoryDef.xml,def
VFEM_YoungScholar143.title,young scholar,title,BackstoryDef/BackstoryDef.xml,def
VFEM_YoungScholar143.titleShort,scholar,titleShort,BackstoryDef/BackstoryDef.xml,def
VFEM_YoungScholar143.description,"[PAWN_nameDef] was tutored in history, philosophy, and mathematics from an early age, as was expected of highborn children. [PAWN_pronoun] showed a natural curiosity and an aptitude for learning, earning praise from [PAWN_possessive] tutors. Though well-read, [PAWN_pronoun] had little experience with manual or practical work.",description,BackstoryDef/BackstoryDef.xml,def
VFEM_CastlePlaymate144.title,castle playmate,title,BackstoryDef/BackstoryDef.xml,def
VFEM_CastlePlaymate144.titleShort,playmate,titleShort,BackstoryDef/BackstoryDef.xml,def
VFEM_CastlePlaymate144.description,"[PAWN_nameDef] spent [PAWN_possessive] childhood running through the halls and courtyards of a castle, playing games with other noble children. The carefree years gave [PAWN_pronoun] a strong sense of camaraderie and a basic understanding of courtly manners. However, the sheltered life left [PAWN_pronoun] naive about the struggles of common folk.",description,BackstoryDef/BackstoryDef.xml,def
VFEM_AspiringKnight145.title,aspiring knight,title,BackstoryDef/BackstoryDef.xml,def
VFEM_AspiringKnight145.titleShort,knight,titleShort,BackstoryDef/BackstoryDef.xml,def
VFEM_AspiringKnight145.description,"[PAWN_nameDef] trained from an early age in the art of combat, preparing for the day [PAWN_pronoun] could earn [PAWN_possessive] place among the knights of [PAWN_possessive] house. [PAWN_pronoun] practiced with wooden swords and sparred with instructors, learning discipline and honor. While young, [PAWN_pronoun] already showed promise as a warrior.",description,BackstoryDef/BackstoryDef.xml,def
VFEM_HeirToTheEstate146.title,heir to the estate,title,BackstoryDef/BackstoryDef.xml,def
VFEM_HeirToTheEstate146.titleShort,heir,titleShort,BackstoryDef/BackstoryDef.xml,def
VFEM_HeirToTheEstate146.description,"[PAWN_nameDef] was raised to inherit the family estate, receiving lessons in administration and diplomacy from a young age. [PAWN_pronoun] was taught to manage resources, oversee servants, and maintain order among the household. The structured upbringing prepared [PAWN_pronoun] for leadership but left little time for play.",description,BackstoryDef/BackstoryDef.xml,def
VFEM_ScribeInTraining147.title,scribe in training,title,BackstoryDef/BackstoryDef.xml,def
VFEM_ScribeInTraining147.titleShort,scribe,titleShort,BackstoryDef/BackstoryDef.xml,def
VFEM_ScribeInTraining147.description,"[PAWN_nameDef] spent long hours learning to read and write under the guidance of a family-appointed tutor. [PAWN_pronoun] practiced copying texts and recording transactions, developing a keen eye for detail. While skilled in intellectual pursuits, [PAWN_pronoun] had little exposure to physical labor or combat training.",description,BackstoryDef/BackstoryDef.xml,def
VFEM_CourtAttendant148.title,court attendant,title,BackstoryDef/BackstoryDef.xml,def
VFEM_CourtAttendant148.titleShort,attendant,titleShort,BackstoryDef/BackstoryDef.xml,def
VFEM_CourtAttendant148.description,"[PAWN_nameDef] grew up serving as a junior attendant in a royal court, learning the nuances of etiquette and the art of flattery. [PAWN_pronoun] observed the dealings of nobles and practiced [PAWN_possessive] own skills in negotiation and charm. Though immersed in the intrigue of the court, [PAWN_pronoun] rarely ventured beyond its walls.",description,BackstoryDef/BackstoryDef.xml,def
VFEM_FalconryStudent149.title,falconry student,title,BackstoryDef/BackstoryDef.xml,def
VFEM_FalconryStudent149.titleShort,falconer,titleShort,BackstoryDef/BackstoryDef.xml,def
VFEM_FalconryStudent149.description,"[PAWN_nameDef] spent [PAWN_possessive] youth learning the noble pastime of falconry, training birds to hunt and obey commands. [PAWN_pronoun] developed patience and a keen understanding of animal behavior. Though the skill impressed others, [PAWN_pronoun] had little time for practical tasks outside the sport.",description,BackstoryDef/BackstoryDef.xml,def
VFEM_AspiringDiplomat150.title,aspiring diplomat,title,BackstoryDef/BackstoryDef.xml,def
VFEM_AspiringDiplomat150.titleShort,diplomat,titleShort,BackstoryDef/BackstoryDef.xml,def
VFEM_AspiringDiplomat150.description,"[PAWN_nameDef] was groomed for a future in diplomacy, studying languages, geography, and the customs of foreign courts. [PAWN_pronoun] practiced making speeches and mediating minor disputes among peers. Though still young, [PAWN_pronoun] showed promise as a skilled negotiator and tactician.",description,BackstoryDef/BackstoryDef.xml,def
VFEM_Squire151.title,squire,title,BackstoryDef/BackstoryDef.xml,def
VFEM_Squire151.titleShort,squire,titleShort,BackstoryDef/BackstoryDef.xml,def
VFEM_Squire151.description,"[PAWN_nameDef] was apprenticed to a knight, tasked with maintaining armor, tending horses, and learning the code of chivalry. [PAWN_pronoun] spent countless hours observing battles and practicing with training weapons. The rigorous training instilled discipline and a desire to prove [PAWN_possessive] worth on the battlefield.",description,BackstoryDef/BackstoryDef.xml,def
VFEM_ShieldCarrier152.title,shield carrier,title,BackstoryDef/BackstoryDef.xml,def
VFEM_ShieldCarrier152.titleShort,carrier,titleShort,BackstoryDef/BackstoryDef.xml,def
VFEM_ShieldCarrier152.description,"[PAWN_nameDef] trained alongside warriors, serving as a shield carrier during skirmishes and drills. [PAWN_pronoun] learned to endure long marches and protect [PAWN_possessive] mentors in the heat of battle. Though young, [PAWN_pronoun] displayed courage and determination beyond [PAWN_possessive] years.",description,BackstoryDef/BackstoryDef.xml,def
VFEM_CastleDefender153.title,castle defender,title,BackstoryDef/BackstoryDef.xml,def
VFEM_CastleDefender153.titleShort,defender,titleShort,BackstoryDef/BackstoryDef.xml,def
VFEM_CastleDefender153.description,[PAWN_nameDef] was raised in a fortified castle and spent [PAWN_possessive] days training with guards and learning the basics of siege defense. [PAWN_pronoun] practiced with bows on the battlements and drilled with spears in the courtyard. The life gave [PAWN_pronoun] a strong sense of duty and early combat experience.,description,BackstoryDef/BackstoryDef.xml,def
VFEM_BannerBearer154.title,banner bearer,title,BackstoryDef/BackstoryDef.xml,def
VFEM_BannerBearer154.titleShort,banner bearer,titleShort,BackstoryDef/BackstoryDef.xml,def
VFEM_BannerBearer154.description,"[PAWN_nameDef] carried the family banner into drills and parades, learning to represent [PAWN_possessive] house with pride. [PAWN_pronoun] spent hours practicing marching formations and staying composed under scrutiny. Though not a frontline fighter, [PAWN_pronoun] gained valuable lessons in discipline and leadership.",description,BackstoryDef/BackstoryDef.xml,def
VFEM_ArcherTrainee155.title,archer trainee,title,BackstoryDef/BackstoryDef.xml,def
VFEM_ArcherTrainee155.titleShort,archer,titleShort,BackstoryDef/BackstoryDef.xml,def
VFEM_ArcherTrainee155.description,"[PAWN_nameDef] began training with a bow from a young age, aiming for skill and precision as required of noble warriors. [PAWN_pronoun] spent hours drawing targets in the courtyard and practicing long-distance shots. The training honed [PAWN_possessive] focus and gave [PAWN_pronoun] an edge in ranged combat.",description,BackstoryDef/BackstoryDef.xml,def
VFEM_MerchantsProdigy156.title,merchant's prodigy,title,BackstoryDef/BackstoryDef.xml,def
VFEM_MerchantsProdigy156.titleShort,prodigy,titleShort,BackstoryDef/BackstoryDef.xml,def
VFEM_MerchantsProdigy156.description,"[PAWN_nameDef] grew up surrounded by the bustling trade of [PAWN_possessive] family’s business, watching deals unfold and goods change hands. [PAWN_pronoun] was taught the art of negotiation and the importance of wealth. Though well-versed in trade, [PAWN_pronoun] had little exposure to the struggles of common life.",description,BackstoryDef/BackstoryDef.xml,def
VFEM_EstateHeir157.title,estate heir,title,BackstoryDef/BackstoryDef.xml,def
VFEM_EstateHeir157.titleShort,heir,titleShort,BackstoryDef/BackstoryDef.xml,def
VFEM_EstateHeir157.description,"[PAWN_nameDef] was raised on a sprawling estate, learning to oversee the household and manage the laborers who worked the land. [PAWN_pronoun] received lessons in stewardship and basic leadership, preparing [PAWN_objective] for a life of privilege. Though competent, [PAWN_pronoun] had little understanding of life beyond [PAWN_possessive] family’s wealth.",description,BackstoryDef/BackstoryDef.xml,def
VFEM_LavishUpbringing158.title,lavish upbringing,title,BackstoryDef/BackstoryDef.xml,def
VFEM_LavishUpbringing158.titleShort,lavish,titleShort,BackstoryDef/BackstoryDef.xml,def
VFEM_LavishUpbringing158.description,"[PAWN_nameDef] was surrounded by luxury from birth, never knowing hunger or hardship. [PAWN_pronoun] was taught courtly manners and spent [PAWN_possessive] days enjoying music, fine food, and leisure. While refined and confident, [PAWN_pronoun] struggled with practical tasks that required hard labor.",description,BackstoryDef/BackstoryDef.xml,def
VFEM_PatronOfTheArts159.title,patron of the arts,title,BackstoryDef/BackstoryDef.xml,def
VFEM_PatronOfTheArts159.titleShort,patron,titleShort,BackstoryDef/BackstoryDef.xml,def
VFEM_PatronOfTheArts159.description,"[PAWN_nameDef] was encouraged to pursue and support the arts, attending performances and commissioning works from talented craftsmen. [PAWN_pronoun] developed an appreciation for beauty and creativity, as well as a talent for recognizing skill in others. Though cultured, [PAWN_pronoun] was sheltered from the harsher realities of life.",description,BackstoryDef/BackstoryDef.xml,def
VFEM_PrivilegedScholar160.title,privileged scholar,title,BackstoryDef/BackstoryDef.xml,def
VFEM_PrivilegedScholar160.titleShort,scholar,titleShort,BackstoryDef/BackstoryDef.xml,def
VFEM_PrivilegedScholar160.description,"[PAWN_nameDef] had access to the finest tutors, studying history, philosophy, and the sciences from a young age. [PAWN_pronoun] showed promise in academic pursuits, impressing [PAWN_possessive] family with [PAWN_possessive] keen intellect. However, [PAWN_pronoun] had little understanding of the struggles faced by those less fortunate.",description,BackstoryDef/BackstoryDef.xml,def
VFEM_ShadowedOutcast161.title,shadowed outcast,title,BackstoryDef/BackstoryDef.xml,def
VFEM_ShadowedOutcast161.titleShort,outcast,titleShort,BackstoryDef/BackstoryDef.xml,def
VFEM_ShadowedOutcast161.description,"[PAWN_nameDef] was feared by the villagers for reasons whispered but never explained. [PAWN_pronoun] spent [PAWN_possessive] childhood in the shadows, avoiding those who glared or crossed themselves at [PAWN_possessive] presence. The isolation hardened [PAWN_objective], leaving [PAWN_pronoun] mistrustful and quiet, always watching from the dark corners.",description,BackstoryDef/BackstoryDef.xml,def
VFEM_ChildOfTheEclipse162.title,child of the eclipse,title,BackstoryDef/BackstoryDef.xml,def
VFEM_ChildOfTheEclipse162.titleShort,eclipse-born,titleShort,BackstoryDef/BackstoryDef.xml,def
VFEM_ChildOfTheEclipse162.description,"[PAWN_nameDef] was born under an ominous eclipse, a sign that filled the villagers with dread. [PAWN_pronoun] grew up under the weight of grim superstition, with some believing [PAWN_pronoun] brought bad luck or worse. [PAWN_pronoun] learned to navigate the fear of others, growing cunning and detached to survive.",description,BackstoryDef/BackstoryDef.xml,def
VFEM_GraveyardWanderer163.title,graveyard wanderer,title,BackstoryDef/BackstoryDef.xml,def
VFEM_GraveyardWanderer163.titleShort,wanderer,titleShort,BackstoryDef/BackstoryDef.xml,def
VFEM_GraveyardWanderer163.description,"[PAWN_nameDef] spent [PAWN_possessive] days among the headstones, speaking to the dead as though they were alive. [PAWN_pronoun] was drawn to the quiet stillness and the stories carved into weathered stone. The villagers whispered of [PAWN_possessive] odd habits, and [PAWN_pronoun] learned to keep [PAWN_possessive] thoughts hidden from prying eyes.",description,BackstoryDef/BackstoryDef.xml,def
VFEM_VillageCurseBearer164.title,village curse-bearer,title,BackstoryDef/BackstoryDef.xml,def
VFEM_VillageCurseBearer164.titleShort,cursed,titleShort,BackstoryDef/BackstoryDef.xml,def
VFEM_VillageCurseBearer164.description,"[PAWN_nameDef] was believed to be cursed, blamed for every ill fortune that befell the village. Crops failed, livestock died, and villagers fell ill, all under [PAWN_possessive] dark shadow. [PAWN_pronoun] grew to expect rejection, developing a cold resilience to survive in a world that feared [PAWN_objective].",description,BackstoryDef/BackstoryDef.xml,def
VFEM_WhisperedFoundling165.title,whispered foundling,title,BackstoryDef/BackstoryDef.xml,def
VFEM_WhisperedFoundling165.titleShort,foundling,titleShort,BackstoryDef/BackstoryDef.xml,def
VFEM_WhisperedFoundling165.description,"[PAWN_nameDef] was discovered as an infant at the edge of the woods, wrapped in tattered cloth and left in the rain. The villagers took [PAWN_objective] in reluctantly, always murmuring of unnatural origins. [PAWN_pronoun] grew up in the shadow of suspicion, learning to remain unseen and unheard.",description,BackstoryDef/BackstoryDef.xml,def
VFEM_YoungDiplomat166.title,young diplomat,title,BackstoryDef/BackstoryDef.xml,def
VFEM_YoungDiplomat166.titleShort,diplomat,titleShort,BackstoryDef/BackstoryDef.xml,def
VFEM_YoungDiplomat166.description,"[PAWN_nameDef] surprised [PAWN_possessive] elders by brokering a truce between feuding noble families at just twelve years old. [PAWN_pronoun] used charm and logic to persuade both sides, earning respect far beyond [PAWN_possessive] years. The experience cemented [PAWN_possessive] place as a rising star in courtly politics.",description,BackstoryDef/BackstoryDef.xml,def
VFEM_ProdigiousTactician167.title,prodigious tactician,title,BackstoryDef/BackstoryDef.xml,def
VFEM_ProdigiousTactician167.titleShort,tactician,titleShort,BackstoryDef/BackstoryDef.xml,def
VFEM_ProdigiousTactician167.description,"[PAWN_nameDef] demonstrated a gift for strategy by organizing and winning a mock battle between the castle’s squires. [PAWN_pronoun] anticipated [PAWN_possessive] opponents’ moves and used the terrain to [PAWN_possessive] advantage, earning the admiration of seasoned knights. The event marked [PAWN_objective] as a promising future commander.",description,BackstoryDef/BackstoryDef.xml,def
VFEM_YoungArchitect168.title,young architect,title,BackstoryDef/BackstoryDef.xml,def
VFEM_YoungArchitect168.titleShort,architect,titleShort,BackstoryDef/BackstoryDef.xml,def
VFEM_YoungArchitect168.description,"[PAWN_nameDef] designed an innovative irrigation system for the family estate at just ten years old, greatly increasing crop yields. [PAWN_pronoun] impressed both the stewards and laborers with [PAWN_possessive] ingenuity. The success ensured [PAWN_pronoun] would be taken seriously, even at such a young age.",description,BackstoryDef/BackstoryDef.xml,def
VFEM_PrizeArcher169.title,prize archer,title,BackstoryDef/BackstoryDef.xml,def
VFEM_PrizeArcher169.titleShort,archer,titleShort,BackstoryDef/BackstoryDef.xml,def
VFEM_PrizeArcher169.description,"[PAWN_nameDef] won a prestigious archery competition at the age of thirteen, besting older and more experienced opponents. [PAWN_pronoun] was praised for [PAWN_possessive] precision and composure under pressure. The victory brought honor to [PAWN_possessive] family and set [PAWN_objective] on a path of future acclaim.",description,BackstoryDef/BackstoryDef.xml,def
VFEM_BuddingPoet170.title,budding poet,title,BackstoryDef/BackstoryDef.xml,def
VFEM_BuddingPoet170.titleShort,poet,titleShort,BackstoryDef/BackstoryDef.xml,def
VFEM_BuddingPoet170.description,"[PAWN_nameDef] composed an epic poem at a young age that spread throughout the region, earning [PAWN_pronoun] fame and admiration. Nobles and commoners alike recited [PAWN_possessive] verses, praising their vivid imagery and emotional depth. The success brought invitations to courts across the land.",description,BackstoryDef/BackstoryDef.xml,def
